hub,outbound_before_msat,outbound_after_msat
03864ef025fde8fb587d989186ce6a4a186895ee44a926bfc370e2c366597a3f8f,7061697745000,1313941119468
03cde60a6323f7122d5178255766e38114b4722ede08f7c9e0c5df9b912cc201d6,5608653882500,978530418336
033d8656219478701227199cbd6f670335c8d408a92ae88b962c49d4dc0e83e025,6991992835000,1383436991040
030c3f19d742ca294a55c00376b3b355c3c90d61c6b6b39554dbc7ac19b141c14f,3139294129750,555856199472
02a0c9089ace681ef4e6ae5310b028d9c2a09187bfbc616da6251e3d08801851b8,1297587488750,212716973294
0294ac3e099def03c12a37e30fe5364b1223fd60069869142ef96580c8439c2e0a,1524943915750,216182139087
036b53093df5a932deac828cca6d663472dbc88322b05eec1d42b26ab9b16caa1c,2282216793500,264057821823
03abf6f44c355dec0d5aa155bdbdd6e0c8fefe318eff402de65c6eb2e1be55dc3e,2849445339500,565909052833
03d607f3e69fd032524a867b288216bfab263b6eaee4e07783799a6fe69bb84fac,1709340519000,314364701493
0260fab633066ed7b1d9b9b8a0fac87e1579d1709e874d28a0d171a1f5c43bb877,3161675936750,563351433364
028d98b9969fbed53784a36617eb489a59ab6dc9b9d77fcdca9ff55307cd98e3c4,2077119369500,264205915783
03b006c37dfb8681e5db9f513386d06c9d18bd514fae5d79a7ed2d5991c7d57330,1121540369750,209935094665
037cc5f9f1da20ac0d60e83989729a204a33cc2d8e80438969fadf35c1c5f1233b,1523571163750,239049543923
02c91d6aa51aa940608b497b6beebcb1aec05be3c47704b682b3889424679ca490,2186229873750,342158919493
033e9ce4e8f0e68f7db49ffb6b9eecc10605f3f3fcb3c630545887749ab515b9c7,5278385669000,894881583990
03037dc08e9ac63b82581f79b662a4d0ceca8a8ca162b1af3551595b8f2d97b70a,1299779239250,268345731656
03bc9337c7a28bb784d67742ebedd30a93bacdf7e4ca16436ef3798000242b2251,1433429046500,352966385974
02c1321de5a127023115b90f33ae1244349269f5d18d3ea4014be697e700c07ccc,2347436741500,371652958910
034ea80f8b148c750463546bd999bf7321a0e6dfc60aaf84bd0400a2e8d376c0d5,5993146775250,837481229600
02e9046555a9665145b0dbd7f135744598418df7d61d3660659641886ef1274844,1522077398500,236750931952
02f72978d40efeffca537139ad6ac9f09970c000a2dbc0d7aa55a71327c4577a80,800426755750,136483859961
032679fec1213e5b0a23e066c019d7b991b95c6e4d28806b9ebd1362f9e32775cf,1372600386250,219303377117
03d06758583bb5154774a6eb221b1276c9e82d65bbaceca806d90e20c108f4b1c7,1765722743750,301366609919
03da1c27ca77872ac5b3e568af30673e599a47a5e4497f85c7b5da42048807b3ed,1653942125750,221145694143
03501a74753e0f6ae270a1e4e2ffbbc37f7a796360e650c1121c18e116b22ac106,1410246904500,184046165294
02ab583d430015f3b6b41730434b5fac264901b50199f0b9becc0a98a365f581a9,5501020634750,997307458627
03fce165537aea120bffe8505876b44d5119354f825b3eac329b761fc5636bf334,1370174815000,299196563950
037f990e61acee8a7697966afd29dd88f3b1f8a7b14d625c4f8742bd952003a590,2197922519000,261376000785
024a2e265cd66066b78a788ae615acdc84b5b0dec9efac36d7ac87513015eaf6ed,647837519000,67231462694
027ce055380348d7812d2ae7745701c9f93e70c1adeb2657f053f91df4f2843c71,1288749085750,212887681467
0288be11d147e1525f7f234f304b094d6627d2c70f3313d7ba3696887b261c4447,1948120057500,255200377900
02b686ccf655ece9aec77d4d80f19bb9193f7ce224ab7c8bbe72feb3cdd7187e01,2128543880250,350501276927
028a8e53d70bc0eb7b5660943582f10b7fd6c727a78ad819ba8d45d6a638432c49,1660248849750,276921847148
02530bf9cd43ebf3d32867708735b9d5c8f96af143f5f08be5bc2b7fe47a3d81c3,2283760365500,302845971004
030995c0c0217d763c2274aa6ed69a0bb85fa2f7d118f93631550f3b6219a577f5,2059270203750,284478208001
02d4b432058ec31e38f6f35d22a487b7db04c4bf70f201f601b66f7b4358242b03,1298565145000,167837478723
035f5236d7e6c6d16107c1f86e4514e6ccdd6b2c13c2abc1d7a83cd26ecb4c1d0e,5803285645750,961447477355
02dfdcca40725ca204eec5d43a9201ff13fcd057c369c058ce4f19e5c178da09f3,2334083942250,345812637218
0309bd6a02c71f288977b15ec3ac7283cfdd3d17dde65732981d5a718aa5fb0ebc,2289894948250,332460377403
021c97a90a411ff2b10dc2a8e32de2f29d2fa49d41bfbb52bd416e460db0747d0d,1925867247250,386555630833
02225597c98a40264f5244fc8e916872e1a9a6f1925a4c760ef0a8a82f4123257b,200000000000,27210512821
03d35779ff612c574b92494d74300ce467e0eb510181a6ae3eb74d8ada891d82aa,1315425161250,142105948459
0296b2db342fcf87ea94d981757fdf4d3e545bd5cef4919f58b5d38dfdd73bf5c9,211382446000,6837010867
03aa49c1e98ff4f216d886c09da9961c516aca22812c108af1b187896ded89807e,1738019214250,276703493954
03271338633d2d37b285dae4df40b413d8c6c791fbee7797bc5dc70812196d7d5c,1433001738250,251858198668
03d1e805c38257b713340049745ff5a15d9ee5d733517a1d48a956815c9482055c,1556131332500,215089687470
03120ac28af913889cbc3cb86d7aff12bc0abe939f1fa9fb1980bdff8483197092,1530170738250,205857815985
035e4ff418fc8b5554c5d9eea66396c227bd429a3251c8cbc711002ba215bfc226,4022320075500,569408513301
0311cad0edf4ac67298805cf4407d94358ca60cd44f2e360856f3b1c088bcd4782,1800668685750,250957168388
0377f626255c4b6938becd925bcc422cf2662bfa03df7008b5dfd7356db50d2bef,717163290000,98512647121
0285248c6b41934d538e8ff1d4c8448d6329a2756ffaef66e4384d7d00bc4e0e99,845527215000,83001179019
034b025cd658515f37bb125b6ef040f428b0ce678253c805358e9db60c40d9f96a,1518813080250,245388972401
027cd974e47086291bb8a5b0160a889c738f2712a703b8ea939985fd16f3aae67e,757283100750,75139983970
02d0e03736cbfc73f3c005bc3770327df0e84bd69bc8e557c279887344deb8bce2,606629268500,77761056596
02b2ae15001601b74eee8ddbd036315c5fbd415b24f88f24d5266820169dfd13de,403027215000,53557134390
02535215135eb832df0f9858ff775bd4ae0b8911c59e2828ff7d03b535b333e149,475000000000,67294809448
03cfea610d8b0e2431dda4770898a5389bdacc0f95b630420bd21bd73abb8a913a,516497467500,66631242402
03b428ba4b48b524f1fa929203ddc2f0971c2077c2b89bb5b22fd83ed82ac2f7e1,925527215000,101127372859
02b45e6448588de24daf7c773a674ecbcd3cce3bf2cf27428d1ddbf1e6ca034684,222727215000,24191509669
039f0ad37eef3e1813ebe825d2d91908914a2c3ec1b2047fda6a9fedce3a6f63dc,2009405581250,271212140051
024d2387409269f3b79e2708bb39b895c9f4b6a8322153af54eba487d4993bf60f,1733980828250,250720369287
028ca942be25308d5077811a2c2a3e18dcc25267d39ebff9081e3deb8124a45317,311809715000,27798817656
0289b70b52a04e951446674bedb571336295a2890ca0079639ebc067076277d571,351997572000,61814228733
0340796fc55aec99d8f142659cd67e19080100a98ea14e8916525789b57e054eb3,472105241750,80133022642
02112b4f5c4b81ece8f4bb93694aff2177f12ce9db95abe9e5d51a332c8d303e34,116500000000,12133908754
02df5ffe895c778e10f7742a6c5b8a0cefbe9465df58b92fadeb883752c8107c8f,721449223750,81647543134
03bb88ccc444534da7b5b64b4f7b15e1eccb18e102db0e400d4b9cfe93763aa26d,2056086452500,311342044882
02868e12f320073cad0c2959c42559fbcfd1aa326fcb943492ed7f02c9820aa399,299145245250,38544208011
03279fc82bf354280cdae4c84033f856606cbe2d431d7cafa4387329dbd5ae529f,307133922250,37710706152
03e5ea100e6b1ef3959f79627cb575606b19071235c48b3e7f9808ebcd6d12e87d,1644746880250,242508040008
03fb822818be083e0a954db85257a2911a3d55458b8c1ea4124b157e865a836d12,1996002260500,404384736502
03eefcc2c803a4aad64d92a5633d8c6f75d6b72827d099d9cb31a82a0615dcc767,441478137500,44541085548
02816caed43171d3c9854e3b0ab2cf0c42be086ff1bd4005acc2a5f7db70d83774,1794325862000,283977102038
0296b46141cd8baf13f3eff9bb217c5f62ce0a871886559d661af0ef422c042d4b,1972639105750,260378570739
03baa70886d9200af0ffbd3f9e18d96008331c858456b16e3a9b41e735c6208fef,1828086094000,263921716526
02fb22354383c240f9a04b194d610186cdec1045d961cb7989f254cb7c96498ab5,489814556250,53020487625
026d74f689f81a7d0afb3a87a529af8940cf25b6c3ddd81f7a809edfc30c2cb59c,636384243000,65239274610
02bb5b3f1157388dbca0f5dc675e7dd73ed8b3052a2beff293ccff20702f660b7d,591575252500,51826481787
0202e7727ee46d943a44c7bf0dce14220a839630dee67d03446bf935178b55a0df,1383007649250,223319346523
035360b3bf6a997ed1bb943ccca2b7ef969b1e25a1ee1322d3c8acca7e34468edd,186024031500,9065833223
0378d8b9a46189371ece70870b39e8a80f80f952c967289d7234b99b176577a212,215050000000,20540181587
02769a851d7d11eaeaef899b2ed8c34fd387828fa13f6fe27928de2b9fa75a0cd8,110000000000,8370141398
0325bb9bda523a85dc834b190289b7e25e8d92615ab2f2abffbe97983f0bb12ffb,1336088162250,150129976588
03dc686001f9b1ff700dfb8917df70268e1919433a535e1fb0767c19223509ab57,278732921500,41384427092
03673a51181ab41737b0bcf191ea65cc5a925e42b07449ef915a3ea99323a46adb,554083976250,84871263151
0256bf97644dd1d839aadd76e2351c1b6bb8173bb9f5ea4affb07075f880e52302,888051547000,141121857354
0230a5bca558e6741460c13dd34e636da28e52afd91cf93db87ed1b0392a7466eb,1292173471750,179367798710
0390b5d4492dc2f5318e5233ab2cebf6d48914881a33ef6a9c6bcdbb433ad986d0,2138011644750,331285270533
02459b759a62bc3ebfe98a320da237944cc4f35456384bd8fdefa7d0340c75f46f,190799270750,22249151703
03dab87ff8635982815c4567eb58af48f9944d11c56beb12b91e1049aaea06e187,1979455554500,276126483520
0251fff168b58b74e9b476af5a515b91fe0540a3681bc97fbb65379a807aea5f66,381825663500,38958455001
03b23046078ca0ea286980a53fc90ee9016553e8109a9bc00f311a6c682184b881,411868860000,63882953323
021e7ea08e31a576b4fd242761d701452a8ac98113eac3074c153db85d2dcc7d27,284800000000,39209134966
031ce29116eab7edd66148f5169f1fb658fad62bdc5091221ab895fe5d36db00b2,1977894451250,314202692668
035352d5960c7f86263e079f29707144088709332e781246b306370ca7e0a64183,1181891515500,176407507763
0395a7b27c7597efab6af5806081e6f4d9e65003b100b6d6ace892bcfdbcb5e741,710619284500,85858186172
03c2b5e97173e2ff7baea106a34a165e0213b6c5148441ea97785b35a78a506299,228211933250,27341038459
035b1ff29e8db1ba8f2a4f4f95db239b54069cb949b8cde329418e2a83da4f1b30,990570671500,167550610457
022c260f9ad58196af280c80a96ec9eabf6404df59ff1a7553b0f381c875a29ba0,1788214714000,225715424367
0363d0f07cfe19306660249381b60a6ee765ca2fd47b3e4b502c820c2be63918a0,418414556250,44486608137
03a6daac0ca23f681f86f7a3dba5674ae5eaa5c171571ab1ece5bf10c0ad7b4c4e,856505204500,110107405113
03ecef675be448b615e6176424070673ef8284e0fd19d8be062a6cb5b130a0a0d1,62655746000,12580175981
039edc94987c8f3adc28dab455efc00dea876089a120f573bd0b03c40d9d3fb1e1,1513400306500,236440279056
03d37fca0656558de4fd86bbe490a38d84a46228e7ec1361801f54f9437a18d618,1728468295000,242840197241
03ac80cae732282e57f23c8c5dc5ae5dd86a77dcb378213c36cecfd28a2aa04339,981878833750,94858008712
037659a0ac8eb3b8d0a720114efc861d3a940382dcfa1403746b4f8f6b2e8810ba,1606808450000,256868693593
025f1456582e70c4c06b61d5c8ed3ce229e6d0db538be337a2dc6d163b0ebc05a5,1218470232500,185257412917
03c25e4b46df0f2a9e97d39ffe977c31ffa503c6ec7eb2b5b87ed630e15dfdbc0a,101739247000,3884837431
02150e753d33ecf6d2de4173cc1ce941d9bf8900de7f4407ac3df5e078df91dcce,292390925000,47466875838
03a9ac776da7955200d3e1fc7c848c93241ad4b87673ce8506bec0d1b298179d98,109844673500,5950043590
026165850492521f4ac8abd9bd8088123446d126f648ca35e60f88177dc149ceb2,1504963610750,236147934811
02234cf94dd9a4b76cb4767bf3da03b046c299307063b17c9c2e1886829df6a23a,712000000000,61136472784
02a4002deca0ad6781b1c55ea5c692faae768fef44e1997c5723cb5393a98709ae,623114442500,83209082138
033878501f9a4ce97dba9a6bba4e540eca46cb129a322eb98ea1749ed18ab67735,1013165232250,130600586966
022755c3ff4e5a1d71f573cda4b315887fc00a9e5c9ea9a847d939f3e517e69a70,2052815899250,258231413245
02fb79c3a9121d85b126687bd111eaebf21aaaaa5cbf232e2b6c3bdf8803f40182,166421877750,18569177478
02b0172bb38617fa3afdb69664468b492d5a21062a4fa8b47284b0cc320e6e7420,729597779750,104532243011
020a3dce2dab038955eb435a8342e4fe897304015314485d3738d5f41eccb47859,604950000000,92215719229
02d22dd92ceefe7a23fdd59f62278813aef9276f1a3c2e82a7e0329b0f732e9e06,98414635500,15142469087
0333175e2ddb8ae3fab14125c312cf62b9da6dc54fc922edd1aa11e4e059496594,377408614500,51820016827
03ecb39d80deaf6a934bac97ba514ef9709560e765c6408fef3ae8f9bc2c9f5854,130462235500,17795249989
0367e072b7b6e40e5df3fbf8701bf1bc7efce021a5702dac7d0a9be7bb59f1f01c,226227387000,30564338144
022e370ba562abb4fb3cf02863a0b87df3ea8695b0d741ee702940fe64e149ccc7,265150233500,41996427196
02eb22c17b10512b1fc38a90156292d4813209ef2b3d7ae7a260029f1eb742de96,205510601000,14586490404
0242a4ae0c5bef18048fbecf995094b74bfb0f7391418d71ed394784373f41e4f3,2178738194250,359282060532
02a04446caa81636d60d63b066f2814cbd3a6b5c258e3172cbdded7a16e2cfff4c,1908981448750,205633564787
0284a249ee165723f01ae08dc340f9f60bcbce8dda2140401f1bd7548ef11dd5e6,428456970000,43970640202
031678745383bd273b4c3dbefc8ffbf4847d85c2f62d3407c0c980430b3257c403,395736574250,57017838167
03c2abfa93eacec04721c019644584424aab2ba4dff3ac9bdab4e9c97007491dda,898546461500,137666679795
0303a518845db99994783f606e6629e705cfaf072e5ce9a4d8bf9e249de4fbd019,2412506911500,354294913200
02fcce875f251cf2d873caad093776a40743e3a412dcb60648b45d872413a691bc,133577215000,12501526689
032d5a4b5a6a344ca15f6284e3e149f4716a1af782ffbb0194e0dadc077051acf0,253273508250,26802437557
022eae8c2a9a8b02dec48e793dbd95ba322cbcfc84ddab573c1a85512bfc4ad7a7,375741427000,54354795714
02651fa5f3f6676c6f13d88b3ffd3101421cd3bd1773d4af92242c46f0f902ef39,285521804000,37854683013
026c1b6c244337dda45ef965358e721019374bbbf17a59bad9e5b9ddce6d1b74e2,459675000000,53644378311
0391b71b1e30cce2f0e25dbe4ce848c19e159d1677a8368d1eb3e50a34d14f74f4,75549881250,8876958826
03ec512342aeee370b53d9fd12dbd5283dcd670d248018b3a1cf537313e76e6a2d,956553487750,134570820521
02247d9db0dfafea745ef8c9e161eb322f73ac3f8858d8730b6fd97254747ce76b,1974953615000,222312628874
037b3340c93ec145c4cc960762e0f22902e9412484ead2fce9ce275f6e8409b212,586634159250,78828970001
02ac10d3b0a3da8434898323f75b97281e157fd858c2fb761d1994941aac515d1c,368547024750,48010904862
02de11c748f5b25cfd2ce801176d3926bfde4de23b1ff43e692a5b76cf06805e4a,1927402408250,218131528111
03c9b47af55d8c13dc4c764e5d0e6a02b7498160f7533f015bf0c107dec00c008b,831309531500,110826153518
02dd4a9cf224e290851f6af83072e2496479bdf4b65e1733e92e24d42a0ba89a75,163777215000,9770661289
03c445275ee7d79ee5778ca2ac81b7c4d84aed7ee04629e8d8f35434b3c21e2da8,175805456000,22925943775
0290b992ad57328eccde9d51056ceae671de6f73cce6925972b2d11d2572ee3c5b,728202215000,113306210756
03d32e5618df518e911e2c0bf4686e9d236ae9ab0afd442f0a5de28b74d64338b3,214083542500,21841605513
038f8f113c580048d847d6949371726653e02b928196bad310e3eda39ff61723f6,125198226000,17229284400
026ec3e3438308519a75ca4496822a6c1e229174fbcaadeeb174704c377112c331,309475768000,39429149372
03a503d8e30f2ff407096d235b5db63b4fcf3f89a653acb6f43d3fc492a7674019,746819301750,79893328486
02644f80b5d32ed9a9888690571159692a17d7ead7db2df5124a8e2a72a8447d30,667961358000,63721811386
02bb24da3d0fb0793f4918c7599f973cc402f0912ec3fb530470f1fc08bdd6ecb5,2276359414000,263845201473
02eddc0695cadb93d5738624d152a3a28889392e8a0dfe77e1cdfc19db3aec1f29,208779130000,21307627544
029da80a069c1e6e854e127c022d4d6a725b3a8a5e7feb297e9ae1f336a2b74a8e,82320142000,9244796660
02a30a322b271579e0875fc77eb265a82bef0d82589b87560d2bbc41b05804b759,225927478250,22381073259
025d28dc4c4f5ce4194c31c3109129cd741fafc1ff2f6ea53f97de2f58877b2295,173995660500,26160826762
0395033b252c6f40e3756984162d68174e2bd8060a129c0d3462a9370471c6d28f,457518887250,68081109075
031015a7839468a3c266d662d5bb21ea4cea24226936e2864a7ca4f2c3939836e0,1541484816500,220642145886
0393a0f0312439b82d43ceb35af6f7a2a2d5a5aa71e461f66b418a77532db51c00,682013290750,78274906963
033fc997c1622281b143fce0cce0711f18fdc8129684840b835d6a4c5ef9d49ddf,332934395500,42915064583
03d28ac32e13a26bc2bc4c2e24adde07d8db2c27557de8047767e41537304bc64d,492668649000,49005717771
0298f6074a454a1f5345cb2a7c6f9fce206cd0bf675d177cdbf0ca7508dd28852f,2642848529500,435065401675
02e910316bb813e5401f6befd3d078d32ef39ce017265fc3f7ec1dc7f638d44439,238225103500,29939322725
02bb10aaa77a95a358cebb2d112c4de00e47c08f56e89b1acb4487ddd44cc98d6d,542506416250,69729887405
0399d0b447f378db24fe5f4ecc7afb65bc074596a0fc8cf299d5cb8319ad299f8d,591954230000,66209605861
0302536817c335e45bcd0b10b78fd06bc246609405d98eb64672410dce04f49e5f,204068302250,34207294546
0334024afcf34dfa3c88e3210290b9039e3f815188a53361dc300eb3d870253889,235928963250,34709502382
0372642964437b607ab64eb12de9b31b6e015a5b49c51b9bf73233090848870ca8,136327215000,15095285247
029546959ef2ad14bdac0b306cce46620266210a3c8701d83323bda6c5c1cc7ded,452029768750,60093692901
02439112f98b6f4828e1a7426bfbece166bd36837d7dea4225a75ebd1d96864a07,319007170500,45650802907
023ffea7f9a3c3ae9c36963618c07fc3f8e0e794e685c53e63b4430a4fe2a305cb,300672435500,27898231082
024a8228d764091fce2ed67e1a7404f83e38ea3c7cb42030a2789e73cf3b341365,647310273500,86295420326
02507f684e3e97ba49ed713fadeb97c22ab1ff666ebfc36066a14a04d8b30bb9fb,149978645000,17684556607
033e7e466c56c51f53723fb966674db881b5aae8907e22170d630fb1b149f55ee3,327679430000,51231383712
027e70d8859e090ed975b11cfa02109221482954a254dff185e4142188eb66518b,142731187000,12087354910
0387be05e3549387cc3bc546def54d4fe1630358528316826c301853a67355fa14,362963860000,34485799931
024d2c2b40687a4d4467314671efb2eb43ba105ae469426a1da3875cbeb71c0acf,338494484500,50116536205
0204b635c21133e188ff22b1ec6eab17e76d341ce4c631722c710547258b2e6f1e,292132008000,38740477807
0337694505123a12a8fadd95523dcc235898ad3b80a06e4a63ca26fed68dd0d17c,752567171250,120329727987
030f2c70ce2e9a0aa20457f0e26be4f768f5e0e5b12ae81e5814145f52ecc6d1ec,585898727500,71758988856
03797f6e11559f4b2f664c870eb6162883cd273bb77c41359f5bbedf59c54b6947,315542442000,41621535826
02fe80fb6a2dc0fb6e9bec49c76d048889c91355d4e900fcb026bf095665790325,109925786000,15512672000
0369a6185476b5d0372f526bc99d7614ff83fc0bfb11821b6e3c978ee64bcc865c,301626574500,40028178613
03ce0d665b403fa06f9390c72f7a1b212096da7e0f491106bbebf5f34773264a6a,490299578250,63210071521
02bb5e47ee26aca1654ce092d9d06eac15d953210c737f2220e2d7e54c4f108677,261975129000,31981886329
02e0af3c70bf42343316513e54683b10c01d906c04a05dfcd9479b90d7beed9129,336427864250,47299697396
033b63e4a9931dc151037acbce12f4f8968c86f5655cf102bbfa85a26bd4adc6d9,656148934000,99475316321
03ee180e8ee07f1f9c9987d98b5d5decf6bad7d058bdd8be3ad97c8e0dd2cdc7ba,234563577000,23420838818
03f2f3b5ac54d7b4fbecc0978888b66fe318af6595b6344ba7a2368e61075ffc98,668555600000,97674262406
02331d1f135caec169e2dbf6456acb8233075346e66a1f0e35896d50ea6e09ba71,164421144000,19240570188
02aace31b8120e29cfc29d991b63fe8614cddd3fbf6148431cc3a68932c363ed29,147497875500,18986639260
0323f3d268a7664152c0732d5d1faf2c80dc8d8529895378344d1c395e9ec407e1,140224879000,14585926893
02e74c09ca720c891221164424651f62176a4737a4b2fd4f75a5befee127e90b9e,87158443000,10339108690
02443f0492883486d37a84988736817dedf873f77ccef585fb1c774f716260e358,96770000000,8805917636
0255d866898e58b63735586f66faf07731b3dcfd079122e0f31bcfc373f543c355,55288347750,3693192700
02cd8f6cd8ae9db8715f8c44dde211b6175424af48da8342286bfccda4d1937141,524339433750,60255980590
03a067159347c79706d9f8c856b471d12df193d47c07115b6001a4ff9a6aa84b99,55006412000,7052076581
03cd502dee15bb9859a6d9c56a5608c1f76894736ec4cfec906eb025b7623293dc,356007680250,47565145721
039c45c288cc3aad70cf884220f6ba3890cb9a8bd26974f651f797d79f5334ccb0,198676205000,19603784002
03910da61c1b42e135f134ed92a537c758d1edac5436efbec5ee8cec1928e1a095,275227690000,34329406354
0280107c4f5a5aaed2eebc2a72db52a263b791e4fc807bd2b50359d8ce2efcee3f,241294781500,24358036394
03bec3989098df0675033530169ef105b1bd3be8fd989cb7955cb4b59616ab3530,575999531000,49491102141
02c5f1d24302aa9e7a01cbc5bb286e316baad64bc88aa4fe278a8886d4523d3f81,56527215000,8810078435
033533e2db6311c1d417d41279c067d8713ad8a7d577a0d91e65df2f6a82c5b862,87961441000,11430433791
03e94e144ad749a1cb11972212267fac12c0abfe0ca5a33985dcece556e62a1443,461819041750,56277148238
0229ba89bd21cad840ba50ea2bdc86d9e709318965d42bb7ef7609c191be7b8fd8,170047715000,17351574496
0354e7f1ad34a37899e71026accb3f9f5264f23ef47153c5b3803ab4ce54cd2bc9,271533591000,22115598095
03262093ea8a32eccfa990730042e2de157a3a2dec9dc94f08c3af574edd0ee648,190250000000,25262048411
026aada144b8fc72fa1371e56cf6f5addd4338ea40618bcc8835b861d6543bee24,97870982000,14779151021
02bca5e545b5e6f868dd887653c16d57e8e177d433fe455e41db5b87d1bba7f317,42500000000,4281895565
03f1db913dccc3330664723def2a84295d8a067d5ad0605bed68023f990ff40325,240591024000,30226632692
024bfaf0cabe7f874fd33ebf7c6f4e5385971fc504ef3f492432e9e3ec77e1b5cf,63599290000,18294594820
024d07b3408c35e03983f6a6c02d3e70c14f5a00ebc49c395342aee6e64d02fe41,380379209250,42557125190
02309f3556d51e9d855594762dcf68cb283fbfd7e48618b6cecb8cd90e2e34d8ad,170859140750,21016918079
026209a739dbf4ab8c73db56773a61247e92fecc53ec5c8f7ae41f6d11fec64a04,201063863000,24624609452
035f209faaea75427949e3e6c1fc9edafbf751f08706506bb873fdc93ffc2d4e2c,48078761250,4457186928
0382b31dcff337311bf919411c5073c9c9a129890993f94f4a16eaaeffd91c7788,514074793500,71480383135
038bdb5538a4e415c42f8fb09750729752c1a1800d321f4bb056a9f582569fbf8e,81582607750,9507876376
0312d61bdeeaf335423453dfb45bb9f091f8fa1459b7e99c21d43d47e5fe714fae,175216299250,21901652406
03931f3675b173c7388492305c11c044c165ceac17e5c54ba417a78cbf18c93312,505361274250,65266831466
03b3007e8230bbb7542bd697846b26736dc8f9c117f3a8e895247354c773fd66b8,376997748000,49451754268
032ebdae3314f072acd70e66e18572e6ba27f96918009369585e7cdcf36af3cf9e,111194788000,13706200933
03d2e20bc19d995098ba357157a9cfbfbfdff4b78fce5ec713128e988e0115d776,390858462500,63795383994
029c5fd64570f2d40dfc2f683865c81e93269dc032416142de5e2e2461359ae34d,546057889750,86279410472
03f80288f858251aed6f70142fab79dede5427a0ff4b618707bd0a616527a8cec7,970352015000,132482993710
02c197ffa4c2aa4105dd4c4b7279ba1b9061b22910ebbfa759b0001bed9ee48a16,189590125750,18912140559
0311edbceea21b34be1c33df0fcebeaebc4061ba4212146ac46134c487a44d4450,308593348250,47490636423
022c699df736064b51a33017abfc4d577d133f7124ac117d3d9f9633b6297a3b6a,297560071500,43801367033
02d0174302d68aeafc3d7bbf53db02cac059581a675af288edde5818347365dea0,51987723000,3155334472
02af8028235f66eb55b25eeaa3f6386f019fa4fd81e819b922a7aafe7f1bde34ad,11470000000,1432300379
032a54b1e9cd2ff8ec5f58915a749cf074e957006e8b4da9c8497fed4b6c6f88dc,490982768000,64882359583
0201443a430b135e5f159afb447d9254c7b373c9fd43f69f9468c9162ab481f510,293877215000,33554344045
038775102258944fbad46ce629d453317ddf62dfd391e623e0db3efff0fb006762,100622064000,11450096399
021a7fdb703858939c5ba14680a74a21bcb585c237280256c0fb9109ae6bbc9454,278411075000,28723363529
033868c219bdb51a33560d854d500fe7d3898a1ad9e05dd89d0007e11313588500,487667422500,58010302561
0259819df53a233993e993a872d82d7e3fc64376f3fe7d0f2831963b01f6dca075,99306359250,14719454984
0263967f25220f4dee1d7f386b177fe2c7f4209fb6735529b41841096c055945f8,235410126250,26966066213
03295d2e292565743a40bd44da227a820f8730877bc3dfadebade8785bcf355258,208389721500,29254685699
023e09c43b215bd3dbf483bcb409da3322ea5ea3b046f74698b89ee9ea785dd30a,221544721000,26673892651
0245f703677f3c4066ee684caa3cbec90aef082542009f000186f1e455017169cc,363650814000,52008540618
02a45def9ae014fdd2603dd7033d157faa3a55a72b06a63ae22ef46d9fafdc6e8d,214643916250,34370813577
034a7b1ac1239ff2ac8438ce0a7ade1048514b77d4322f514e96918e6c13944861,334115299000,42310337549
020a1df50b701331a29782093210460b10eee0ac5ef6a01b9c51dff9b8fddf5fb0,596959381750,76100955237
025b5150c66f3ea41367829f6e4639c772fe4c7939b71933802233493e6e972a8e,120750000000,10150234606
0371c434f14a3c977fbe3d5ebc37fec1af3546efa778aa76c782a528f5ac939b44,1050865521750,132820321774
034a879c36f418cb5b44b6903b3c6c1cfb5f4beb1e79b9b479c040b7df9cbc56be,841846395500,121589404597
0387cc9d4114aa5a4c9721c1837cdc133668a05a15dce5e3e99171b35dd65f7443,394377215000,38730420539
03120e72271aae5504c052011ec9bf28217534448406582f9f154f67a637c4e145,163585215000,25469084748
02d1c3900bd7833f2e459b5f6ddfcb2143e9bc6613d10aa0473b54b8ecc68655cd,381541863250,62647679653
039c1a98666ad4cf4ee5e7441a220a12a838dc8d5787ecfed29824280b7ccc7852,41943037500,7103531741
03ac61c971d146787a036f75e80a9fbede238a75d0c396f1fe996def00f0ac5dbe,709023583000,74051527296
03d6b14390cd178d670aa2d57c93d9519feaae7d1e34264d8bbb7932d47b75a50d,253625919750,34132192030
036e157ff9118ca032480f4f873ece4ad9c5d0aba2079a3215809b137a6e24368a,68406495000,7536483395
03fd105d7df6595d5a36f016b8ff9ca74e5474e29593c4bba85f4d7ad4663bc5ee,242278390500,26480804822
03d67293bea1d531353a5026d752783628ef15f285fb00207b4eb72185674e9ec5,169584530000,20799617865
02916283815d94c98328622b82c99014d9539da62748be25a8b642d8204e06aa87,50000000000,5564681211
03bc1b2acab7b9884fd5ca515084252c7b1898c1f1a4da098afefcbccd4d74f5de,176578294500,19783921418
02cffd722f871b8f064130d2879027c9b169a95ab6ccedbaea4ade7b5d0678ff67,44500000000,4012979877
02fc845f19505d6207d0f426ce40cd3a43dc319af2f32674465f1f428821f5b6d5,133438131000,19094457214
031c7ecff228dfe6054307ee49c8616998af5f8d4436f13c07d211aeb6c0ec87f7,1349131580500,194922751322
037c280bcf030eceafce2d27beca4fee45dcd150ec31ef32df27e6b3a804c02641,316350184000,40900202672
02c73c8ac3f37bb28d9fc3819dc17baecdf24b137d476a2a9e22395d490d842bec,383602196000,46557483451
03fafcd7745aa24e662ca22de88b1d208865dd46496cbbdc9115594a2d5c2c3b7c,81173034500,13443110907
03fbe1c1baedbc99b2642ae524d9c2a6f12b771a3ab91e0f56ca6efc6f7f7d53b6,251098058250,30447302125
02b8c29e92f4842d06c5f6a5e8c53be29f5a6cf4bfd3c4d57d12aae3b0f2d9e10c,46731929500,5525604091
03c72f89b660de43fc5c77ef879cbf7846601af88befb80e436242909b14fd0495,131734811000,24175188271
0280d41c21ba12e6f9096618e60f622bcbcdbd7426164f98b1db23e0018e8ed518,117247087000,12622104530
0380003e5f9c71f14aed84bfbda9549ce04b57a813de9f9471c05b94d561c26539,437030119000,56398628152
03d67f36c4f81789e2fe425028bacc96b199813eae426c517f589a45f1136c1fe5,82919062500,9784713986
02f6155b106a9f92a13738833ec7e25da58fab1fdef3ac085571c3984bb277d547,332779188750,41403997644
020c92d71dfe47d49d322eed910064787973dff96c05a39d75a75d7e8f33aead4c,223315420250,22384022315
03691d4dc8789455bf9241b9f808aaca92099851b1db92f4031e2ae997f3eea711,152417939000,21360462645
0390c0de9543bbadd2ebb2d4ccadfb4bc61b1af54cfaa122aa688f16375948643c,60707500000,6465982499
0234227bdcd0361622f39447f961618480e7347ab1cfe6e74f561b976135343b31,78999864500,7881852249
0331f80652fb840239df8dc99205792bba2e559a05469915804c08420230e23c7c,622992114750,84579952334
039f6f74de35652c3d804cd873f14cc858e26beb3fda9d14363bae40d94bc72fde,202929390250,24693572981
03205b045b0126c0d3fb826a38b9befc4babf51689544908c704d8e51fdec75ffb,116889515750,13485764789
02254f26976d6487f7664aa941e006642ac3f3974d20c19f4117069e5803418dbe,127055828250,16634919024
03746b93e0b94463624bb28eafa38f3d71b4c80df61a0f10c6340b54f56675487c,408624845000,42484102270
02e01367e1d7818a7e9a0e8a52badd5c32615e07568dbe0497b6a47f9bef89d6af,179332377250,16779603221
0231eccc6510eb2e1c97c8a190d6ea096784aa7c358355442055aac8b20654f932,335008557250,47667314263
03129a9fd8bcf98e37fcdf50954c0ab0e948f6db689fc802c7c29916f6aabd6d92,141143254250,17746657940
03b323009613777edc4e8024c6726758396bc026da99545971164a6baad31dfc69,543925240500,70494890824
02fc7f60800bbb54db9d0ec22c32b4dd2565d6feb8c618dbf904b7e0a293aed0f6,142164577000,13291609344
02a33adc9cfe5c03effc4986768580fd85dd01affe0dec8145c87dbb86e9fb75ac,64775000000,6926817677
0257e131c79521a5df2fa2e419fbd291e256cc1730e47922b8d0f2aa49a13dfd83,124952215000,10463585409
02e9a5bc151bed9314f10d02772413cc3e96168cb4320f992bfa483865133dc28d,144350917250,20824767752
033f6152ad78709985dc9bf7fbbddf2ea0255dd60c97205bb1dcec2db4185baa1a,222555019000,34383178285
0341070fbdd7603c26b3bdf2a4e770b7cf2865a424222a84b02f6196e9c1b4e5da,464754799500,38439624280
03b2312fa65b43b9ebc6d824af6ac0ad2cee7a490fd3a79af25f7a77bdd6f25c42,139528710250,17572895898
0363749dbdb99321177082935bf7c36978fc46c725c5c452d48d721ab31e7682c2,63050000000,4977534271
02f3069a342ae2883a6f29e275f06f28a56a6ea2e2d96f5888a3266444dcf542b6,557541365250,75880946939
02ad6fb8d693dc1e4569bcedefadf5f72a931ae027dc0f0c544b34c1c6f3b9a02b,924565202000,144918819164
02b37a7de2b3a6b4b04485a2a6eba03feff0d5d34813a0401d09fbcbfedfbb1a1f,498742775500,44475231981
03ef1f35c48695828f614ac685fd5eead1005641cac453ed31052b0ef6cb959a60,613073615000,72260170242
0277e9adedb07d04c9caae4884026d3dbda75dfb78bc10fae06c02ae8702fe1ce6,207405000000,25795501002
0368772378b5f7b6acb1ad6306e974adc5434ce017c2c288ce54e5014e98de1104,109354109000,12788621161
03952f8756c036669440e06c782c7f21732886ccf04052e0e6e792f8f5a490f6aa,50249096000,5234054548
03beddc8adbf7d56a7da15cdaf95d97b24d07088c3571b421c0e6f9d551a210342,114801070250,13774014750
03949914687fadf3bca1abe088db2b9a5bc105194a36f230f7e54e90e88d2dc0ec,152023889750,24078468566
021607cfce19a4c5e7e6e738663dfafbbbac262e4ff76c2c9b30dbeefc35c00643,666517065750,91823237941
029fddb63e67dd01be9712a58616c2b1c3606b52d1c2ba3a6521caf77b81c5b510,60000000000,7929890417
0340cfadaa3324e0dd176a9969be050114278f93260e1b6333bd2a2a2ea03c64a3,473557790250,69792369988
0354a1c991887f55fabfd61c7a0827f9d9d8c90821a6a6d890af5f42c612c8bc22,275622930000,22725621163
038fed639d43b40621da90b309c40cc376e6d9623586d7002c362064ac73d70a8b,79351016000,12567228172
0294964672c89271fd993dcb79cb5c6ca0b91a4f99ec0adc15ccf5371be05a8918,114039852000,15614874188
03f3297397c8f5f685a562847611e20d15f56d6aaabc4d808a6e04e631dea6e612,955396762750,134208765057
02b707dafcc7fbabe110a66040294eede89de6452175d238e0a2a34abdf9eaaec5,172845882000,13565464509
03702de12cff7541bbe8ef1486dd5ac6ad207dc1caaeda3a2e0f047d742034dd82,76087500000,9441955944
02875ac2c27835990ef62e5755c34264b2c39f51a41525adc5e52a7f94b3a19f8b,502957219250,41860158022
0226516cde5cd8076a3c3534fcf6c5f48d921f764a699c7f18d76348ee76b8520c,197122201000,22956778288
02e5efb6890a67dce9ddf73585bc0a0afb9ba00361f32dd090def4d0337d1049de,129934298750,19547418501
03e691f81f08c56fa876cc4ef5c9e8b727bd682cf35605be25d48607a802526053,744464328000,110508405473
03f10c03894188447dbf0a88691387972d93416cc6f2f6e0c0d3505b38f6db8eb5,255054430000,21185097793
0286e50ebeaafdf7dc321f6c8cb7e964e236b03ed67494b6337215c5c3c42252f2,87673652000,15482467228
024f8c0d5a49fedffd249ea1ce5050b500bd2d86286f5ee0acc0e9e2ed62aa6a67,216925298500,29046599160
03a465772d45616bf6c8450a69191db8f3cf8cca19ff92138735fd5f1d436fe4dc,78429770000,9168598652
03bce1b91fce34ed76c35d599688b620cd0043b04416a9bb6cb7871bfbf4560591,189802215000,19532421181
03a5886df676f3b3216a4520156157b8d653e262b520281d8d325c24fd8b456b9c,183642684500,23701329461
0261239197442bda65c9933359bbcba72e89f3e77ca87edd7be2e4bf7ba9218117,202550000000,16097203849
0240a6568e807179a2b61e27291af01310648ce541992b2dc137ce454941fb351d,40796184250,3366741487
0367094b41d64de5c1bc7848ab21d8b658bbd5267dd4831485aaa97fde911d4034,51730904000,7726587060
0253064653c3c2b52ea76201a24771580ac562902fb603b7b077c347a2420d7190,181535662000,13345641715
0277bd2282883346eba1568657ca3840f0b78f354fdf5382381aedb83787ade698,96780817500,13574790942
034cfb8dcb453372e8f13915cc770bcd7bb0f0809dd1b47c0c3b43b969ff9ff3b7,93211218750,10367351899
03649c72a4816f0cd546f84aafbd657e92a30ab474de7ab795e8b5650a427611f7,184190237750,24234755282
0239e4dc85543cd84b712850072dc5e1bf0190c44b64dbe822581013f849a794a4,122992498000,18890516924
03e9c99fddf5aaa60e22c166622206947b1fb14ae2926f550f837af6aa83556bb8,97725000000,15876473064
032cc4541b25e86e39a7d450a979c1a9adbe2878df3a93fcb59c96c700bfe26aa3,547769263500,73045711398
03e62466ce3e4ef8875b5c365c3db7feeb5323319f44f8c62dad8ad339c11b0425,258203017250,25184457058
02b1b09e4dcc79087591d7f3e6416ad67a26d6d7991980cd27b71eb6cd3aca35fb,35775000000,3383196908
02ba9508eb244215a6469bebc7c941f47d5fbd6e9b3d412c1bdb381150ce115fd0,248551450000,28003678972
02bac4f138077809ec935f4fdcb3df928c7e24c9eed697c7f6627e3e578da31e9f,49625000000,8938943781
03c91650dafc58f35cb862c3e5b67d281b42b2b0f2c36251c017c9aae0821c841b,327523744000,23834760817
022926ac1f1f472e669b1802488f5acfa75adf2020cec28e199e4c61f6485e8b41,189147692000,23192010090
0263a72626fb9f3081bcf30a0a22b07f7c86219ec20e0b1fb6283e146d3df2d85a,94554430000,10481867451
023d49fd88692d4d1f366ee8ffa9dfe979c2266b036b440928e86cf3abe28d1894,443882500000,38140299111
02529db69fd2ebd3126fb66fafa234fc3544477a23d509fe93ed229bb0e92e4fb8,382177533500,51762380455
02c29b89b2121b2c1fa2e5422bc70e0bb7ae7326c7a9d2b796ed6b89cdc5a2871b,441788140750,63293359627
02f765f7dc76002a49990ae9cea7d493c13685b071d5743445f79ec8b5dc52329e,64744020250,6137894349
03b90e1857a80833c67b9a3d758cfa795ac3085cb27f587ea0613c200455fcb297,41627215000,6053761140
02bd2ed32599f0a52ce507ee18366623e51c639f7f5729e9b9029799cd6d8bb8cd,299662500000,33059575984
02a619f265cde5eb77f3cb4e3158a8340a7ce4184a39c42e3a32893f53e2e3f82b,353873148500,46632868324
030b147e17219fc19b2fc4e94e04d67eecc0b562c7096655d0560fd05cc9fb91d1,64685763500,9393321003
0305f5f4013f6c6eeb097bd8607204ec1f31577a05fae35f0d857c54d3b52e4e45,501933915000,60329766437
02b4a5955af2d3b0eeed574b8e3313a9f4b671e1b555926ff62181bb9d512ac2e1,152195346250,16544013383
022429ea8cb87c8c5da274e9e13022fd584863a980af574baad6d1b370a0c3e6df,155866930000,19364368760
02572c2e1b43a78bb060e7d322b033443efc0d8d60fc2b111dd8bb999aa940d1f5,726415750750,100033684631
028a2cb8d51e44d7d7e108c2e80a98cc069145e05a6d2025cf554bd8866fe32993,90916709500,12863001787
03b5eb2bcfd95c68b02b96adb9ff2cd83f321ea4c630c37bc272bc61aff4eeb5eb,85368575000,7082580630
03c1a8ccc5c83b37059a3efbb72e633c0897172f2550475b93bdc14b5ca243a0d1,1038925477500,150507292333
03ccbbe14ce16b6abe27226c9f110f7025db398be63a9d3734087f7c8062942d15,59027265000,7039198227
03dd51b8f575484950cf2c6b6bf4bc94641639da779370563e63b4885e6cbd2743,35210047250,4219567603
021b062d68e6b63734a559a40bf08997e6a9ba8df07e5b2bd198f7b344e8264742,109437500000,15907427546
03d6af71d489c5ea37237317d066b2ac7d1fb14b7f23564d6438db904662447e25,155165343000,16057611180
0248ad67c43b8c3cddb939d438cf7455ce5301c83f39c185eadc58a59799875a44,217591350000,27501759721
03458488e1b981163acc6f07cc15ce94478ff0a8b773097cf1526abe9bda4d78fc,82215927500,7788480423
0226137e02a1f9000cbf1ca2051a13a69a4aee210781e5cbfe7137605037de16d5,113445430250,12452781509
0286c92ff39c29e70b278dee7c5a193d9736c93ce2b424bf14fee5de23d0529456,11981599250,1197554403
038bcc6471941c7d6c14a8ce5b7159d8f73a3a0bb9a93e8896bcb892e14552658a,493233475250,63100858104
0391563643a3e5121e142ddf5c9a374c02f171d14dacc8acc9751fe88766206f50,44525000000,5973654074
029deb431c53ef237d6f2b896ef480bbfead34c35628d46f886bd55cecb9eb3341,194828400000,21894800182
030751b547f0e59c40086bd6a2b5efbaaccfa850aa5af5118253070ee123787193,158785000000,20947242031
03a01da97af71f7859cd1b2b6a70f221ecd49f6eabf0bf1e267bae9570b47232a6,78096963000,12808199458
03005b000a0ed2b172e7608b062bfe2be18df54769a246941b2cebb5ff2658bb83,69768046750,13019075759
0385218f0e307b6a0e989d2a717d346942d96b4fd550e937de5f8ffe1568510a18,235010137750,28929057620
0360a41eb8c3fe09782ef6c984acbb003b0e1ebc4fe10ae01bab0e80d76618c8f4,292916176000,31111141482
03f9dc7982e336c1d4115459d59f40589db9db1a70adf741ed96584b79f60612cb,220799917000,24478859396
039b1e8092e8a992bc960376c01287b3b3c89c502084d233e2881f0cf911bd03ba,82871913000,9345428423
024655b768ef40951b20053a5c4b951606d4d86085d51238f2c67c7dec29c792ca,23426860000,2419181692
0386db85b829ec0045ab254a23a95e166b62b0e88c2f400a4bd576126ae6fa75d1,16777215000,1430767311
03c5e4f52ef4eeddeb4b0b6aab0fd7257c58ace2ee066a6e98d4d6fa56b864cd61,16777215000,1318670855
0337579aadc81356ed7f32587565e4c2a7f8d1561be8cc3bd976cbc6a409a4a71b,223149952500,25238595081
0215bea618806194ad88b80de8bc11c6391edb2fa1beeea6174305856596faeee8,164857526000,16155907717
02db9c5c2d0e40d6ce8747255983be8b309fa7caa7f67a72bc30e94bdddb326edf,44580736000,3188432777
03d594b524cb41aa5a0918084da740f6b32212117e2ad31dfbefbb5750cb885b4a,93148330000,9915045521
038a8260dced21ab6e6348b8b980df5bf06778357cc83355fe1be1e32d46dfaf3a,154648183250,14645056423
02d3db7c13440cf6b4d636208acceb0d07c60e4e14aacd2aa87c0e91ee827422e3,288162504500,31385143353
02ee60fef298e59b2ae4ff09642a62a1317c7baac97d51b1fc7e5581d1c6fef695,229558973500,24644664006
03cfea6e01d8735d29863d0ecc0f637e5da25c3afb1894e6cb1c25cc9c52dbceef,125406197000,9429104562
020b453c73be888454d1e8065382ba9fc4e114a9e36146e2630ccc617fbffb22cb,135312500000,14612293165
02b08167c946c38354743fcb53eb15e2045afe8c5fa11fe72571fc5f963013e3e7,102386075000,11192216735
03e5a594f574f845409d474c105c5d233291f94d1fba4ee6a4de595c576bd2f4e1,63777215000,7536857454
023d70f2f76d283c6c4e58109ee3a2816eb9d8feb40b23d62469060a2b2867b77f,706244110000,99047741000
036687c9a221f86fcca998ba4479c2bc195a4c7e09f3709f87554a71b40803a041,52416666000,7268673383
02f63f49339c8b438c3291ab21e35d1b5642ac2360240068b5ecd3fd5183f2c042,349650164250,46895994085
024b76f5650488d84b4ffc43e78e9ba0df9164f77e5a1b3af06762b365c97eb4cc,61868344000,6746147370
02fded8f56e9e0bf5e2dcc88b49e4de891be691d41f4e0d71714e5d5e3c95de6fa,109045360000,12426726818
0273497dc6db975876b03ec12004e058f20ecd7ad81ceb2e15d357d7327893997c,112343478500,11183551557
0222b780970b911a67fa781fff912b7d2da8d90e6feced65ab04fc1afe83f123e8,21600000000,2024080321
027a48353eeb8ab02ac77cd305c00e9a742b8f0532114fce2289e764b3d5d0dd6f,30000000000,1582946633
03bf5f69adc41b4757e2ee88840f167398f4ab3a619fa73b7b25491f6ef349ea16,245436542000,31099872016
032b9dd79393e4a31411b8e00e38917077f58c776ef420d8671531b948fc838997,226317720000,25900224045
025f1458d1ca75cb46b289b033a9c520f88d66aa54c2034c95070be76d2def3021,373844796250,40298034217
02731b798b39a09f9f14e90ee601afb6ebb796d6e5797de14582a978770b33700f,318803799250,32634236454
03271562ad6fbb9b208eafe203216233cd756a3981c77ef1c5afda109df8be5ac2,506513532500,56659244700
03efccf2c383d7bf340da9a3f02e2c23104a0e4fe8ac1a880c8e2dc92fbdacd9df,200618632500,26372114519
02c610db849f37d75e271e48d9f59e4d7d692763a0ad87f28b96b9b244d8ab1dad,94791267000,8076673582
02d5e7a13e928e5eb35b78c715ce5839191d73ad735fe9239884b48ade61f80e44,62571223000,8212767192
03179ae29181f2626812b48e11cf30e35cac7b707947bca0bf5e7b893016a5c3d5,48000000000,6370150779
0333240fd9c5e8dbcad4ede6dfd6b18e2dae2a8a2d077fc3ca55d246e02ca07a72,44496222000,5098921054
03163687a6e5f19dfbd3987ec481fa9e8fbccb9306f568c3223fc45bcdc9ff02d8,307571932750,34212479849
03f3d6529d4c2d7f2972659a213b0782c99d99a350866675555bef249d87ad525b,63197065000,9020382119
022918d3c6c07b4bb1c70c9a48bd8716b9ee95d9d52c2d2253b0e93b8d684b4bb4,60000000000,9003278425
02719ddac30c16dd856bb61ec4a52a5984d345da078c1855baeef856976e9f312a,90108879000,12290065060
03968bfc0f24a2281f2a9e0e90ce7a67abbdd9d6ef5fb41b4264d719512157d300,25500000000,3495490861
03391210b7fd47678df727ed7c39ea2f3c8dd43d6fb747582b1c13d4c1376f4714,161684459250,23183257550
02f97f34b35a34142321a3a0c1ad4ef576be6895fdfe4ef72ff45ccef406f14a54,234654715000,27217721606
02478e2fc963f74d0557a4bd821a743b18d51bbb589bfa124edf39aec95a65fc35,65698876000,8347068114
03c836ee74f6029871af489f4fc4b1733b62205fa20700eaef2db410e421556335,46250000000,4051821211
03c5528c628681aa17ab9e117aa3ee6f06c750dfb17df758ecabcd68f1567ad8c1,509608270000,58409442857
029a24d7823a43c3447ef4f7dd574a6aa27cb8ae00959cfa8f08c6e333d9b0d289,50885715000,8609992783
03dc13c8c4b2ad8397855cf377fc34085ffbf816ef85df6fe69079af5db3124cad,237253993500,24676436896
0387dd01fe2b154c7e9002d9e66be0c4e47d90433bb184b6e609be24d73c6be698,108163337000,14405815195
028cb945b3e409e2451a49bbdf0171a649a321407ddc2aa6f37fa8fcb6c49a1b51,92493041000,10305891448
02d2e1b94cc1a38c715e50ee952f41487051b8652c93e63d12c6c4652e99932b5e,59019758000,9010515169
0368aa1f025eb3b133b248d0511d81ba9da0cf900ca542710ada99bd131812802b,45321751000,4476437449
03bcf1f73199ed4445a8d6c033dd8cb550bb5205a16982ad2e13359e3318498c02,114209373000,12064840650
0373413108d1f6438eb0f9a648d82b5804658a94591cf083c198e1504f17e09bd4,67662500000,11891990169
03f360457d29f50a1fe2d5b2e603207377f1676b335546622c182b086259615755,262515747500,35668311887
0283ca0b7eca022bcf8f32aa418e5ff2bd375806faba40409cdc8e48c2b32ef725,319483263000,33464859775
03d506016e3e0e540ac26d557a412520ea24990ca9405d410c24122f648752b830,126780999000,20382553392
0286c2b32cd9317dfe1aca40f2f6a6c97754e1bfa556d3c9d3f4eeeddf17bc0bc9,217282698000,22451514720
0332f70a7f75e794cfb27f743bc237998951eb38b63ea18165af521e2500484877,160618750000,19680792245
023fda3a14ffe362c2b8e24712450ea0a6f9be6fd960e479683f1011feeb94313d,17105000000,2719093396
021f98b9898720f8633c93faf0aa54ab399d277464e502d1111b233c2cf4064828,922200393000,103567650731
022761c83065b89bec506053f0ae111ab562ae5b64d4ef758987bf671ebabd61fa,203070103000,25072343001
02113fba7b4a54068a335b2a042fd889138f6eb3c791eea6435e144cde90409d47,153435078750,21878477074
02e7c42ae2952d7a71398e23535b53ffc60deb269acbc7c10307e6b797b91b1e79,214373825250,28506065423
039eed455b9a3da293e8202ea622c22669081dca7cd7d2082225b8de9541f82b82,103887132500,11633712649
02bff5302df7932175d07ed06843f9cec58382a40e9d6e08e3c4e510ccff4d7a01,13149500000,188995781
032e89f242d876bd2d155d001250c8828c684ee6eef17bba5aa97cc6ef7d0b7be1,13547000000,2610077541
03a2ea4a43bd4d8a56b41c03ea8f6e14faf2357c94d28871e881f50076e9fac133,272396550000,37069861837
03e29d2c639b0789e9559a234843ec9e5b6b9009a249adf3e3f2fe29759dd3a268,341038415000,41873811076
0237fefbe8626bf888de0cad8c73630e32746a22a2c4faa91c1d9877a3826e1174,347159587500,40139920987
032cd345d420866bee07a981a574802d0e6c5b3ef1dee1064b60ead1c929874da9,113975097000,17353410118
032475c0b56687c589c3409d0aa216178ec923a992e1e835dc01456cf88983ee75,208450220000,25848694950
020f5ec11bd12c4be776722b9e9b60698179a3478f8146595953b7da76b39c269d,70688326000,7698129061
0353325e099c2b657ca5c4bb975a20b0c3de1d2391dabe73f40484aac255628d22,65144726000,11529786373
039e35da423a82630301cf4120ee1be998186f1f4ed8c5bb7d1d6f2d8b5797a9b8,54012500000,5739074216
03df7bc594245d343b6e9de2cef2d5251d4798a4472acbb896e242c94fee00ff78,266266826000,33323189778
0266ad254117f16f16c3457e081e6207e91c5e414477a208cf4d9c633322799038,176138842750,21090644418
02876b10c763ec39f20409f891ed5dd0f42f4452421fcdb31780f16c0a9b5f1a0e,21011744000,3722209682
029b81d1aaf177fa00c1c5796360163bfa98ee4d5d0daa54c6f510d9e237f376e9,173499351000,21866079591
03e1787e3533408184671ee5a4db1a1c00d4be33b81008014489eb2e33d2646c08,44735000000,5090501266
020593994806de7eb9a8ae63d1687bd43abebdd158ac8fcb426ece6571980e09d8,323571570000,43553974522
02e8b87796f8c4123d1b4bfb0365584bb6a7177c73c71bc1e6659509d74a7504a3,189814632000,15560690826
02dfa0fc808762b755e8315b0ad9e3439a88cf4e6bbb49f5f2c1c5c6caaa04b69a,25900000000,2446361707
02184b9576af55df1f24a2f3655d44f0b381d3183396bc9886aa8b9e40a56d1381,72629082750,8967069077
02507d2744f3cfd5fbe6daa7fb75ad20bff0a08bff921cb33f28b072a8473b747c,103950351000,12140078954
03f20b295a728be64537bd7df1bf9092ed4bbf09b2c10f68c482d6fcb4f2232b28,120000000000,14120583791
03bbf9faf8b7570c050fb05febe430813638c67318b2890125e8ea341b6bd740c6,14300000000,1369050474
0266562fefade0511c0569f6958377fd5e795455f5d17dd0c16f85b19399c715c1,72800000000,9519925716
03cc5ead9a19902dbb7cf0920e819f383f4ad0a916a6ea4d59f1bbb0660503bdde,38600000000,3265701170
03b4f01dd3aa400ec19e63fb52aabc86d48cb54c147525f1a04e6e9d128fdb1910,44252959000,6110089027
02da0713ab1b12eeb01f212944a435077f39f1b767ee5c24b01cdb4b0b9377b66b,70249130250,10177003325
039e8327879cc56a485195fcc5ebfae14bf0dbb5f29261f8c2c2689a1e7e7c8719,119012216000,12005951961
038baffac55a282ae73e0627146a12a345f7beccb90dec07280e8b970a072849cf,263781449250,28962302975
0316a0f72a6db1a4d6ac041778179f142f1e788a680cb417bbfc9871b40628bc95,56100000000,8075098362
026a096d44cd278356e4ee8c0fe7a467be61dadb95c4fb9362e4e97b88d082416f,23425700000,1820729000
022b8ec0380b727f619a653064122dbfafa69825c7274bc365e3235e6efcc868b5,44000000000,5287541460
03b89b8f369f8fd7facd3b1a665415052838a5a40f99534141d1dd2805afd0346e,28184443000,4080410807
03ac2f74e9dd0801891647261e661dccb0e641e75bc953c923228b806360a0f289,20092454000,2376690779
03d85df94810002c2c9b69d9e450c7d106f9156ed9239e70dbb2adb97dacab3e1d,138750000000,15545475648
03c262d20edcf2acd25bc70139097bd7af3a4f691a178b8a88c9f52109d3cb6269,397098050000,48819826477
03d55dcaf5634cd889a09f7c97d6e099dedeed397c087e86c5a5631999b252c686,156000000000,23225889342
033323c3b00f142cff4fd2e20e125112d0c58ae4a3cc135f4e57512652050a4c05,128494815500,12887657559
02ace93873b777e9b40a3c5dd1beff49158b013f7d54801e96ef06dc88bae5dda0,14220000000,970907986
02e0613921ab4e7e47d09aeb1eb2174b1d14ad8efcc661d0bc216dafa530afef5b,36000000000,3666419517
03946e5d1f1cfc4195816a9155863927a29796ae5c1b10b838283167803b11f8ad,17823695500,1508815210
02e3f54a99b0dd62f091cf84c9a9511ff77b350208e7bd9fab7dfb6b508db5a830,20000000000,2690941524
03ee58475055820fbfa52e356a8920f62f8316129c39369dbdde3e5d0198a9e315,122215706750,15416609328
022ba9961950607ad5c99f3ae53fc05ce755f059b99bb295f255f43a2789e0d467,25230976750,1635328056
0293a4a5933422fa7cae2c8ff4c44490f26cf3dd7ac02b826ee20d4cba7dac944d,99258058000,9896597459
02afdefdbf8b5c2596c393a0e3e2d3f9883eb7d3ca03083587aaf40bd45bd460f3,78272211750,10077779739
0261d1b9535b00ceb9ff0fb75e2503e468f2502670be4637271b71e8749a9c024f,206803105000,24614730256
03e3fc33ad80e7a1ee16385bf9b5cca84e247a29aa9ffd7c7b5d8992a232811e05,57272865500,4891695621
02e1823c86f1a8e193964c3ab084d015622a07573372b0a842b555c6ce84176449,67238500000,8191270684
02c10ada6c6bed574f216d4decb799743921da2ed13dc51c410bc9559c1f90acb9,284698417250,48803075409
02bdb6c80604f46458394da1e404cf414fe13ba117e7f2718ad7ae5ccc325d0824,118625000000,11501758413
02908ac814dad393e8a287a28c041ed8eab44cddbb47c1cd8c01c362fa2024ddcf,232205663750,35402012353
025033fdfd6f4e0e909776f0e8250c997f75de9cb11466e3a36fb8e6c7a1abcbb9,54602198000,4828723276
02398b614028892474fc95ed64c48791f994975042d0bd7e9592d0ec4128bbace4,137620428500,14869817038
0389f55cf993fb3f4154f108b75b2870ab76d3555498a2942881ac335b8656e43f,45654041000,4882426008
02e5e1c099e85f802780c89863a01222f00b7a9d22cbe45b4d355c54e50211d54b,18420802000,2464730697
0342e108e52bd523390fd406121aadcb0dfbc7276b4dd2416295d52719ede5c13e,134550000000,19229872480
02faeecc19423fbd8273bae9c551d4d0a385b98e2e2a1843bfb1da09ab65fcdbf8,61862417000,7503105471
0204a91bb5802ad0a799acfd86ef566da03d80cc9e13acb01e680634bf64188a0d,494260858000,50458014447
03cb5b5803ce88360a8cbb9b9cd92de4fb9d54022c2636b4c5e1d7be49162b2005,35500000000,5382105414
02cb885657f8cb1ccf0c925f55a2c017d2a7d4acdab93f2597e2d478b3f0260215,74319387000,5867794197
039b9db426c4c922ce8d3d98af74e4768a7976f5cd876763b87cb5168ef5150c8a,40000000000,4648489089
036248a70a64c4c2cbd95fa90a195845e61d3208ac857054e5b8ac0a631d132353,53302737500,6852907550
036da0201ba1f16a2089d1e17a8fe236114adef33bfff59073771723c60b08b4ac,366443451000,44627829714
03ab2211251b8025df9e3c8bc70e527740f995ec25f9d13f87cc3f771417dd5b06,9000000000,1068617837
035e9e326c3d1979a2d60e7e648f2a3b6ce2d9855a7bfd59d9fa159f469358be76,34068799500,3225233659
02c80136d51ee2605a32fdf015bf15f5651aafed07934091011cec88822a1a26dd,87141032000,9087560832
03cf60b9e2adf1699b598d44e3cef082c6e25e01acf5e3dd918d4c299efc241141,157528771750,21853091846
0371ccb71e3838984f6903b40b76581c4fceda54e22cb9c6a7d20681c036de0571,67327045000,4621203939
021bc2416752fb15c3b740187669afc2514426e41caf2828978ad613f7e61370a0,148276095000,19105082843
027cf9967a2d79631c665417b363d7113764bdede6c7bc21897062655448cd3581,32573495250,4980893638
03df3f0a2fd6bea5429a596461ce784c922b2981ada1af89cfefcd9ccfb16c16a7,255733524000,32949199995
026c2683f3a85822cbb262baaed39d3985cbe3b8e9838135edef7cab7776a1df0e,128981243500,20070307980
024e09499764ce2bdb612b66fa2c1ebde319ece9f670e771733e52b6836fe72bbd,61500000000,7587490525
0201dd8a0e2b0bba7b39314b1cb515b789b56861fce45b0a278bdccf43415294e7,114752360000,14768632803
020605d79106b5a27a94436c57f56c4d04015c902aac9739f71d5ed9b18e24d3d1,207020635000,21403828199
034718d8f0a79420104247abd6c414b23dc211fe1c74f4da69a7c7ec2483efb402,317190023000,42810562718
025a429655f37844f1247fac32fc2cade8af60ae276b300280ffb796917f812e37,160261124500,20601102740
02fbf49db591f0e8a92b775992f57662e4f8f3f4cf10805c4fdd6d34b5ace91c06,53169408500,6450048673
029a8741675c4c9078b577ddc4348d602d2fb45a12e6087b617925997a84f4c02e,189152387250,20713384314
027cf99e95e346897a6f88212d5240fa790e3b4c97581bcffa354de10128998ce7,111763051500,10860410110
031e41426d7ac75496d090a92f778d89edcff3bedc36db913b0975cbf112ff5283,53275000000,5940259910
0201e104ebd15e2c6541c6d6508ddd36a7ca318c5deaea7df2cd0b965e041f2a90,35000000000,2781435147
0277b084555196b33b3b137e2bcf70f939acc3033347df60739c4454de3968a7f9,55806250000,6893657265
02ba62f2cf65a10b9867477f266e67ef7e5f34b8b8b128916497bf54e0603a4693,91101418500,11946505457
0288037d3f0bdcfb240402b43b80cdc32e41528b3e2ebe05884aff507d71fca71a,179069835500,14420159690
0203af58678967b0beeb0ed4ac6910bf26bc8b6121486754161df49a971337a7fb,18800000000,2574491768
02f44b34a2afb094202a8e184c04c1cf75d8809d77a33ffed68eb3645527057d22,88272202500,11956741625
026726a4b043d413b45b334876d17b8a98848129604429ec65532ba286a42efeac,76755633500,8408287423
0213c1c382938ec1baeeb71671be63d29d25e867e1b7c071468dd2acea4456851e,78374757000,9496386235
037aa2829057d776eb63e7ead61b25117217fc3ac890e726c552b8ddb08e773f5a,149140514000,10945232839
02dd04e277bf2ee7e8cd8e9766d5615005ac19fa872be8cdfe612a9950ada27b70,88270144000,11892494916
021eff37ddffcf0fa36d3b0d1f486242e638732ed7f822e8ce998cc2716543745c,7955705000,270210734
03bb2bd0fe15cd32a3a4a9672c97ef1cca9a62a5b813054af179d345ece04b4613,37250000000,2823714297
033ba3c3df73c74ab717f83f6db446176221b4c55e40af4f5451f9d7f6f7a3892c,20400000000,1365056624
02360f8e4f4181892136af6fe302c4017fb1e57672505e8584ae2acac87792deb6,115345199000,15345288220
027b0575bc6a9a6a371f306e01916b34522a3bc2e9ce7490ebfea6815465734e98,225680428000,24921111489
0332c3a317717c2ebe4f9aa8f4c10fccc06e645590615a1d217629a59f40d69c39,46021385000,5924216202
02f1a08a1e33a9f670c464c3d66573ddd5d05b4231bb81b0b96c58eff7b730e332,140234996000,16710035437
026be75781a35ca22732200f5bc82a1e8a21248154e950a1548bab0cdd44d2ec20,127680173250,16127658634
0349cb2f33d5542432b016405a22dfda18617d87abe4718e61c45909b8a5449329,155864085000,17983910262
03e636b6ebbf4b6ecbfdc57fd3a4f280a444f0f22d9fc3f29b590b3e1d676b8dff,167402512750,23512029760
039081909756de70cae7a7dc9b095b66ae395e6ef0d36fe710b920affee0cb6c20,59074132000,6041998835
029fe435040c8b665f731f2b0c81d039238ef1e3a1b1de0afac2b476361a26d675,104265890250,15953050184
034ae164a31d7ff97a0dbc98db006f406a4c14592f50cd0bf9cd129b95acd450a5,99277215000,11959702062
037eb17d0fee2d20bacea3d78940b40f4ac61a5a7040a23b6e8280c80d7ebfb420,222666124250,25499262593
0399a312311ad4faea5a57e4983766dc8f44a04627bc1dd446cc479fc0a194fe84,78334718000,13004390428
02a7a0980d12cca9d40239369e5bde7621d6b539727713f052cb9ab931f4034097,162483666250,20928434983
032bfc44f5daf0b41262ef17ceb17d988f95b53bd7bc87268bf3fb7101dcc73178,30425000000,6420990223
0379c3040df4e20142f97f875f3badd4cd0f07b24dc9790c05eff348c82310c86e,51550000000,5221173733
0384da47bf60105cc1038d6e6a8704e20b3a6fb35a4100a08bbaff4b37a30c21a2,69491187000,8011944491
0336bcab33a15ba931790d007b6bc1f604af31f461e7a3de6f608d266cc1973f2f,43461292750,4974192051
03f293d12737736d6aed764167f6a815811c225f21f9fd94610b00f44afc9f776f,57673184500,8000960600
0381499873090f47c7f857b90a91a5de4708054b5966904e0623023c9a5ad0e8a1,41807829000,6573934661
02685697ab29f0076fc888368c0981eb3c305feaa6f6dd1c4255a5504810711756,93254415000,10350637187
02706615689751e54479b21f2ff900b698a30ce7f91141b087f93c237ea16a3928,40991684000,3708796740
022bf671ac3ca6102133b208ad970dd91e724d9c6f31b615fd4742e586d1fb3800,102509218000,9366650980
024eae539e19b4bc001b62addf469ee3451808be925e9c45fc6ef73de108582c11,66000000000,9066177809
03f45a8f8a6f83ff3e75a5dc421d008145817dbe7033b4d65936eb532fb5199848,66426871000,7011837769
020111074bd304e17a1cc74e1f4b76d64b1764895ae3a26ad3ab2c4fd0f63cdc35,24728250000,3676878366
031567fdf33cb9b4ab081019199295ffce38218751842a403e9fcf48778e4c3022,108064068000,11359074307
037150e7762cc04a4643a399ee472ad7eca094c1eae01d38963c84f8e847f87de8,67375000000,8387279551
03f168a6578f7d5314593de32242993b580f28a8da7008e4df8c1bd097187785ba,95155010000,11849144112
03fc8aaec61b42da62e36f5473623ca9b91285d7af62c6189d14bcf84c549d473b,327028498000,36980317132
0364c3bf4a32833dee9705f09d5b08a6c6cd9e766c7f95bfaff006e700f6c5e669,45014657500,3293455520
02729134d5ef3297717a8e53539442ba4d08da400c7381d0e9211f0b66c1e46601,56188862000,7652990797
02feb7c345ee51c6f1c4eca60296ead1e347db4a2fd8b981dde55f39c0409a291f,33000000000,4009044468
023b9973b7c7fa9b7403429f83fea65228e91cdfc29f860bf01403ac99e9520582,24177000000,4065931568
0267586e510d80fab314fbfa091f383b775646e7a87bc9ed8cd59bcded50405d6a,38017107250,5410792289
03c7f13d2b8be26fcb555363f9459db305d568b7683f9f7fe66282f8d670aee5d7,36837500000,2858355127
025c8f9f3a084bc5e0d1ba2e81045bd7b2fc8cf9927a1ba8c500b4fd0dc8f2322d,27905525000,3809370486
039b0c3078af107569a152e4fdd79ca7ebd8d8222328054d9f597acd9c0dbb9109,37512500000,4267605360
024eac466254511fc135d43ab676155c3b3a2db9c63a4a85ad8a76ad2520652ab0,298502215000,36066863768
02f234ad1f67b9809a0544574e746857e48ff8f5dbdac7af93d0aefc3a45e4fca2,83279998750,12051153451
02d9496a1a5a0ff0ab5a27d3fe7fd0e441536595336b146d831d6d23a4876eda0c,32900000000,4138617655
02a4aae2e021b0785f2f2a7c9dc9089361995085298598992bf69f11302a5dbd2c,113089151000,10966197053
0384990961f33adaeca700ee67b1242597c32ab61181ed7a0d516c4f67affa093b,35000000000,4299746717
039b8666dc2b2e69e2b226c314c7e10bb9d7a17fb5d3f5eff1142c57382d4c2271,25000000000,4012574368
02ebb3b8a2316b3e876ea3f3d8124a3ab97f30b128f619608eb06b5251235dc2d9,42027215000,2424936501
02ce014625788a61411398f83c945375663972716029ef9d8916719141dc109a1c,33377215000,1025320617
03150d49741fd697609f7f50d0779db258c18cad1bd9092968661ca857ebf8a216,74889854000,9681357090
03a1853c180326a3210759cb958b92e2d2a713e087223a6e9d6dfb78262ac8b6d6,22152989000,3536030559
0254bb156ecd0eac318844415a91a377bc6947ea4c9fbe5d248e563c29a1662835,165217695000,18081780869
03f73d86ce3f9208c11c6403a4682b644c90d9412b5db81b4a8547c05fe9c8d6a6,24624999000,1405751223
039e0b4fe243c55f8510fae1a07b64fb41bbb8a7c10a3482456030e1a2908100b1,117963773000,11286751132
0300679aea1e87290a86c3870173f340e2c669f7c082ce20c1dc8eb9b6c25cb99e,12800000000,2089641139
03b9ac17154c6ddb27c05ae8c830a142f4742a3de280941988085ae2fc711ef2aa,10000000000,1825526337
03505902c83ba1971c44e15736db0843271ec50a7741d0b15122f9e0d6d8a7ca98,12305978000,636197967
02f0901af96007f63d88dfb74c4297fb8031a0fe537542835e9995d22c97e48ead,10250000000,1586216176
03079f01619705338bc96d9862ef4d2746092f9bc07c2b4486c6869920a6e80b85,10000000000,1784129971
02159952697e25d8c7d50c0b68f110a90813a752bfc4ed423c7cfeb6634b7b4d29,21579760000,1814233278
0227eb3af05aeadce3d7dee6b5b16f31a67cd1e10eda75044f4104a2222e65823b,23229914000,2367674108
03b58efffe1a9e73390221863d29d3d1532963c01ce527500de0d7cfa9383627dd,122225000000,12576211700
020c0de8caf81b594d9426549fc25c4aba32891f61ea86abc3337eef98f79b4c2a,462575000000,66104680868
033dee9c6a0afc40ffd8f27d68ef260f3e5e1c19e59c6f9bb607fb04c1d497a809,356515971000,48939016402
035b017b7e0e490ded4d70efee7b131a490249672265de1bdb4b31df465e6a1b43,135295318250,20742976655
036d2ac71176151db04fdac839a0ddea9f3a584f6c23bb0b4ac72c323124ec506b,282884729250,36542172213
0319c5b15fc4eae931d8c679106bfc63f737815d90d0f5ad57889723a77cc93dc6,88150100000,10472228073
020f799a23302b58dbf2d9546e3aff8e5c53e67a7391b289e77132a40a29bd278c,233477215000,27969422973
0302849f3fdf2a06a0a478623cd5a7e8c373eacdd5c80d5dedc8e584877aa9de03,9750064000,110777456
0291483accfa65dc6664aa30c507d3fde8eb608314cdb0efe8480aaa8a368c38e8,56375000000,4228718128
02204f9caa8ed94c58ac4ae973601b4ff1ea31af86828ecbfbfc88613f060038ea,38090344000,3599071299
02c16cca44562b590dd279c942200bdccfd4f990c3a69fad620c10ef2f8228eaff,184393202250,21668582779
03d72412398e8cdc7c5960ff3b63a2edce7e4dc92538610addfb2aadfb674557bf,96250000000,12469354923
03ae5e2427a98d54c2509010a78274c87952c3d024ec03ed63d3ff093d4dc7304f,53041714000,5002451284
027c1d58e772aee53036639c96cbe81422bc1c3382e2483689d2bd097537e1c26d,31000000000,3631840642
024b8019795ec753fcdb1eb21ecd319bfab6a8b05e017f357dc5f052a181fb8c91,73910788000,9860960670
03a26e4c12c730e514065991dc937741ebf7562c6b81c3816c7c899f355ca2b922,155000000000,17781994729
03c0c9698c33b1fc097686e65dc971a9e10dbdb607c2170ab3c4a02cdafb5dd7b6,119015151000,13342068199
03350c99881eb18786f5f7ec113eea9282fcbd20c5783b435f274b1d334b531034,11000000000,1610050225
03d648c5a899ce1dca6777a670467d2fdcebb510617efbf1d756b2a68fd076a65f,112777215000,10712348504
03b175ff3a733f90aa8fe8dde9742f60eed0e088b164eb0d5aeb26b45e85b03b87,26650000000,3426057625
029ef8ee0ba895e2807ac1df1987a7888116c468e70f42e7b089e06811b0e45482,40147567000,4847464619
0377f4de9bb4a46f5acd9a26e3135df90c61c79b9341d6d4e2ca36fd0e468ccd16,69800000000,6583932759
023bcbd5be403329d316cb6a6e52ae6da0eb990db70b4ef196e9803423aad6add2,73502251000,8012371714
03f8a926f1c53ebcb3ae13c34e0f5968d9c666ae81911548c00d7fef6d4189e9b6,10816206000,2065922339
025898908ba87918c1db427e0303071914a405c1dd810c97fefeca852dac7e80b4,35045905000,4734089935
022811c386b5f89abfa7e229036b7c2cb40314cef9a466436e921846aa0d863101,40377481500,4164011993
02d7bb1978df46d8f13c94e1b336e3085bf7a45d43eca8994a26377cf48a17a31e,149827215000,16823752271
03d6f80df785288de2fe5de19f24ba8a1db3d20647a88d0a903be9de3e7bb8fce1,176353258250,26482030777
02e2670a2c2661a9eea13b7cfdcdd7f552f591b9ee60e5678b7abe77b7f9516f96,190718984250,20349645989
0360e0ca98451874e490cc4d3342a92b711187146e305e9ae4e6dbc342220b1bff,32002686000,3117607759
0371e2760f38eb534861a4f0cf692a620bddf1f39be7e6bfccbb3c92699805835c,184869166000,25888471236
02f4c77dcf12255ccf705c18b8d6b95e4f884910bf61e8aa21242607193a79da1b,517734746750,68492363498
038525acf733137b782116669f512116f717d4cddcd065cb4f9da73aa653794d46,35027993750,5286780709
03074ab83706de692a91b6e7c5db4def16686e40f0fe7ff6f8997706a604671ba1,182527215000,21828457524
03559b7e11b331d17ccf8efc6bda70070bcc81ef82d35166688241b7149bd3380c,58329430000,8103195898
030f9671a1d0ab1397df027b4ad1e5f1b41a8db85571b545e8afec168cba41ffc4,160300000000,17033466902
0289b841e2d485dd9aa279ddbdd26320bd327fbc9f06d7fc8b43e066f3cc1b5398,9000000000,994463677
03d982db3411528c4a951dd6168d66eb978908f6ca9c1223d79e37b68fe33d3a26,155908742000,15930717278
039cbc938e8a9095b60114143cdb301ae4d4d9bd1dca96763a494880863ac66055,45288653000,4315048767
0356df552a4696ed6678801666aebc92185b39d5c16779773cfd461e1911c7b982,19970878000,2594998182
035d89677a2af4b4c7b6905505c9b060f9d7ac572c847fddab1e26301d09802004,99046076500,10890965980
03c752a396b4fc86d615ad769704d2e017f38b34e2ef6bbe93374664962aaa7dfb,26695000000,3340548346
035b481218d2120d996a47eb9282092261f746c3ec585b1d28227c9e242a7981e4,80486699000,7345752037
020ca6f9aaebc3c8aab77f3532112649c28a0bfb1539d0c2a42f795fb6e4c363b2,190800000000,23006715473
027a1a4aa858f5329b4d695a7700ad6fe57b120dfad3f2b718dcfada0c9bdac87c,46069615000,6798029572
0288f320d25b20df0578af737ea951c1c3adcc4e8cd908d5a291bddc49981a1cdf,110240663000,10634864483
030057ffea1a1650ce716aab702c9fc29ce24659b89650eb963f2455df0194c997,144343041750,21520746671
03d60e84c60715cd0feb2a433ed1fa131c41f01c3507a4d9ebaf1940a770799f71,17899579000,1417945753
0371507087e9e9d0aea4a0405b3be4cc8b9e7d3582211bb26864d0797448d39ef3,64240000000,6156704187
02445ff6a24e69242d6f6f38e1b7e8ae9c01eb9b660f3daf3304cb4b7cfeb79a99,160344510000,20740551771
02de9f484b93a01dc0d033462c5f9abb92bf8c43dab87c3f89bcce082df41e9867,57115633000,5837511980
039efdf7a40f848d9fe30f1ab97b297c06f96fde1992ece0eca7639711ecac5a93,255536063500,33485649829
02b39ac1fb12f42843acb13a85cd1af2a7096671fe0e1b3c0b320256ee5d0305d0,49153923000,5366072098
023dff2a4301df8142a44d30606f0f2173e6dab0d297a412bda2e5c289ee30ae3c,255000000000,22377679227
0269ddea4ab7066b0928804c8473cbdd3bd7cf454f083bde54ab748a4b00f60bad,63535614000,8704743754
021b24eeb56b44ec3e75d2f9fab9ab8ed8a0557c0f68a4494884b8fb4aa0122753,35000000000,2670501679
03fee917a3c0636f95d2529985a57ed185da42f35413f86a9e5d2d109100f15bd1,18799000000,1823650491
0231802089629c66c1fe76da7e161ae50143940c1fe4e10b5252a5c77f4f9e2397,172186272750,21926109132
0201de34693d639e341391c882535e039627605ea14f8be912f55c0e36772ec1f3,253850000000,29636145788
03d4e028a0d4a90868ec202ab684fb0085779defea9ca7553e06146557631eec20,155916912000,17076403736
0203af818b15ab7f3853c3c66ac4dd7ab3a4e25d89e58899ef08859e02f63dc4b5,160438377000,16991687944
03cda3c7f11c0f63806b4910c7e00d133bc942fe66512fbb97fc239d892568fc13,331847712000,46561311756
02f324df7694f57b7d800d5a64f62fb226eabc8fbacb997f3ac5cd230e37944fbf,332934526750,40379138568
02b21ca992bf95e3f324302265ad86cec24f36166fd7afca44efa0809aaa8b25c5,240089996750,38040594435
02a0bcc2b99673587d4a92028a2b2ce709b72c904962e2f783fd480c2c41e3dc7d,103528780750,13836162488
02c2d8e5f8220c99d92f4fe808e7c5332d33d146db3e63a50f03663addfaa5a8df,93172562250,13269807886
0328e8213309cef36486fb9a0eda6a16f349562333bee1a7d2ed84dd10048d682c,103814715000,16846647116
03bc56c4c4c9ef2fadee2e77f1917d4618d5dc16ce9b5343e6fe023af6df2dd9bf,184708812750,19323735924
031a5bfd671d9c1248490a7dccf2b0daddb02f9e8fb5b412773879b63046b8c19f,17594684000,2418927011
038adf725da5c1f08815cd22fdc575bcea8e59b36caac89b1818d2729294fa792f,26099302000,1912636594
03f51df0183b2083d678d867d7441ba7e8dbf1bfdd23729d702b81a8b128e3e876,121835789000,17011339516
03d593239fac99472b37815862a063992cd7f76c4cc1508ed45d27c820d6889064,50884438000,5488968864
0385ba5dc88e5d013a5dc556f0a04d0f2eba290b7bd2a99341a6a1b84e20a323ed,19496440000,2229311629
0269b91661812bae52280a68eec2b89d38bf26b33966441ad70aa365e120a125ff,112450313750,11055277397
0233af2d2ab955bb586264b7b5e7097a23730f4ae4cb56e418b7f5c5c613955db5,32000000000,3688713380
037b6d303c95b4faf2f62a214cc32c78aa0ded8ab5bd7a11aaa4883bbe292a4764,80775000000,11797776674
0243ba50315387c0ad044028faaa50c6ab5ed1a723eda0aca99696398f230af781,23067058500,2638579378
02768191c68e05f430220a61ba73d4c9c72dd6a8291db3aca9e060b387cf57a699,78668002000,10033448687
024a4aad26583790132c0b5a45885e9441f8a5ebcc3aa73ecf365c037154d9980c,94236330000,12090484661
0249fe70a49cd5c6d6e28697794af388df0422f9f66088427e7e066b776f84088c,21986196250,2367361278
02ad921d465e6ecfe493e90864275ffcf1b70c6050c76e6c33701b0c3686d687b9,79400411250,8657718225
036c4369a6b2207c5e65d556d78ebb262b6aa0f94435c1c4f7d2900dfd7f0b7fdc,19044552000,1743206448
02c8dd204889bf294bb3ecc00f4893db34224dce67d1fd27f25bc7fd7e709bfceb,287625899000,29032833252
033478b3b66aa88ebd241044a7cd3d4a7a71a561cbfa297553d462fc1e3d7facb4,74128100500,11639892618
02a615905006f0348217a08b8eed33d816d877bea46685d5bd7243f6538a360b84,16125000000,1169676212
03783fe0ad682e695e1d132df84222066d483599b5b49b879a7c6aeb66f57adb56,6596696250,657896198
02e20cd7de8385128138b82b8364693a66766b8fc60c00aaec0dcf0f92a0435490,66452486000,7973182229
031fa5faf6fd3b470730cf6e8d2d2000ecf7f76188747a62721dd0df8056d0d77f,10700000000,870681760
022f3bfa1de8491bad95ea018b17d47efbfe713cd2da59ad5fc380198612b8954a,115467048250,12890824117
0385f57cef85f5acdbe34a827b428cc7ddd89b6b5117ca29cc0c47d1eae70b447a,40939281500,5261718589
03c75ddddd9d0c8b087fb8ac77199c2a132c78b011ccab893dc6a2735ac30b8179,295397938000,26633398716
023e2e18286736427a3a75d75c6dfd4e9bed8ab40920075c8b39bddcbf434ffc7f,36062500000,3690404862
030b04c5d37b8cb3acd324edefed38e170d355c8f0953718307b894321d576615f,179173502000,16374603469
03093c3867e6b11193c26caa446880319db7d122f8629ed9052965bccd356c24f4,85671337000,10720731974
03011e480a671ac71dbc3fc3e8fe0db32bb9a10cc4d824663e09557d446ef80679,200145967250,24571369292
020e4962cca11d1d09e5d9a88b202bcfa85a8b43410eaa404091e202cc368a23bb,67243542000,8134372447
02664c4ed5e60b2f5119e8430f26e5e671fe2199ffaa18de452d29c454db065b02,138959201250,17593304238
026db2cbf3d8ab4a4c01eed2df432d20cf0a13136402097574209d2595cb9e9d93,466257408250,71228297155
02da6a0b9370521845876ad21d192066fdac39aa3941ee69972b72d9239e2c3399,103004430000,12161955827
035a697fa12d4b6112cb92e4adad31fd85e4a626d4090cd00483e67d4a8df96def,41250000000,5610479933
02d1e8674089b6db4c96db467c9ebb2311c2707db6f6fd4887369249bf8ea981b6,46937242000,5144763191
031f2669adab71548fad4432277a0d90233e3bc07ac29cfb0b3e01bd3fb26cb9fa,187738918500,19580686363
02d1b24cc4813e2f764291bcbb7f5423dd303b2d6c67a1e19cef2412cabb193cea,11242794000,1112008322
021d2436cab847373a4212bf6d754ead5304f5d0791479643893a837b295f3441c,314815563750,25472012866
039981e0686cf786aa78797525d018a533c4ee2a420bab047391cae19ea449c307,109383025000,16344810431
039593e2b11f50bba8ec6372a8002e7381591b5f73689552c63c1ef4044823dda9,168241897000,20225571225
0211c8eac4e9cd6d77de17320042107d3a146a57c430836779b8046e0e867d0e3c,107382415000,8117770170
0212ec0b931a9e8166b8316dde3147abec298f19dd301b39463ae1bb48e77dcf46,134628795000,17120951387
02f9b7a6e19e26951b73978384c8a5295d709a78aa78ae8bd5767d7a6805acd36d,88665486000,12061919500
0362d19cece3c4ef124e7f3c8191d9bcaccc37daa5a540e2789f95e0e67396dc30,32381542000,4236937230
0214ec84c84827dd4911de56d2ecb77d367c6f24c658b8acfe4826b01968e45594,34523603250,3374067304
03a0ec9f2148b8bf5386df07418259b260695307ffc319c1300bb12ad35308636e,30900000000,3070580558
0390d9cae968480d4604b5c6204aa4ae01b5877ba8ea20887aefefc3086f982a7d,10950000000,774367645
031d9f1d7e81f7e9cf17aec7f965b420671de5b4fee0cb72274408a9206e09ba7a,130454936500,15545138267
02657eef544b02f5b8f3ee799d3584d08c2b7140c1c2db6b02f9c4da272a51008d,63862500000,9522684720
0347ad98277e439d8027e2922fd2e37e016339a622908a30ccb1fb4fdca87cadfc,218007468000,24807300633
0383293603d1eef100ae326e8923809d6a7d171056125c61a07626c84c2b14875a,81062474500,9601805552
03afa7a8196dbca763ee6f9a34b634a7adc03f154e5d6979fe654db5606b5fb2b1,302077705500,32103549321
0223d8c509b7b47eda350703a8e29ff0dc408c99d3e1d87f1a70e4d6196f6c8ce3,177004053500,18344959877
034d35f4673ac0fa0253f52c637bc74c23c5dc8d95989b853b032b31a474a3dc0b,14975000000,1744054712
027df32997c372393831dd3103046bd688fbe734e3d0dcfa12fe7c131f7395f602,76490912000,10814307017
0313118036b611e729633e125cec1a911b9d0de42a676781b8c0940926726f685a,85312937000,12454700587
03902356d26efdc0812726c31a1a2e0d721f26063dd252ac89ded8280037e9ece8,165451645250,15389351679
0219426a5b641ed05ee639bfda80c1e0199182944977686d1dd1ea2dcb89e5dd55,234173280250,22442216554
029799e356f54bceda8ceaaeee3d75a384272307ef3f0829831caa6de2158d1533,65305095500,6458217536
0392cdd6a22ea90bb08017304c785b44774f3056230a033022fe1e98bcffae7042,131709750000,18644932216
030ed0e8c35b473e0cdf3b384262688be36a2a7bb61ecf34c836df5b29c81dcd79,68504130000,9173817438
03f57da433d006dd13446b760721c7e9d13bdc8e4f9c1bc402f30084833f21c4dd,59649214750,5159288699
021dfd5b4cdc4283eeafe65fe0dcfe8be45db802ece99305e56ba3694805d68a89,22739567500,2964146325
02f5a998d3fdf923bbe61983ddc8fa4f8eb8751c6d16d33422dd021b13e4ae4b39,26295000000,3103467618
027c37d308dd3a7fdb207d9ce7fa7e29a0dcdbf929b017dd81ca5b2bee55c62e56,82152215000,10109237143
0339c7351f76d1c5a2a407f9c57cde096857b8374b3eb6ff023cafc9a634d7bd64,55817506000,6120436541
03f11710057e2d087c2610ef9fd13886c8497af95f5be9d96e4ae7b2d4b2035e4b,195089311500,22717506286
02438ae8b7ba711857dfb902a2b71d25510d859dc4b445383b51d00c396b951b5c,47618087000,4948780383
03d827f9e9ca9bd7864361b51ace77a1957ddd58a7fabff3f7658448a3e4f60975,46976085750,5707191394
02b6dabd436275044399002241195b82b7fed517b226d0a109b1d07a39d7b4a91a,171928845000,22553432964
02dbd9298c0e87143276440838c4c3b6adfd183fd19c9181cf38a550c6ad216b51,69793108000,8296957907
034a29e256807da8cbe4fbbdba6f2c79ee02ba3d6536f71da610e5ec5999d6107e,160603319000,19783726726
03404f05f2d931000f7cb505f780e444bea4d36690cf72ea8fdb83eb9bdf56923b,19450000000,1091649211
03e30da473716d39c09356d5372cf839d8ee3a1cdbd993ee853c23ab9bdfbce6f8,48997252250,6443561888
03f15fc38f36e88bf1d799994d38e10902318287a53eb413b5e8ab0046d863bace,111875000000,13133906629
0382d277c46f2c07c984e550605354721a65fdd04c48c860c0a4883de37a848ab9,41017000000,4625295809
03aa51fd2c2eaad5a531c3cd46a93eb9c8a7c4a49c6fe5b4739236fc21eba8c573,37202215000,5321214185
02f51d157519ac6ec86595822ee529af53416fc4f8ba7fb8179407dcd91eaafa9a,79983774000,9177958405
032c6132f0c1f67f10aeb1e90a6f58b9270213184467cea313e97dcf7d4a22d5ee,77477215000,10681924694
03da03d338ca9ec82eed4d686b672972dd01ecaf1eedd24515dd329e51abbd32cd,50510801000,4724513289
02343c19a39dd11cfc6f7571f36213dd52fb70ee45ee4074913d43891fb59579b5,60547505000,6536356098
035eb7d2253d934b51dd1cc145b6f36a9c2d953c4379f5fff9c39bb437ece525ae,233573989250,26798186547
0360d247c04d49d9120c6b66bc9b57622e05dd6b9457ae87616387ae99e64e90bc,21975000000,1360693499
03adc3179902db6a6bb136b0e11f87d82ab4418a62d42293b29fb9502cc0d5753f,53025000000,6295724645
039d32c59f4ab80f55b630e1d3000d6949213066a64a800b9bb5cc461621839978,12000000000,1856010296
02965189e2bc026c023685c51a505476185e9851c907c1ea895a7ab31f5cff3c12,56999997000,8654604354
0201c0d730b56ab512e5d1a81d81aa31d82cc27c565d9d7af9703f4f457c1ebd8c,16620017000,1162349506
03863a2a99201832bcb1dc25872c91dda0fbf84f9c8a9a8f5eabd766b63f98e87d,95299844000,9306904370
03e5f49077dde45b5dcb8062577ab89785820ceb8a440c8065761a170ad6553390,66043738000,7391761094
0383d6b43d37d02da9173216dd3c7135b160f5112ecd9bf1521c8c3e97c6e91a97,27840000000,3776042431
0325dd85eb6787c4905379f8a2e879e4bdd54c8c2b656d1243d7587b2a3059a0e8,142573760250,11183376065
0345bd1f009308756c82b7b19490bc4c9a41ae1725794cebd6c5d3177785a906d7,25741353000,3235799694
024cd3be18617f39cf645851e3ba63f51fc13f0bb09e3bb25e6fd4de556486d946,16080000000,1811433134
027070dc64b8850689b52020571d0e3173ba38cc456501ad1b5d994d6063eb0ec8,34944129750,4162746651
02c69a0b4cb468660348d6d457d9212563ad08fb94d424395da6796fb74a13f276,59000449250,8823740496
035d400d26ad1739a98d3edbf224d7d40235c534a8f58f7cc7afefc639d3c84bfb,46467120000,4923890213
02338b127b07c0dfb072110c3b81030c7e06f95dfc8d1ac71a7b93ce6810e4abb7,63722004000,9661232846
02b103f2cfb227cca4a0ba76d0ba102e31b85df92976a3d6541f47f5abf84b5944,165271229000,19931806171
02e038bade3d40426ca7fe50b442876ecd31b95eda66244b643d52e9e6a2615be2,26553986000,4073638276
0235c3b574b14a7b0f00abac5f47f1ae8d8caa44b050781ac4cf0ad5a71f105dd2,16048993000,1210274698
02eb3a0e2d96530cded3eecb2b0c193e35d608e44af28bb299fd616651d52a3023,14989416000,1059794461
02741610a873ff193cbbec594dc32d759449082eaa4c2279dba43f67c545d0c843,36500000000,3916523949
03ab2f6c79cae3d9c02ec1422cf2fccfe8c9b3e11bdddabf099348d9c0cfe164aa,10450000000,1523378228
02dba9a6c76d1578641c36dcc61222bc86360fda2605b5bd78acf4b37d7be91b0f,34800000000,4749917311
03154ba72d862af1cc0f7c4bd4c097902b2f46744a7eb63dbb026c4db81ae79cfa,43699604000,3281533280
036a2f674fc446a42044f6c58bd85dcedd2f027fc42300f001b9ec24431cc8e824,27777215000,3415637155
02a80fbf917ef6f6d47fe764114bae9799807e0169b3d919ddfe4cc49ed0406b88,212386075000,17266945952
02f9b17b19c9ed6922f1e14781245e97b92ef6f8c07fe99809f1e082e98a109056,52500000000,6908868692
02676e95f1ecd32ea66b42efc7c0eac9542de2b05c04501fde89f050be4ce901ae,12673000000,1032322408
03ae30aa8af2e1c34a5502ebb8a2f3974644374d6b239b2943af1e902a8d3d2322,62794936500,7616717126
037dadeec6c1f1a85a938f038f36515a05ae0ec982d749e4068735d665704fb31e,20624000000,1542916372
033fd3e16bc450ea25cad365c8422f5534429c084a2f5e200caaf5fee6811418e5,110621776000,14134583033
033aff3bfd1303d1fec222d15a1f7d1d39d18befa3460af3c8a14b19edea8c05d8,37710304250,4862507166
026ee65660c8d2764ed8d6442f25fc5a36d6d39a2e9c76f1b23303370c656bf4b2,17242699000,1687755189
02d7a00331d21b4ed01315911b772e7b8f4f8f579db1b6ce69bf3c1957799444ba,43490000000,3880544730
028250fb72781aff6e50054789d8125189053338d8a59a023ad67bf267ede1ed68,36800000000,6447491785
030aa410fdb8f96a9aa2be25d5106ab84bcf43dfd9818eed0c7cfa2edcfdc0dc0f,370655965000,44027688028
03c6d1cce30eaaa8b4ad436735c6816ae886f588ff8362017af940ad5a89118014,18250000000,1549036239
0309cb0b504a5e2e29430fc327ee499c6b9b9ac226f561bb9ab633d7992433545b,126072290000,12389481081
0294967f3327884442de266e865f21c2812d5bce7c1081d375c55f6e47322bcc72,53500000000,7052595019
03e53d778cdfcc62141bb1efa79de8428ec622a04c58980c1cf8dc4b6df4c789d0,12750000000,1561989421
02f376b02d3a82aaad471ccdeb060817843aef5b77b029d79d31c94b27cb66bcb6,50800000000,6708137649
02c45389d58edf3c9dced6716791ed450ff632e74e962ac0d489047498f4e54a08,73804802000,9730512539
037f66e84e38fc2787d578599dfe1fcb7b71f9de4fb1e453c5ab85c05f5ce8c2e3,149998514250,16094027788
02f727419f6756954fbf17d4ada36e6180e05c17c50d7442ef160ed50b90e6af52,41903904000,5240975842
03c48fd743bfcaffe5270b034d8c2a037e56d3e38d4146fc04946cc64b3b885574,17250002000,2327514630
03434a39cd9a537c852fc8fb72454086d726f9111e9f730cef4985c39c11fae944,129173166750,15622918487
02f052d271a756d639466c8dce5aaa31d14b427041d5ef5787d1a4da647a39178f,79875629000,8630862630
03e472ddc37b014ce7d5f942b00b28fb1db53d461c4a89173962abd4b331a85179,134416790000,14507761555
0358327cb80ab2a8db36a5924c62966c7b4a753045600df594aa3863ecb618cc5d,281283450750,28101230187
02dbc56e9c85eacf6fa0537e1d4eed411a465c0dd231974e7de7e95a4b63883219,171404430000,26672545040
031f164d5811b6af103b815195c5428694bad2c71665b25321cad498818ac388b5,69225000000,7415133518
02ca3248eb460c64a3572c8c4fbae295cad74ddaee3a3814e08ba55d51111c0654,128800000000,15530500298
0314da85ec42da046703ea16f8ffd3b69c181c09652138f517af87df92a64502e8,17450000000,1453870995
03465f79f840a1169e2b4cb42d684e1723af861b8a82336aa72f9766643a6ef4e4,63564270000,7350776049
038c450e04d7b224a17ef61a2fe24e1e4e4a2f46d213604eba3ecc3e7b8879fae7,18265817000,2506685602
032681d27f87345a7d8e57e0a80143515bc84ddcaa84b16b8c061f0515252a104e,28375500000,2918600618
025b410120e9056dc84d2de39561db7b5ea73e9842fbca6d3a45ecd9a6586249b3,7463790000,948866406
028a8a3e6e0809c8e93a39746d13afea6aafbba68b89f58ad4b9228ee5951a60be,49018234000,5172862801
03a2ca1a4353cd12edd4fbb2bb728459750f0bdb8a5151498cccbcc760c94f12fc,21750000000,2276368525
02851c6709d17e76c74ad845de2cb455baba989578bcbfa8af3b8062401c8f90ef,76587500000,8461258013
022b0066ab3c5b74d805c54776fa91152c0073f4e199b43403087cda2c1e968d8e,102750000000,12496608440
027b405134210d0d051c28a8ca19a58bf2d4ebacb1f689402caecd902d1b2ee4fa,8922494000,1481493857
038ff6ec3fb52c23f1ea2f341bd7f9dd899766380750e4ce8c76bf12e11e1bf9a1,71033296250,7473197470
027734570ef08e526b606bfcbd1b799d82c23ff9075665c0cb21dbcb3a23728c23,44141099000,6149632139
02ac8a021e6633dd88318eed09c0b6bdbae11ccd8d441460d97046453eb7d524d8,25000000000,2571649908
03eb6c49a20ff17203700b446cf5cb4de798d095620c4d1ef711199715db720438,46737499000,7851933764
03f7e7efc7208e18b50cb63a0dcf66c525ade9cf569eaf6b2de70137638f2c5a79,83729430000,7096322932
0290cc884704073b2b633f69f852e8ca2a37660bb359a1e861f2b48760c298ac53,95219446250,11451917328
02f0b52ca841a2cabe8b9852e5f9bf34697330e5a9f3bb7df25844e309bc8f67bb,10062666500,372646223
02ca645d6d041de30b48f570d5bcfef5d097b8a69c2f684c995bb864f95d947b46,164088369000,18730838568
03b5d58b4da17eee62177a1752dd0ed1cac813ffd0938c1a1012d6b5716d7ffb03,301875621000,27919833694
03f8382a85edfac59a0e3a47dc5d71eb4230270c1c4eb15248978d1fc0faadc35e,80660269250,10697162855
021962f47a8b1d1cdb460478fc98223b20b3f6c97035cb1624a0cd2977aeefcd1f,13000000000,1531805900
023c55e8e1912096ed9ef4e18859de7fa652d713e5d1f2b83a3a8b845305a4287c,129031382000,14172081590
03556d062b703d9dd8cd255dee6d76c180ecfee310bd1f63415bda0f58cede0168,13369420000,1886223743
03328f2dda1268260feae33cc7774775a7e81484a3b8200d1b0b6119233ec0db15,51565856000,5038778999
036d81bb87af589f949dec53af1b3121c84048d0913eb56945cbbb62c5cb4fcb6f,39222090000,3024024898
035430a842187f9d27d639b05151f2100fb3e8370a0375e3c1c0ca8257cbe054d4,64747600000,10446549262
02fc41b20b2f456a97b762a21dc6c67ce4c76682f0bc56c122062b778fb7b47d4e,98322639000,10166772885
0379ead124a35685d2f1509f7e4f55070ca36649deae61b2981d1940c768f21c0a,125840505000,15656191856
03fc8d2172a07f015b9822bb203082fce0588f5540a0da8e77b596ce5f800074bb,7800000000,755367812
0338ba2f26fb7b7955677e63549a4366931923bde36529ab791de20d94e33f2db1,17520465000,1670730736
028737303e12cb84643d1f0181812b559a56ef5d78b4c43d1cc0c1c1f17dc88722,55632535000,6825884376
032a92db7e04eb45b4943512c58e9f613e1c8f886e78b5e7a6c7fca2fb1ffa43c5,200930059000,18870147615
031f630b77fc89b316732f3c4403de8b586cce57562b392693037958e32e96cba4,130553061000,16693404987
027222caea9c1070952bc8c7a05a6f75f26f3bffc37e80e627cc651d50d50eb268,138737524250,13875663872
03343c7a0eabe2037e73367f61672863a044288247cbfb8cc57c47f53868cc2708,42250000000,4109642431
03a5e24e6628ecb92971a0f5e2aaf32258c35c71398c65fa2e92a26a0185cde359,89251816000,10351607348
02bcf5a79decf6f700808a5f6d00edc4d597199e1f1cc09149ae42ebf334e4da50,85907092250,9225337522
022237e8ba4f979129501a5313fd36f76fb472f8f7dce348c9b579545177580414,25487310500,2370815230
03ac99b50ad291394b14e9d0e4cc18031d2327e82685f151be38b7093ce0e33b20,47820795500,4376653638
02c8d9068ecfd41c9114a4a5a25036f39071e2c75e6db75f13521e6db393facbd0,31000000000,3290992163
02e2dbac6814ccc1e79d510d52e2c8125b69133d4a3d5a3e06385b89ef5303478d,6249990750,1002154566
0372f1e0852005ca575c59f791d6c3d43380b8f7814d8f98f361fe85ffec30562d,6000000000,562677187
02911515d46e371eacb87dbd5f513b03ab23031d17c3668293a8cca5369072dbea,86199770250,8710575244
026b4f66a2f05a35d528a142f706375536a9eda0f181f885852f7e0849ef85ecc6,58927215000,6270770527
025e011dd8e1b82a88f8f82284eecc522334fd86af198181fbe617a03478ab9d6f,77250000000,7996063038
039e69339983d67221f9351864ad48624c5a169f2918808255dce1f34fcb0183ad,35004751000,2891516433
023af4cbff89bd4bf01a58d39743b80ef8e76dccc04a81dfcc869d38b0fad4f0ae,95814767500,12183476343
02d7120e248bb90972e9fadc2a3eb21bf7a1295a50b8d1611a5b7c5a91200edcd0,17229497000,1828412397
03a7c350de3b9a11313e93c1fc3f21a1d131547b71ac2dac5966545076f535bae7,25794583000,3673477979
031633471d005f37252ede8114c6f4203e0a668270532f0f11a1e4072eb2eef272,51138894250,4959755544
02bebaf15c038fa52a59eb5870cd3b6cb3af6b38b91c316243805df8a2dbd20d3c,29735700000,3148609286
03f3c108ccd536b8526841f0a5c58212bb9e6584a1eb493080e7c1cc34f82dad71,37701149000,5328532797
0291e61659ca2b414c10a37bb12647bf5dbceec5bfa0ff3999f1c39b2014874ee4,11733337000,996857891
03df257120256b5f0b87d25659946d42067a094c765bff830eb66d6ffba6f4d5da,51849574500,6890855109
0375448620afcfc8b4589f588d43f9b64020c7bdc4c132595558c38ce6f198de2d,28039616500,2239123806
026e0283d16402b81ce746db852aa8ca84e7735ec95d43f42dc9be3f00dc746b6f,28207413500,3955125833
02c43115328a5bd4dd5870c4c2e129f0f19bdb685ff8c1727c9320c0c6f5636a2e,196839361000,15942037795
03668e08fefdc45f91d21dada56f7fed9424dc1092390b88e34a4f119fa4a9e002,240822203250,28982928150
0228b05a27e1dc731ea596b70e79ae27949377c35fb23739bdd2eb1f0840a46802,73075780000,7699873994
0200da31ae309a42f955de9383c150a4167246bb22d5380898cd70aecc59136c50,60459570500,6632603988
02d087076869ba3d7da03fad3ccc9eafefb6cea242b1d98457ba8e9d3980baf7ae,7090000000,294525300
02559f7bd0aa9e35047ee32ddfa5b531968245c644cb4f1f0e41ab191af0afdb19,14385412500,1605966704
027b37e3e518714c47f49e6b2df1bfa5560ae859bad58a4cecc67a89cef3950118,34999554000,4665890788
02bcc7d378263af7a5dca103f16f5c94ffdfb63c161433764973904f50688a9071,441719233000,50883504487
023af2336e6bc5c53933ed5a27cf64c19ce1efc070923a92aa699767df91b9ba88,8318457000,161023143
020b9040c4650daeef20c5479513c6541f4892d62dbffc94b76ac417052060c516,35475284500,4117012480
029ae209ee2fbd90df6551b2929f275631c28908837c9069df137fe28db927062a,133978944000,15460254966
0339fc5c11f79091b0a11b8da6a8abfdcb35b1ee6617b86d744800eb43324662d6,30500000000,3381778667
02d2f693212fc525ad1a4d7546c2f24b96a8c002b8567c49fee744569a4abc6c99,116283020000,13908183697
0202b72d9ddbaf4b512446b4914c1662b67bfa38080916180c9b35d9dcf2950f6d,26250000000,2494755724
032246096fcfbc787bdb826bbe5ed7c5edc2516ba5cc96728944a6e386655b3283,117258181000,12455542639
02ec14c429471b5ef3cc7cdc95f38b30e4c61f639adf6f95ce8d8ad44dd224ab35,121338276000,14594749651
02a02b4987ad2591df706021543f52be89cc5871914067ea1b026d424ad12c2874,55625000000,5359827845
0303ddff9154fd3f5922a2e9db88301dacb380be7246d62716a6f246f4e1b20ec0,72929855000,9430675302
034aaa404a318beb1d4f9c3fa9603ac24702a9dc6bb31d14d7f02ab94823e28aa9,35340498500,2917120272
02de223c6d19fce250030f9569dc1dfbf3221987cbce358a060ad83e8ba5149242,145777215000,22569272049
02e440f78d01b317eaeae52e5af6fc501381b8867069c5a9ebaae293bd5ce3fa2a,55319620500,9707152480
03a62821af072e640e51187000fd83d4dca94d4c8ecdcddb6fd036a14d8ebbddab,134645793000,15153560266
0329dba1de0f3c7c55f2101bcfdf1b3a2a8d13787d9cc33ae6c48a944992521516,10700000000,1121129136
03d9985f96f51e14bd6c12c54f756ce417cc168a92f8c38903ddb303ab8cdc572a,100751306750,12559143274
03016199ab5bc651f73c9294369d4697f8e43819bd906f56b85feebc58ece4cd3b,72053575000,11825592727
02d1ef05a2105ad3eb66c78d9b3d751776d975ceef85d09593737e39d54d2a8b09,174500000000,19514260196
02a4ee943caeb847398960230bccc19937dd04834e768472b711a4ce0e2c77cd98,17491759000,1928013031
03bcadbf6d18681c99d6cae4364456196a0adcacc77aede921e6e40a38b12b69be,131125000000,14782114721
035f3eface5666a1a4bcb5950d768eccd35ff122c64dfa71ee50db749ac088d2c9,42500000000,5765303763
0296ea20c1968b0d46017eb0289c48cda0cbeb8f31f3cde424d85d69cdb50b40e3,51777215000,6651092086
0327e003e3c742db9a77f436e672bd42bd4a302ec0f92f0486c4fe09143bcfb0b9,205728311750,32512819532
02dd4451ab284be5c09dc83366af489680cd03c2879ec46c255bd957a172faa699,48679278000,4332543572
024e49388e9a091f296b7f034757845f16dd5d813e0226c04c8ca93a56c67229e7,97752149000,13521440371
038b0e5d711f3112e6b0ffd2b6d0ae90977a0b5eb309f5bfbab89e6d6fd0fd7a8f,60908942000,6598417690
025176c4be908ee06946c27991949391e50af961328469772dd04aead0f951f1cd,112326422500,11902111184
033f405aae705d96d4338efb236645a61c9b0a2303e3185211ed3b02c0803a4a2a,94871635000,12157148707
03ddc25684e925a3bc555cac4d72118e50ab2ee305c9b906468aafe42c537090b2,37600159000,5567097417
0318ac9faa9629e7da08819bc8fe0dd2ae3044d69b1b2283a63479acffeb968483,228507132750,34398009805
03b777818fdba40138bbb966a1c33ddac208741512f1ef63c00d98d7d04aadf0fa,18033830500,1308783600
03fccc0fe0bf2710e2b28d251647d0749ac783a6848a2bf7a087d84ca9b0d5c4c2,5250000000,479398781
028497aad9d968952cb64ff5e55079b79903c06abc16e4155f43e78496ee7c7d80,14350000000,1465535039
0216cab3f23d522a303f75effb4d8652b0ba71de36a9aff9ebaa8f376ee479cc7a,48412500000,5611922680
038bfba92d462cc9e39e3055eb97e641ab00126eb74a1057a3e81e1a2387f8c802,39199999500,6830527404
0380d7ed2beddf814ac4119b6ea42085f1c6e83f50ee5593199de4caa5a186bd64,55314264000,4248978991
03ddeef790967691c9d7e72b0d76209d9716725d89662bed1fd8b321ba5cad3e87,50050000000,5050885194
0337a42a4384c331258f7fa53697f27dbc1596a689fe77923d31b8e7a6f5960929,209593323500,26564250038
02e12fea95f576a680ec1938b7ed98ef0855eadeced493566877d404e404bfbf52,29396264250,5010685186
02d50e281845b66acf67a0ce754220b8cb045fc38a783f056800c5fdca1cb3abcc,59967215000,2296719863
03a6680e79e30f050d4f32f1fb9d046cc6efb5ed4cc99eeedba6b2e89cbf838691,45998196500,7094984215
020783a7022993d2bbd1de05aa070d92bc58759452247b4586d542fb565e3dcf59,165091057000,22128130515
029341bb7a3c63beed9247212b8551322b885ceb8db56b125d9cb1582fa0d1aacd,269569570000,29785789908
0340f8fa6bc058df204691bc1c965de041e550d8ef0512d22007d4cab7ebd7a536,218916167750,22369433841
03f9d7ce70fcb0b7d796c1b6ffca5f50b0212eb4f6f46c624a6f72ee2c2737eb32,144004214000,15122549821
027f0a6db077487fc415493a71bd914b5e9f058e92aeb29de5db12954a176b245a,43091243000,5158422016
02338deb91d4ce231b8161d8c098b4d4a2cd41ebb936745131ccfb0ee1ef74009c,156065450000,14253997185
02372c3c6bccc737e9bf6e0714b1ad5f4412f0053dc7ed35c050e728c16e548cd8,39950000000,3318246903
03e86afe389d298f8f53a2f09fcc4d50cdd34e2fbd8f32cbd55583c596413705c2,26075000000,2258522696
02170068e07c0ae6f5a144548c279ebc3e8b5da1e921255fb16ae7b39cea777522,61560829000,6507876779
02c2ecfd7e7646f7a249491c565737b5c9f83863c23b88e752f2d624e026f5fde7,44500000000,4398000464
032434517e28f7b51665a525d5e11fa493bd4e30a59883b8156c2be4085f4aaf70,396077314000,44607537864
0377a56addffdfe9d8d7a74946458081fe56dd17755635bc48b80381773c1b6d7e,100726427000,12470589606
032bb15c377a3a86814e07288b444014a4a2c7b2f880fb4e3f463623a9e90fb2de,26000000000,2954589154
03bb62e41a7a89f1bfc4a8211894beb7a143e5efe469578d71779233fdef4ac4c7,93840826750,9222025925
032d4baebebfdeab7a2ecef2fbe109cbef10de95f05aa54090fdb687789547dbf5,205499545500,24331441748
02ee625bb15e64a4b053c31d111ee608a4300f7661f55d0635a0dd08cab52e9025,53432196000,6061420606
0214073a35d4a87440e9f44428e4203c7b334638cb967eddda6448a9071f7d826f,7634999000,1339996049
0343803556ab9254e54a637b5bb25f08d3103d0d25282637259c5c3544b1d51f69,68462365000,8676109675
029f0eb3fb2da0d512294d3abcf99642211ca9b31a8e8cf93e11d91ac5376dbb89,53244421500,6906707985
03a8b61013b27176c441cb7b6875b159d9dc1c270651e603447e93d5bbc78ffaa6,61100000000,7108484926
0357e5f534fdac4c38f0d26c4905f08a8baef268081215845ddfdf1719dc2485c0,57796479000,7831324843
02f2f070d940c730edfe386a5e0deddef3903cdf9cf2c0dfe274fcd8c24da6d1ab,36825500000,5658435282
03241431a7f9d071b6c69496315359254442afd356f2b68924b8c02db47f9cbe22,104907500000,11139626202
0355a59f665490d1d416c65b50416b2fd00855b6cf033aeef525d280a00d9c1e6c,39095866000,3629902788
03a30146a7a98cd0231930dc5479e9e16a8e8711e898d9f3afc6095e1e16aa32f6,8850000000,1125654248
02d961748fff4e5ba4a551604207377b08320b76b3e979370f34b31753d5a79426,11750000000,1199511947
036730eb2cbf21332a4935c91f897888dc3b19c947f3bcf51794051b36094e7cff,2143301000,371927185
024c60b2c0d8b495464fd0264b82cedee469b4ed3e068501af7cc74b05b308424a,40077413000,4249313627
03d6e6323c17e2cd1af6a79f61f9b4e04c2878ce139a09641d3e4c0cf11f0352fd,74032743000,7662946236
02f530e9038862a1a65756d8abaa9b570fb235eb090a0f2fa16953e3ceb42a2a6c,69753454000,7155690105
03094b63a5ece2c363ab859952017f95bec7bd9e6975f0c8152f9eff83d0b045c2,110387905250,14082832335
02246f1ced017509e85fcae75e98c6e6aa5d43450315909d73be4a0970e00f197e,92500000000,10204556387
030bec0fb4a5dd5c2dffa5f008210a9b7e0689ee4bf7ae15a7e52491c65fbf4ca5,283413741250,35745856701
038545ecb3c80db999140d82e457ec903ea4f205bdc64209a983cfd9d63787da0c,21450500000,2677342519
0353308936d64e44970186cb43f215fbce1e2ab8631da17c545fadb0a79312229c,32528098500,4474143834
035711fc49b61316c54ab8c0d063a8dbdd7be16b0a93bc5d7627e91a669e2cd569,40998845000,4672377253
035a95bdafeaec089ded020248939b636296ea32e8cf9a0b6af70e9e517f703fce,56250000000,4600412944
021109721c0f5d60297cd26da4e987c4b37706c1d36242e1e402af08c468c5f47b,13303830500,1606460379
028ed99219aa4e874d36ef716e7ea5867ef41853c4b1d885454f68324fb5c6c08b,63125000000,8353498568
035727d0fa62007577f1863e2723216b04a31c3a2dae7fcfd7889a6bf2dc8406f5,15000000000,1151636459
02ae36bfdd0ee8db7bc67e91f907ac871f436b6c702493c23cfc8023fd6202ac70,53904677750,7293242220
02680d3b6f0a8a1bc342332a3034f8bfd4b07d8d39dc4b04f99780b9d560978484,27090665000,3379320715
0398c9310ec8e679544399b1b30c1132d62040e8ef284238ac7956e6bf79ca6025,6673351000,381943766
030c9705bb630a9d8bac6cc7fc8e83cd4b9e2a6b99ddefc3fe01d150e019703133,27053185000,3553423308
024e4e0882db23d02d96048ee8e134dbedf8626c625d0f2e6526625850059af903,15350000000,1598940429
030f3f4d5c3e06a245d4affb5f150d48bfeb16baa6f81ee9c9c428c789c1efa06e,24445721500,2037386652
0377c9f9105f3decdd06962f164001982de9f26a28b1f21a1a9ebcc160d13e6574,15395000000,1390833368
020cafba3d34424a579742ae64c197210c68ed9ed2b869deeb42f2e0f7781ef01f,55727107000,7419288503
03740e5e515f6e9dfe67e1ed44568d091788f933e410759b856cded38e0c396a26,22075223000,2581412023
0334049b6072c3044a900ab55a28c2f5361cb630dd6189eae9485d932ed139087c,29447500000,4002211348
03012f071da522fd84c137cc9b9745e0e2d48d00c823c138c068ddcc2c3552a24b,19100438000,1516579246
02e3b6bb0834592f327f82ad6202a8328a64f27de2b736cd89319300f101f5b761,17255000000,1899844420
02fc8c7e9addf8815c9cbfb96f666e4830c2ea6ecb626f8e5ce9cb4deb1b260bb3,22750000000,3415437965
022d509049e143b1c5fc5383210acb97a3e5a4b0e0d31dd4c920eee92a4aacd312,19389372500,1861305914
03a32888c5db46e13d1aa07cb03036f130415477a9ffb09d58c1cd54f777fbbdd9,25031337000,2339405204
03470b07aa5d54982c2fd5936ccdc2eae9a9d13d3642acb287ba1ed20a50d3197e,2800000000,136885688
027570047c5cb88292f315464a66b27952d1667e637c8d956e21d19377be1f1403,15000000000,790269529
0345cea86d2821d8d7e013a9a5c9a01531e357d51e768397f1ab0792c77c1d0338,8678568250,878729407
025ade8f066537e895b6933d9d4838ad627bbdbef2185cb0c58f942d32cc9d8a96,14000000000,2689077814
033254519c33b0b86ad8796c44cd8a04b3333149881d1453ce963c14e4af910099,6856020000,1076002506
03a9e3fd8e5123ec05881bfdb265abc97e8e7cde013afd77941429c0974e5c34dd,5270000000,531928350
0223390bea8aa598442d056ace37c07e7364da1341b3681c371f6619b2879c0af2,6485544250,291111366
0378986aa771344e2f6d7ddf18fb9742adc8f445f51e783ed5f1a004a8f635eca9,5025000000,300156439
02cff65b09aaaacffa5a7089bd357826bce1d7ae9ed8192b400dcde00a2071ae23,5250000000,100214947
02731f456c716bc15b86b426c7bfe1e57c983cb8e501ad4db26a5dd87737a4c045,5000000000,580006494
0261b19c8bb7ee4d46044e95c31316db72c64a45a32da43acb9a69825164755108,5000000000,29873628
038a12a2022e658d2a81bd2f0bee91a991f76e62bc58fd13f61387f78e622bead3,30000000000,2776257591
031c6d6d6f241e253a4b7702a1cca1c3b822bb2ef1c99919a22c093e1a3b1e7b10,16480000000,1808133839
021368ec4526827bc0acfe8c1d0b684d7678528fafbc695faa517a3ab191e92c92,6970269000,794944582
03a05771161ad3195fe4dda779f0b14c61fee2aab5f76638233780520a7460a80b,203482581000,25636904062
03edd230fb182ac18d0595821107553cfc400275f1ec1a1fae43fd2c1fa391e7fb,46277215000,3438510040
03b01ed82152ee1d3d7288cf14c4fa09f15e78d270150e7187717f33330662a295,4900000000,835052320
03d80f73824f7a881f4b3db3553b111d5defb99f6a8ab504b6e92723b335835b13,98601508500,14755344753
02740c62f38896511eb98479036b06907fcac283f62d08b756a1e25fb55e3f6772,112440113250,13500556204
0200cf174ef5c6abbdd2f8ab87d1628c83a99a309266465e9c7cde14fb6d5882a9,198552124000,23811028336
027da91e761959e83581624fc7847cb2bd86475c529b78197f3dc453c3b89b628b,100874245500,11992040312
0354d80bcc05fc30b0d867238d83645b68b326c59f05303be14c87bcf4e84bd9c9,84933512250,11045550380
036b9a856dd196180fd0b71a0ba63ad53be0e4db4faf2c4e4133f1c287f3a6ee97,38209938250,4343755111
03934970636a5394cdcf61cecc89bb8b681df23aada721383b0c3f3c0791cdbebf,41500000000,3614669172
0300207d05df00069fc218080c3b728b84ded4889112d0cf4e0d30a74fb5898e62,41071412000,3652264146
03212562564b3be0b44cd1ac577007b20dcaeeb7d393845a7c75eed958c53b728a,23190179750,2576393780
0272f1d97b9af2ef3ed4547a1cd104b761fdae2cfe156ee4b311cfc4ad85eb9a50,29192643000,3540082842
02021711ca9152f342af9191c13c31fc7e47d5192dfcdd97b0f0632b0410aaf929,10508299000,1467462129
03f652690e03505029f11387d03e09836c98c89ec69d5e302471b1e79109405ea3,44984837000,6968594838
024706bbb0ef2a7dda56446af1c39b72907471a9f9eb6e0993aae3b3aea93719c0,42675000000,5764901139
025093e0447f5f98ddaa0091e9e5720d0af7c582dcbf78c304364d19091f70fd0e,146974425000,15635537800
023cbc5447c7c5628dda1e61d96ace40900a74e1ea0e7fca1f41358db52f618003,35750000000,3161694382
02c43a8c5dd024c4d3c5be5612347f87cf90d79e5c2417861908d25f72046354c3,295715283750,34944266862
03b00f5ce75be4a9473425e8caf33541a6636c31453797492df0680b688773fe37,73174896250,7668551471
03d15bbc0b4ccd957183834adb1a04e8b28fb5c5d78d07012f753b931544df37d3,14150000000,1479777812
0280d500886fd3bddb7160afa3d3fe41b94b74dd97853902c16d0575d2ecf8ff97,17592550000,2380649146
0227f82606e8b7b4195b36847baedca2ea60927c56900cff99d214ab8b359aa64d,8800000000,1024110653
02045f289f0de16b275e925aff584bc6c626dddc0f29e15b367d68a35de445d98b,27105126500,2782612228
03f72d1183db73532084d7e9290a78e36a796b334677b2f68bc4312de4f89d9c80,22747738000,2396602707
025e5019685002fe76b46cbde6d84500e674ac33863fea3ab490ea72e1ad8974be,66832090750,5885665638
03528679108d02f35ad5df6f746574e2107ffb83fa576173f00353f59e39f0a251,57452466000,8821759010
029884276d877c1848a107f65d3ab4652425f578a5bf31447959e89a0e95a49735,49045623000,5373397614
03fe8461ebc025880b58021c540e0b7782bb2bcdc99da9822f5c6d2184a59b8f69,62368679750,8228928834
02a8ecd5eddc7e2b0a34c9bfdff8c5e1e767e1e8e987d87516c43bd16de89a8cec,13018872000,1098183614
02cd44556a25c457ae4adba9424be21985b3c47e5714d57ad186a8cdbed2ae4162,14500000000,1157321558
039debbe207597b2436f26ebc646c176d736a3dc0ca2a3193e054d6906550dda30,32725001000,2964959481
03d6cdccfefd88ecccb93cedc606815196039d5eac945f2f7edb300d217b28e557,28687500000,3265818513
0209faa30755c89418d396f31e4395df51cc79b72890e1fc02de1fdde1448cebc4,109633142000,11704958679
03ae641aa89c4d2c0034b31bad23a4f80f841d593ddd52f7f35cf7896d0ef8a594,121955322000,11059321990
0357853bbdbeda5b662783f391f29bd10194e2254d0f091eb4116a0b405001dd52,75703882000,11494221108
02b02f29c09eb046201d27e2eeeaa6b92ac9ce12f1ca6c1035f59d822f23c3397d,15174675250,1610818681
03053a84e7de41cdea52ca12420f509b239b9a41198cd88aa46fb02a8cd0bda875,27575000000,2385456741
02581cb7e2764f53a2a13ccbbaebc9dfa47701ce02825428b84f0c6ffde76aaa96,29690809000,2916010511
02c87d896780ce8be6fc29e11b074982551e4a0e05f6fbabc23eb507eece16e653,145467720000,18438807329
0372bd00e7c43efd583623d8fa688141b91e00d0ad65b29b630bf7188804da50aa,153157571000,18983372891
03b5f4b432ce0356d16f41ad4b5ec3127329188659914c9810696812687773afe5,206680754750,11313743989
03d2c066c4b99a14cbe341658c09bcd76de7b819a5972500eac2e07dc35fe7fad4,18500000000,2720592088
03846aa88ae8710d0bcd881382f6164955b92600d2d25a3f9f70e897bfcc22c424,22855000000,3594040505
02e01e9c42e2454b14e3209a71b7abd7882b3b83845487ae4ca65bcccedc13b2c8,19431230000,2461355331
02ebf362cfe145b9afa52e7779abcc56c139d95f94f14e77f6be16107087bc388a,43277215000,5078263648
02ce13573f6ab577088cead4379dc64f300ffbeca2ae040beee9f3541ccc4427c7,79723203000,6841224440
02258c4989dd2c13a4dced3bab2d7181720718f3a3fa75ad340e59ef56de988065,27000000000,3709374111
0311e4ee7e18ebd68b4e1c425da78a5a8af4d5825ece596d9258d152bd962a7e2b,94277890000,12228951946
02f09416daf433ac179b9260551007db513e648708bafaa8b2b283c91e73d97cff,75381008000,7028352238
03967febf51640f0d1adfdce74da67e25b024ad6096e8ed51e6e16cc630f31f0a1,55650000000,5568350533
03a32089190023ab9fab53a3335094f663dcd9b8bdf4fda500ffbafe56277cde00,68748099250,7363217586
03c0c47d7ef797e39f69d2dc7b1b6fe1c977a45521ec6cd6a57a86706b6c2749cf,69657806000,5612373778
025843a1003ad858702313b9435f00b8996a9b6e078bb7365e54f4537e944d3be4,41144069500,2942436715
0228cc784d015731cc0c5dc2163c8bb856f59feb3234ce813edeccf2e26733c32d,23515428000,2361915488
03db49941de51d120054dbbb71d5799923b3733b790361e5bf91a6f6fe5f3b9923,104527650750,12449277906
0206ba1bccc9241fda43879095f54f276b41373ca236735c5357d55e385a8062e5,8850000000,639741227
026fbb6e7bc01ec90bf314d4c38fea60d624d5f4ab5351dc15c040377a892d4bb0,119638728000,16861378823
0375e72599fe94284e3eab6a395f9e9dfd9e6678431bd4fb62418a7c545db15a99,44421350000,5479215079
029390e8b19c4d133bcd2af46dd64459e46f868eaeebe99953c1647b6e492d6821,5300000000,774824305
02e330447ed6e20f32028ba9717136679c0cc398b3b4858e0dcbdeef6931837b38,71092094000,9865989059
0321c95cb9242b489bc89a80effd391b93fe8fec05cd66f7825b72d6880f1feece,15732121000,1023694241
027296837914c69596452ea4425ffc3db266997cac38cc4b0fc5c81b31d42de924,28500000000,2981662892
0340cebc736a14b2b1598e896635f0858fd5dbb62c27d91fdf5cf16de9bafeb32a,140650000000,22110962099
034cf00d018771d0e045e8e090116d89c3c181f8ce9f14b028176720c1997f35e2,6590000000,407135652
03e35a27fa8bfad8675aeb9e96530e7b00e6fa03b571d235f6b4e68cfb4ef9097c,143556219000,12592994231
02842457873de1c7c9c6908c3ac13072d90bf68627229ff37e3a74b776dddf8f84,55654430000,7844459363
02d56953128e2a309297baf8f62db889121fd96e6a25151d322cfb13f92667e111,9687500000,1229059751
03e9513e9d06be80a91185d52d1fd654f158508d0bc3de7cc7ed8506bcd3e2fe54,6609037000,589549710
034b7b1b6f9d6c98c5db180a65987f407d46da3bbc706d5e7e326b1167310cd542,159482791750,16874050023
02125668b1197d0da391eec5d664eeb44f238e025ba0c23a9cbbae6f302a8422df,20000000000,622401372
0327f763c849bfd218910e41eef74f5a737989358ab3565f185e1a61bb7df445b8,29567540750,2985879820
0339503bb2dbc4fb8942fde09a7070489f6d36e463f2069ab71ad3ae5ae0e84a05,24774233750,2715317394
021c3ec6432d2b9b5abcb01dd64b3a8f2afe3ba7d8c021f63ffd0a994cd3bc9b88,102925000000,13759264795
02b49760f3cd920834d3dfada9157fb72de1b99652da3083567219c695a5b135d4,20071188000,2573573559
02e861900b3dfff301119b99c2f3e8fd2a4d223ed010215aff2e92f3790784f86d,46950000000,4756932306
0355b6644e174d3e3c976759b6cf1e6548b313beef0ddab161eb9e14f16194a424,14362574000,1992877962
03db10aa09ff04d3568b0621750794063df401e6853c79a21a83e1a3f3b5bfb0c8,49322170000,5199045412
02241407b77092b0ac43350fdb09d13476cf11b0453037494e55f56207e1b247b8,37284658000,3373118467
02cb2f9a74035376c1fd57e68986176c87e68bb97a59fb49d31ae7bc0e84f1daac,28927215000,3349236570
0396c1ab52c5bd08e8635dd39acfe2d1a2e1c1d6a811ee1ee452c7799678d049e4,22407104000,2654810797
03219be1874371cae4176abd3222b993482587a792dd2889538303550cd2f7f588,34762479500,3353551696
0273da0a525390c36857841e208f1d289275c76ebfa7ecfde697c6cbf4f235b4f5,16220000000,2593895572
02f4d13c97cf5136aae709c2907b7c666156ded28096f036a455da1aeb7463fbe8,7599491000,1024177847
032fa0f1a5875d817487207ce64cc4770cf791ff1287e6cb963be3db275091f82e,7883794500,1195929845
0317a21175c77f374c329410e6ce00191e73104221e37aa97f9920d6cf5ace7e71,5329565000,1034184665
020815756dfccd519376ca1dcea8db8984bef6efa5cdfc90662b1a5e0d68f5984f,5000000000,543529511
03c4347142b8cb53825d91da2c33bc751b034cf674e1641f30638f1d00c5e3ecd5,5000000000,962655803
03b5effc7e8402297e7bebf2358832a4e4ef8b35b2205d9575bcd80324c20da929,32996540000,3995298088
03b49dab6025517f2dc5bc81580ce125a15d072091e2c5e8965b9415cc65deba1c,180673329000,20135364719
034d1f87a3b741e1ea0611229a23c4bc7f0a8c04e35a2ba146eff43125985334cd,62046336000,9137175481
0266979144c10aa81173bdbcacf0d10d9d2acc900e61589b528c20e6b8398524e6,41250000000,5790003843
025ba018936c9b3720d187c5f30040db6db5331432e968089bba1a8a1937681985,78414024000,8032186653
026d665c34210fd99f9d4be36bcfbd7d637ae890631274d1f82cbf45af8cd8b2c6,82008083000,9533525636
02e2bf9e87c7ba0ea046882d9b3301ca9a3b049aa920dccbd836c4008eac32d4e5,91452101750,9673445971
0252ccb43063b5d5b8b68da268c608684ccf436a4264579ca6021b01a5b883fabd,78574874000,6572440993
026ecf8fb50c1f482607f48fd570406efba3c5a5c78507de6692d18519ef085969,416581638000,53438864806
02a3ff401dee7e48fc5b2b097f977560f3b1f12d38489bd8122ff3f50f27b84397,368317215000,38460566741
02aa6d04033505013665f96f31c097233947e7cc294558f32036a2f9988567c3e1,78014359000,8242032953
03ac3fccdff257b43807a38432de2a661a4405e0ba43d267a75c4a7780d0b19fb3,57364200000,7018108148
03c3b763ba79eebbf5e875d68806e1cc738298b16b4a521f53b411d85cae511ab0,120072723000,13636876455
02868e91de49f8c7025ee0d1936d50ea71870d283736ef5a71015179f6d1fad928,45908007000,4119217343
03aa5d65598cf6ea40bf691ac75a9ea81863bbb147f349687f1a791d31d9905eb8,6090000000,156054511
03dbb33137faafe294c90a8cc52497a3b00c197ae1659f5c39b884061f393af57d,9825000000,1553256956
03f3f3f9ea1e6e3df8108a3f11031f0fba8e494535c5a45fb83bdc95a89fbe18b7,38330138750,4228152445
0279eaaf2c8fa7d91f46dfd17c7221fe777b88688443cc4be3323aee2397250a48,39875000000,8601866215
03e81689bfd18d0accb28d720ed222209b1a5f2c6825308772beac75b1fe35d491,14090000000,1807775156
0255e5fa0a9b72d37dc8885178cf6aec9d351b0b119152fd7b64fc7e652a360eb7,24934181500,3661441263
038676bde8350e2d463f74ff1d1fd5acc651816cc887d7d70500a1a7da27896997,28325000000,3126623973
028f4a60dd133875e8776d5ac36e87097cf59e6e3a1d74fcd14c900270dda57c06,295625916500,43092994946
0353d8c59f50d1a7acb4d9eee0595e85acbcbec8d90e6a7f6980888a65a1ac7c9b,4773578000,157394562
02c2fab8d99106ce621cae6d35aaddcc5a13f6ae9c65f2c9cf2adc6570dc08482d,9328427500,1070058472
03aec5e9797964408f855368349c2f5214f09853724144f7463879eb1e1990de44,17520000000,1661131151
0225089fb29debacec6131d0e96286495a0b894de65a2bca5b11b0547ec217699f,21300000000,1763496136
035c03874c6116312afd210dc0ebda5edaa5164c2296ee738937d10ff2a45916a7,13000000000,1029292499
03de79b87eeaf09ce57b173d92970949669bccffee63f4b10e9bf3ccd93ec1c914,21972222000,2685530758
025221c9bdc062acb3c3e7d81c8a07eb6508245d3c775e79e678607e34071c42b9,29322271000,2807134008
02e0ee992ee12d5ed05f1a825483c8d514d1dfcede7fd336d4ac0f90ba278a0a9a,6272500000,1066262097
02cc1c0ad3582f0b7e2d588266934f3b7f1566355e9db32f39ace0c0f38ed3824d,19499999000,1844326891
03bc9c2b686a39635629db8947fb898f4580bee9ea4ccd2c8e9fb251b5583e8e17,15762993500,696493217
03c8bc321e5057804e98a68f526e814d0a71b6ab4fd1c577602b34220e18175301,25875000000,2266616792
03bedc948357ea011189b40ee6d0bd77c5d710ef58dceddeca47ba88eec7dcb681,4690000000,829801636
02906e79930b0b7279aada7009f2d2f2673505087808b023db3e1174c8c83871c8,11002676000,1991937111
02e98e5929c25f16f7c15b9026b9986e32dc36ba62c6497f436984b40fc3f0d7ac,28116405000,2878377692
03457c295a1fce1b2293fd0bc13b373660ca6cb4f9608a03299657b2204dbb43a0,163750000000,17752610353
02e430a0b1d44e6366fd6466c536195f81849e85030554add9f57d593949e651e5,15211410000,1473000403
02b873b95a7b654fd70aa7af6f3d37bff83317f5db6a4f32c9b45b6f4cb1b065dc,7799859000,980519382
03d921b4c9b5a5f155e70be01b340d99117896c4fab9efdfef71ca9999d059862f,131771940000,13250045022
03cc7f02db24181aad930df3c9e86646c10b80f745361089a07db39e9a4cfed3d5,71278589000,10066643419
02bfb576be997eac8afbf6fb22e8e69b58eaea2640f6aab6b7ba3f54ca5adf49f4,4660000000,902956659
02f1246b8fe904a5c5193504d8069532b1fb8692b84fb3eb64318b201238f60ff1,79281258000,8372768047
031054617ea79560ebe492873a1cc0f49d8466d10870a0731ab4e4beb4343909cc,45869229000,5233827534
0350488d6f533dc1db4c4ab86dda74865adab8ec9f9b951b2bbacd601f3304fdd0,15991258000,2188188305
02fb949a6965c62a40b5e7f3bb01cddce4c35abf67b469e90155f68637fbc61118,381910921250,53023168186
039c3a185dae6276f9e04f9dd3935e5c891653da5d8b897eb177bc71e0712b2ee8,47826967000,5019779609
02ee4254004847fa44755d0113aa2cc44e56cc55f305d6f970636a74815173e592,29042430000,3882264407
0247719ca61fa34ce383634a30b9cde6a2b396a8a6e2974dbbd4ebbe93e093ad2c,114895741750,14641649661
039de9860e1108e69ac95c90b32bde4eb92a95a2883dccd8ec056f2f2f83ffd084,5000000000,837020477
03da6e100d2a41da4deb62448d641812340bda020f16fc8312825cdd7c00cdb7d8,67105229750,5626247491
029acf4a72cdaa4de8ef6d7ace5636fc553a7080099a3e8f4dfeced376990111b2,7636093500,790828328
027e581b569e6a36270bec9a79c3760a90654c50be4c2eb8b96be40be403915b8d,11000000000,1127866024
026865dadc6e1d5a9140ec5e0fb1fb79ba045d2c88f025c2018192dba3a82547db,5500000000,352642284
02b887bbbd122454ee17c3e0c4b58cce3f7fc0900015fa62f3c083f787b5876396,17250000000,1928096568
026ad07ffaa1f9383c59be5355ec00fccea0fe5c1fcb3683125e873db0d5347883,4000000000,612753359
029cc0e0e6d3f90d50f4c28431261a3514f0b0022bd084a8e89e7c5b2803a4bde5,4000000000,40471371
02b4da40f3b4b78ae1a1ae74ed1830091a3ef82cbdbc8332d291a761c19e71131f,6728652000,669247143
02c87ddac0fb9ddbcc88557275419dd9a307275eabe9d2f74e338d90b0eda81be7,115475000000,13490785960
02b5d57089802ec5fb1d804ed47b5c08cfad150099e442e68d8e82a6b20efde33e,44069048000,4381445024
02d936f49c7c4ee4c07d80d728facb612c8f7067188c8aa9ceffb1f3909af677d5,12625000000,1281584693
0236e66bb702149b8efc1423abad2e9d7ed91e3abc99113bde438ba6872c2bbd25,10574190000,702876872
034653a43cb5857d6f75ff19866e27a8e03355827bf6036fd8d3c9478a37e33813,86477638000,9921883794
02dc9d85ce7ebb8745e3713dd47e6c96c28bddd5c4af47c3f8a6534c75034b32e4,16872856750,1737571992
0381606ef9e77a89698e4a6b22b8859691bd8c2c5d115cc7f757f64a2a8011aaa6,100726067250,9821337438
02e0fb1c1f31d9b480418e98f083987110e59b9a20bada4aca6693d10f6cf3e060,156123461000,18179215940
0238268dc72b78f0bc19398b46916246723c013911286b91b61e7f78d7a9a90174,12242437000,1697603984
0285c280641305f1641a9e08718d5f4b1ea3bde8003beec4acfbefb5dde207ae4d,207482944000,17512728800
02570ce017069fed62d531fbcc46636c6c128d2aa24aa8c3c124fe084237d191ba,15000000000,1242491201
02a19661e71acafa1cd176efbf75f0f95cf7ea8bced210fd8bca2521ee92630302,4500000000,174495942
033155023f4248cc522d488bccabf265a1365760de7420d03c02ffb6d8931328ce,21638910000,2197758549
038f881bfacd334ac7d1ddfb2e9736a77aa007f14b3a007b0b35fba2fe0f123098,85911961000,9518200739
02ba152ddf541e2df1b027c94fa5c745339bd6604beb81450d83ad2f1b241a283a,28500032250,5274090494
03eef8b6be96b41de549dc9a44eefacfe9e4aa88c0506e2fa86476cf2b97074fc2,12154675000,1536930588
02cda8c01b2303e91bec74c43093d5f1c4fd42a95671ae27bf853d7dfea9b78c06,64263108500,9163827864
035fed4182fbd0725264f8a0018cabb6b25514dd231291162ac8dd63afb278e9e8,44374999000,4698036200
02e89ca9e8da72b33d896bae51d20e7e6675aa971f7557500b6591b15429e717f1,30000000000,2166747397
02e7a7d3c1e6055b7b7457d95e04d9bbd24f200fd4a58daca7beee7bc776e17440,167956200250,18541410328
024986bfb5f3811fdc150a75e1481dcde0c104420cf8ad0855091d6892bbbd2796,8159409000,1167859855
03df7f9429e1f5268067faf077d24ece92f918290214f4a4df854902a3c4617e37,23653272500,4055542378
022eb09a7993a0edde69537b420f4119c0de833e0ee47651753b46bf884db75235,141924895000,17907233838
03ac80331775d256eeb7438463e9cf1b986fcc77f84d9501cb52f34ab957fb6e1b,79498903750,8789547619
02c296e4517fc6e4a3a32903fd89a98bfe213a43e06790384430bffdc857f84abc,74122215000,8949547729
034909ac876730a6a97ae977b41f6aef269049eac028778a49d20a26c309d3a8aa,23500000000,1679807322
02f40890af885da4673f0ee9725ee74bb2c66d6491cc4334056a2701057993e61d,245242937000,27888865346
02670d86795b5513afe1e663189d069fef128611ebcfb08bcd00e379868e084ef3,9875000000,972168072
027388b2266aaf4d98dd54026e1f3d01dab3c5734debf57188442e84fe9bc9f7b5,18542217000,1947380820
02a8adff3920ccd876ad6f5a1eac7eb47844f03aff6bf37a06eac9fa6caf4cf973,4880796750,658025994
0295da9ae045fdb0c7a5cf62059ac2a8d66cfe50f8a48a3ced0d2c68b30e5565d2,41108723000,5014186675
02d147d5b634e3ef558461f7571099ce4e2b04dd831d9d0f2c2ecbc1cd814cae20,89748127500,11695284329
024f66c0a1990a53321c24cdacf2d27c52581ed6af00bc6dc4756332619714a373,10350000000,1276685625
021733c0bdfd65b361604b8ef5a6c6b07c0c8a26617c3188d1d72d86826473c3ee,9100000000,895336143
024465103d65bf86c5799b7178ef55d6f189b8d13f3c4cfb6a7a96ef2ee46b8427,168281480000,19922871200
036e6bf1d112396ee5486c6bdd7a66ac14642f76370a87c997ac286d26eaf73243,130013032250,8486777709
0324b38edb883eea7f5268194dd7c4968f25828f5081c287378549d344b3b209e6,212187621250,24898652703
038071dddc59dd813a71dbf71b9a7a95189e95e21412d1440415be6fe0314e4418,42797414500,4475326438
029c4eb72f36e3c1eba98e48354867f67928cf1d41d261cf1ab75882ef8392faf5,36823546000,2749737565
03c78f8bb404932ca96dead623177a74811895e7f439d017134f8bf325eecb4828,74768750000,8880292190
035c49547921e0ea348f351956564893d41ca14c93457ce11dc2f6c811435b0020,33764430000,2323929858
03d180b31f3a6982ff3033f26245927793e1dea33e93c1f6021057b322d5983193,32800000000,2738506160
0214b1f6b48998b9eb19d8a756af39a027202cecfe608450109465bbccf3bb74ed,6676912500,1041857509
0241e4920aab7d23b228eb72b362433a90dbc152de412bb6b692be7b25bde84e91,4300000000,236064789
0239441feae3eafcd612694a461588a2074b1e53a6eb0a9bc2fb900e67912b0124,47554430000,3475051415
0281597ccb4532bedc7d06f01cee1c5e3318cbf33b76696022c72f54509801a417,37000000000,4098257598
022ba42f1a9a7b5ee9f3a783b02ce401c06930414fd1386c714a9987d51f3b475a,97500000000,7731629669
02bd9714cf565152b2bf942a917b27c287fa79c0bd0e636159e6d1bd98630ffc6d,35426666250,3546825446
02676da411bd1afc62df33152461b6d51b8da6a7381e379ae0f26119e0f44a5317,166405808500,20777560921
02ebda414b6bf5a66ec1866e27a298248550091ab91acb5145a07da4a3c98415e9,41821007000,3923987567
03935a378993d0b55056801b11957aaecb9f85f34b64245f864c22a2d25001de74,41459060000,3459133345
02e6a46f1321bdb7ff20f77f31cdb876a5e06a1e59de78da57ff0ecfdeedb04f60,6600000000,621896698
0296df4dbdb47942379a78cf541364cd9acb9518989500270b93549f4f95b11ffb,103887500000,10731929217
033d23ec4718e85665546998d8cb17dc51947179eba39518d38e6ab095cd2c0ceb,34119947500,3782032766
0267e1e0514d72134495d47b08b30cae17837841aa1867cfdc73bf0f5e65b3faa4,15500000000,2629322851
03c436af41160a355fc1ed230a64f6a64bcbd2ae50f12171d1318f9782602be601,283610065000,32849090755
031ff7a20feff8784bac738af7f6c8e571124e5580181bae6bfbf372cf68d40e41,7297021000,1208214519
02ee6c2cd1a8abf7eec1fc55f8fa41d307e216c9738ae743ba72f86007d9c6a179,19236741500,2883828402
02d31412571650fd41e84112f4b8c64db83896811692e84f5b211cd1442a6a68cf,16500000000,1664240917
0345caab525ee0a47cac374f5ae878500920cca8ff44b42711852a6a9d21d6c553,50041924750,6278101455
026633d9aac1ec92270d4ba78b08fce451eaf231e874c7db73237097b944facde5,68911708500,6760695573
0290681a8483f53775eca26674e215890e06a42e389c1cd0f6e0e4f46e8583c48c,84777699250,8604984411
0257b3546b39232e3569fb9bfe9cef12e3609a6fdb40dd1b1c1d396d205ae8bf36,11429250000,1637358208
0239d3c42b9ed982f82d94e6c6741144ac48b5e45e74f64280bbe2fc9539f1a18a,17400000000,3818564107
03c12af3acfc620b8e8975f6f4bf35e7f32292e6b84c5b092ba75eb9e036de7c64,9157887000,1356756452
03d34c207eecb9045228c9f835d7a2ed950f2ba03a4f173ed6fd3a895cf00de201,26307251000,3942210127
03d16eedc2c4064c0691d6948e56ec58468e622330602113797519a6819bc8b49a,46902215000,3897060211
03f14177bdbd40a82fce9fe7fd6dca02a202e31dfbf1c19779796c1ed739e9cd0a,23817330250,3034350422
02162316b23694e00148b6fc7639345923a1ba6c87b1ae41f8ce2057606056723f,9862500000,1171066239
025e9497188d33af48bb15cfc3cd6d7c549eed05b5f54d45615d3cb7ec3b562588,153314710000,19108662724
03818e43b0c874916b7cc797bea7826d433fbf6936557237343ab7fd6951d77d60,11485000000,1110212120
03ce6a2a24b229fb218e8ef64be5a8e1177ab0c5b8f6e5e191d1db660462b2c7d4,17081391500,1371101534
02c1ac5cee87e4f40f24ea4560ab0e63f398ef5fb630cf50a0e2f638ce51e3169e,154804897000,13429555797
038fd6977060e1cca9458d60d7a82f1135c779b239bd868d3fcd030dc5682e52b4,31865396000,2203247908
02a5fa844d310f582d209fe649352b225440b8a54e77361f229bb92ee263c87e6f,70132143500,6574471285
0217c28ce8fcb419250c9b5b11deb69d928805e8bd96e0d8c1b0936e75e491e2bc,25051639000,2546232034
0255f12c2fb4b8431185fefa20b7fa36416a53c77fcbac877fba2c93fd3784ecda,18200000000,2233868490
024509d6321a579b3f72117509e243d6cdd86874cb0731ff39be6c92f3e64b53a1,181789936000,19971186272
020200298c7dfed25f31fb85a1ef20b6ea7be4780d8b84bffca6589cce52e98c1c,102054430000,5124118529
02af60f2401a3d98e49f4c86196cb359a0af0184a624f1d034df13f928d6b35d74,29250000000,2488001986
02208b3fcb5bf5bbb8b099ee330f9c2d9cf8d953f90b22a966b94902a9b74d6e79,10724815250,1515774856
030aed72353407f7577d0bf7663e28b9d60ef5533823f5f5e1ba6cf9e602ea2c68,10624351000,1468375149
0256175a6dd5d84f2eac303d39fe81fa46cfcbf100c1b75cb485c9348f8dbb58da,24605635000,1996597188
03bde87b103c01db067fe2c7de87b526b95641d9959b573daa107595569a94fe43,92603751750,10587833001
03c0b3735592fec56f6a6b678d019d307b4570fd5f4d17ea02858c1e82e6aefe65,8532042500,1258443267
03f1d2579759d2e3094bcac63584d1bb14c34cf3f091dbf43cfb9689d3593cb044,29077958500,3318222047
029c20772e97f6ce82d2dd15f589182d4fd1d15c582819fe017da7d8215f534dc1,115144691000,15759154905
02a0a184d0c4d76753c01fe5ed8309398e7212d08ba8995e3ed9c794b2831eaece,25562969000,3839274697
03f537c6e27969ea9da7665c51e153b558a890d0682ec47f9056e5c81b08dfb366,20450000000,2327091718
02c130a28965237ed09396eccb4a223a5bb0db6a82c4991e3a90ec922cf08eecbe,11754130000,1791257167
03e6a4a8011a32976b93b3692d446225f635d7843c35f17e7fd3f8272a955c857a,12112500000,1207085869
02a26ba8e2ed79d91b8a852c9f95907ed683d955d03cdae20a18e34dd675f8e024,28837500000,3355759600
0375fa845ffaabfa68f46ed0f84e1b397137ad5dcbdf2dcd38a71367e8bf834743,9418086000,1395501077
02f840256676a6b28f23b3016c35077256f146804a4fe30f3d4f7281e14a2d0706,8000000000,1072019839
02ddc0e653386315299a8ca788c2e659f1ca6d96833c8abccdc7dcd84f4fad9700,24341397000,3906018674
03968d7f8825d1e34e7d38993617cb6a861f7bcf78e6fe1b1043272350960d1f51,6950000000,637766121
032c78a80f3b162fa6e5e54cdabbb9d2c9f788c96bc6f43f3fcba0b4917b04c756,12475001000,2311329321
0298e3b31d76684b21a31614a7c1082341fc87838b37330ec9d42f4330b7a48d7e,109277216000,12728012003
02a96a44c05e4c091b8a2c98360ee48a20a07e90df3bc5b8cb4e403dbcea80fe2b,6000000000,856107525
03dcb9359cb4129c1f0517c7989477a03cb2893e5a5cd03ad2b1c248d127a66574,5301112000,605222009
037e1439d8f1394d00868beeff636e42518a30b3ead303bb3ad4185b53e41d6d52,70755795000,8254580834
037b755cecacffaba7ba91989ddffae647e68cefc1a0b1015539edbf75f1e222b9,4950000000,270223752
028ed6a716c1aee73540975a75d70591a4b755a28e46ef7d6b756637d1e637cd32,107724822000,17132296758
033490a668cfa54df6029b663eae4376c0d2777a206786998eb38fb183d08ae323,4050000000,545851037
02dd7b756cd88bd626a4246468a37d52c5a073f9113fcf76b81e362b50ba22652c,4000000000,511511511
029894bf0b433679231226ed41cae4d69b91a641324411aee124b7c9c367102006,4000000000,348919078
034baf33abef9d79a5b17df748da3b0b64a7b4b580d1cc3525bb0e72888ee96009,4000000000,718799041
023e2f23bb0f97f46490d404e810aef99b62b510588facb0296e4b61facf0cd92d,4000000000,162914137
029e40a54fbab5f84257e067ea734b82eaa190b705c681e4550629ab7df82a46c1,22201164000,1528061426
02e4fde4b46a7825208af799a56fb41ab2072302c10e5452db07a654eda069c268,10636029000,716365662
0304a7b6d0f9bce7b0db22307e1e46d5cdc50fee6ed6409b23aea2137eae9796e1,8520000000,1068193715
0328e09c4ed5c56fc80699b10eb47b260cb060e37716bc58fd93ab00d3e39fa60d,48415716000,6513286374
02bf5a84dbc24115b5d4ca7b3c4d482f24701c9d44ceda3439c2a1a8e105a66b14,10000000000,949644017
038118e0490f8d3df07b6bdc5e7034dee90d769012764d31bfeb167269866824f0,161633655000,15085756070
02ab6d60e2e46e1af91c671234c914f99a3826c1c7e3a358cc46a0bcf37663adb2,8350000000,576255141
0216d546e3f9f474971118c20cc5b397eeba269ee636b1b3042b461b2c0d330d37,8900276000,875684659
02004c625d622245606a1ea2c1c69cfb4516b703b47945a3647713c05fe4aaeb1c,348541215500,53638335700
02d6b78e7c18aab00a62d00e63de41eba9d8be500b0465054acb7c6e8145b68182,7139326750,1160203231
033ac456149db6cd5990317c2a578c99a60b3fa78c2c687f978e1d2a867201e841,7026975000,945531009
02513565d92e8a3876197f774ec038f9d0a990380bb2b28b2a0c97d22cc5be7c19,5800000000,451752616
02317697f8db51fb043cfdb05f1d4e41f1dd1c10c4495d083e2da00e41e65b7c9e,6100000000,106602449
030d34f72ef3a7e70ccd215a8443c625f858dca2020b1d8fe96475651a7a45ca4a,5200000000,411869765
0358fe9854b499efc83963ec50a7370fcf19dd16171d10edfbc0e87850caaa0c8f,5545669000,661936128
035eef0b6d7c23b22fe39188ce6668a4b746797aec59cbf650fde3d49e465c7514,5000000000,202953207
024bd0783a1720b80b38e306d4966e27544fc5ddf8ea33cc18d4594e32b115bb15,5000000000,343537083
03d6e0e8648e23a3636641869aa48fc3888771f480169a8404f5fda7bdabfc2609,28212474000,3185432989
030f275453f36fcdc2fc68fd78a8a2e3a27b06f767e7831fc58c35d1c9bd8d71e2,69579868000,9027623290
03705da1723196139fb5c811412c78b8172f360c5329c5c72129b7279a394ed255,5250000000,588361733
0289b264c7d447fc6ec89e5f9af6be9f8cad0515fff0ea5e1e83a2c9311922ef5f,39673550000,6309753988
03daf97cf2f540068cb63ba2731b256ab16dd953974a6588f4701545d39d7350fb,80093346000,9992887850
03a1b82d21550b77af1cc0a4f0161cd41f19af340f756dda7d8d75e2bb4bf2054b,26277215000,4275205287
024503c4e02372981fc581b5d2bca955403606531fbe0b28c61be141c0d2668204,4900000000,227553425
02fe158eab31e2b84177fb378f2e07515e16856d179bacf746fa2bfd13ab1ab015,14899414750,1592066049
02b2c7add49ffdb7ff469ed578788e786ca1f1f0ff00b0c2c7fa3d021ef66381da,24750000000,1820767931
03724647a03d0e71c7d57a36ed13df1240856f2a7ed6fa37ca61a3f88623b66e83,94636874500,10093115534
03ce3f5b2e893a2d9cebe50b504ed166fa0a8b239699a62817a72e0a7425dbfac8,49975419000,7227143049
0253934374a13771f9242ff6c1381a9fa6d9c75831860f373abc67bde10bb291ea,5333333000,384605784
02ceb27f3d4e32b83f37dff8bad8cc802dc0f380ca0193e90514ae25bc32c7542e,23134838000,3534505851
02aad0d3f1dafa0e120bf20258bff4b21c90c3d47557124e8035e4d9bd50f4f858,203228600750,17072207143
038b9e2cbe7d38f6a1dfe9bc873b9c17092d8d8cca5f42c24a3133dd261d39df92,63156935500,6820686908
035aacdbbe6f121742f23325cba919053c5d985d35ef1ebaf267c3ba012068f0db,49701130000,4450785419
02481c257c9b011b50b75b9ce921fc4e732622ea5def50cafdef04fd93035be236,4800000000,54870628
03328dba4e263835416d35b14a2f0298f567c6bb5dad7e3d33d671de30d542b4c1,50327215000,5968211914
03c8dfbf829eaeb0b6dab099d87fdf7f8faceb0c1b935cd243e8c1fb5af71361cf,372895105750,41272209004
02734c504e4636c4f9d9c3657dbdcc371c2d3a7d6bb14e824279cd69f66d3c4ffb,55236682500,7549123577
02346a049abc9d8aae4859c23e685ce7d5fabdf4b5ccce4341a67256fb3ecf5911,22357500000,3362604001
032f46d1e9a0c0db99cf788ddfd86d815be6e9d752af37f4cef5a13a5276af7004,58111840250,6474478511
03ec7aca393b875418a6dfc4141da1e960abf14737afa48e1b596b498158e6fac2,30277215000,1942256258
02fe4875d77e9e4d2e1c0377fa9e578d486089a6e97be3dcfa2339497f67ceb417,22717132250,2910594724
02bd3e47e838853958f953ec5760528408c4ef9055c1974ada8a68eefdf4b634b1,39108453000,4892760376
03a4c0b218a39e9d6131ef30f0cf0e8de998c622354b707645d2b36e78be053a48,9198950000,1392132321
039389a69782c16fae4d52100a618db3a3711bfc9b9bf65476a1b2c502443b67af,34619589000,4056170406
0302d673ffc2dcb332e47392fbbe88e986a3b4bbd2d438866f4288b50ecb517680,3257487000,588983484
0325181b71110bf2fdfdeb790a0abe81e50759092f76d09e134d4b12dcb8b842b7,7500000000,1121102709
03afc634a158ae83540b3c1707eb3115ed5d1b3e76d3beb398a7685d37aca68e37,18260009000,2035742395
027d452b5ce09de3953d7acd87a8a65e1e7481656d2ffb87cc5368bf978ca608cf,24865000000,2938371317
02819319dff3f4133ea614c3e175463aff7fbb1a97bea9eabbeab5756b72ce6a80,85386075000,4749963412
03866992e2fa12980f0772d6f3922f5b4c7d68205864404ec8b9e14c85d3a58df5,24000000000,4527518180
03cfaf3430622599538388644ee2e84dd0a165990518fdeafd90433ebf828e3924,25147300500,2612830472
0217890e3aad8d35bc054f43acc00084b25229ecff0ab68debd82883ad65ee8266,703764466000,107557118774
025aacb6dffa00232bb60b6e4b33ead50a0e048016a653cac105060b738edc1061,74099000000,8620618102
02ca4c46faa50b2d961f4ad2e9d00c90826077b6a282b71079a88cb29a34b8c84a,49973328000,4984431547
02f43ef88ad2473a1aeb39c79bbb2d3c37669aaf198ed9309499ad21982adfdfa3,42537500000,4707342545
037d1cdff9d8435ffdb2ac0ee31585b8057a0371aa4450aa5d8c4d97ec9b611648,37789521750,5511401461
025479debbeafca668da93958f227708a36e6fec9c82cf3e544b3cc59b44bde37c,28652215000,4992538951
02a20247f515d978cbf9e9ce6a4287b5931d724068b7b88bbaead6380db3dd8e9a,177657486750,19923150979
037e649aea5b426db7b04b9267b377e28dde4ff8ce7bd4c41b09e30898f2177c22,14000000000,946646958
028798a49b210fe648b52a5802f48af3122991930e3b690acef58591136324f157,28024923000,4463325771
0390bea638d3af110069c49cd6a96caa6aab8323d0659f5308d090adf3f67c474b,9025550250,489444053
03340d3fd1e7db060e3bed9e151d392c3574802365c1755b034c545fa6681643cf,52600000000,4355223428
035a58aa55a17045c8eb0bc0b0bc9325deabf460e6c0ac42c63b36cc038d7b6c13,50078910000,6386058277
02968a0d2f8e2d467efebe9c1097583cab899fd095435469dd6b86881f9d61bf15,46909033000,5896647344
03f5bb3357850195630f3a16fd2745049992a930185d5469c848d863cf51baf0d0,32113610000,5941562757
03d1f177dbfe2ac9223b46b15fb0f92bdc6ff454cd48e80c75ff9901654e03ffab,8516778000,1103344649
036754ace92d5c07c0e278d5c87dfb2a12f36c96caf16f5659076959ab0ea51e03,51060678000,2907795813
031005b90058edcdb6a85e8071a5e9dd5bcd4eb0239355485b495e00e652a6b03a,8891854000,957819540
03da650468cf2b7aa2bfc20d5777ff7c965aaf0f782af9869869c2557bd8f45f0d,16865832500,1212565621
03c03aa445c0a7d441c7cc0f7109d454b3cebb88239b3c9158c2bf495e169e71c2,36600000000,5529212233
03c9486235b47e27d1727d63d087747d5a551b8f75d478f9dae7bcccf7b1c5acfe,30734688000,4073523109
0376e83b4b5d5d711b101d1a425dd12110711671e1fb89add8806f22c2721400e1,12850000000,975836031
02795c0607b79ea489115e5b4d60ff48d7edaec3a78cbca41b10c47777180391cc,13875000000,1400139262
02ea86a7ae128eb00f4bf6faf4de5395bfab6306b6f0c146b4f64f9c5e873055b6,35358893500,3258106629
03d9638fe6f6ab8b5e1063ac7e713c34a61113cef4dfbc3e71912d7585fe58a54c,7200000000,960760862
038c1dca0d66b8c7f65a7dd93e44cfd38e550a7a37a0f9accf75ede74af49d8a2b,126340181000,15116584530
03fccbb0dedffcdfc6c0cbc907861178a5f2c9f711b4591db0a3732a825127c256,21665000000,2026786376
02d1fa530f8303e6dcaecc4efe22e98b4db1dece72192a24004dcb9f4607051ba0,4500000000,887916218
02a447fd201226f0bf6421c356f9d2117b0fb05ccc0858dd2b20589b9edb488f67,113333937250,13075298119
03b4a545402c599cb4f4a946dd2b9444c6b2ee61c6a4a89bddfd3153637c93c983,38700000000,5655588547
02f1dd194c270b5ffeb9f3418ab5bd37e20e85107d97d0285ccdfebf5ee62c397b,16425028500,1587638328
03da16040a7b89936d68cc31f5dd1384eb15c3661ab346c8a0b30310b9008f3310,20672553500,3231227901
0292bb4fc03acf27e44b15f5e3e6dab5fb0d5bfafb492f67fabab73875b32d4e99,13037187000,913279864
026ce37e1c31fd57df7da155d2e5e08321fd5a8e7b76b1841f6788e1693c3fe4a1,23785956000,2243636378
026d42b71115470323aff809f3185b5f3dcf2fbba25193a9cb6e5c944ef7b539a0,55812668000,7876020249
03ab5c1de60b2dbdfdce26acdb0074bd8b3b586082d36fb33ec4e70027d439cbb6,11023407000,685767188
0388e0278a212284bcaf7c987b873e8c30837e13f7e4e815ba67c0a470c0e92adb,74750000000,9022283600
027e4538fde1d3c776970d5d5b325dddbd4097780a9e3433df2ee1f9f95cd60874,153291171250,15169381497
02a81c886f7cc867205c4fd4e6e9d4049a60db183599ab006d45e0c7170547a7ec,83864235750,7076235100
02639e9f755792b6c65fd121957ff189a85757762921e25619c2358b3e4ae7a8f1,21900000000,2980638925
02edb5c2cce26b44a691bb845f53f38ad1021efc748f799d0ddf619f82f17a1284,18038497000,1322474363
024da729d74ae7314eda5db8598c63d5ae3e943320fba5b10c95a6976b7750df38,11950000000,1491417088
03d109cb67229db5db706dae6c4af76653581954378ba725666270b84b0beafe37,9500000000,1197267875
02f24b8830cb056da6c5b7e9c0f98aafc97c9dd864f6e0fce0f8e391f3c5ef7f4f,8236294000,481453823
02fa2dc9a363e928c5046da8c95757b0f37352e455d9c455610037e8fdeaa6ace4,19375000000,3712696069
03a724d1749f388c8ccc4114c031c02553003caf533cae77dc2001ba655c4758fc,5000000000,351858384
038c5b2d6a0fe180d1be557d49f7f982190957edf20a4c05a305d7aed17c156ef0,8079981000,1018858275
03843776d2037f6b95e292aacecb198eb47760ef3d5dff78d4a01b9bab9511ab43,23299240000,1834506251
0201aac627cd9bd20fde0408a0571fe906904848e60e9b5790f64e5190c110176e,23449999500,3470819693
031c8042b004429b48dc1e60fe15cda3d656de7ba3a1594a822de6b370a2faea40,12514195000,795582539
034a92e825053e858f7bff0e8d6608cf520fa5da9d1a3d2c8502f69068e02e8754,12253597000,1854544166
03ae10e0b22bcd331c04feb70acc0957bd2f4a112d4cc4ae1f23893d06c9e0aede,28977215000,2333540746
0343b91cb3235a1fc65fafa20770715f730ff783ef343ee70e3e59411097b1594e,6500000000,859193095
03b3a32526f05c45b70d02cbc98b475503c3c97e13d9daf15e5cb632b8adcdad9c,12513270000,1753733692
03696b616f53a2c81cc8849f8eac43caebb3c868d368870aecfa393dc3a4a376fd,9000000000,378254121
0210216ecb35fd089e9a323a1556f1d1494b35bcbeb90392742ff71f7afa1f56ef,5200000000,391502273
024cbb3e9e824905ea01517a2944d0217935ac809a8e50bd85a26701b0ace59dc8,55254430000,4904979383
0399e5430187bdee576ebb56c6da3aa879bd90baf7a72050f7fffa88e9ccc50529,11000000000,1986067847
02489368e779854165517c9d88e977c7e2e90e4836bfeb63186b79cc015f00700d,27000000000,2879325776
0349f11a40fe564fabfb49e9b552775b104115bc1a461287e534e93b668f7270e9,9772331500,1526767427
03f52d564ddc96755a681093926e8ea1ad47e267e52935aaf224970621a813563f,21975000000,3358957428
039dc42f737b519d18278022d307196ee91fbaf586f68ac6c4eeeaa1ccbbf7c739,9630000000,2405659011
033bbdfe05854c173789c6c4a51b8ccddfcc3dd91cd4aaa253210333f1316c46b6,8041559000,882176996
020e8091a59f0983ea4adf0f3e0d575e15d9cee676e827eafd3946f65ae869fafc,2809947500,566007053
039945eaddb2788f1e9422cc6b2ffc2c75027a797842d3febbd33ddfca65432c5f,3344287000,103897392
02ba306f662e0f1ea8683c2ff378aebf655fda8419e0e87341a11daa89875b3654,3243393000,633099228
02745ed8967f54103e1bb826da85f4543e152299c9e625d66791e073a37b8942ed,3000000000,234208954
03cba96a5d22dff3215fabc03e6bca41c266c67a4a393ac984c4d34be62073a3bb,3000000000,348367155
032f88b8a3d776bf71ad6dae046c9be85987ac449384259f975f114076e36b9733,3000000000,102532925
0289411927ecaf49467c44093990b6f446a5d9b396fb6663b070c3f97e1b9359a6,47021001000,5043691905
02844ed44f730789d50af924fe96b81d59e123d77f11883a9a0d7e40b3038a8824,94786874000,11575541148
0252f67c9b9c649829f625d43a28a3ed7c8adb8ecf6cecf53142f0dfe2d9c4aa00,36806513000,3310854931
02cc58e53d8e15d615381de583c401dc55de11b80b52cd7b6db4d73f4bbb01f9b8,182343132500,18153976055
021f1beed0a32fb740e9c8ea12702dd4371b444a6464368d93a2957b95f8cd2db1,157948858000,19279956507
02c8fdd2d98664d661365e6e065534fdeabaa91fcee553c5ea2efc871535145fd7,46399997000,5178174674
033d38e07e2541628214c8184cf6c562311059872363e9f538b2f45434418b5bc5,201307501000,22565567795
0229715d85d30a71e3714debecf6d1a8f9afdbd3e1e9b79ba27ae9efa12bbf4105,25752215000,2900630714
03d1b19ebc6cdce5685bad391f266d077f0cacd2e5c1f46824e1427ce7dba2f630,85875177000,11320733756
02e7275d8320dcfe35c86ca6b66aead22cb5f57f6e1b07675b679f51e5fd86d147,3924129000,462147725
025447ad3c6ce85a968aee4d7841286c018a49e190a1534d2e5a17aa38b9a531d7,68912623000,6642129962
0297a77f4d1ccc55d7a10a9b137119b1103d9a9d38a5a97ffa1d0152c818fcdd0a,207148702500,26374656080
0387d57be12709c8745bc35ac3dfc22611a944a12bcc1fe49a55d7c9bafea335f9,177781695000,14270865336
02373ab35d61b4b2fb23d324442f975678d25926047f11bc76c16ca73dee5b1542,32301000000,2959247222
031b71cbad0cb4e22141e45f16c83c332f755e1ba6819597ab943574010b18bcad,23501335000,2622465387
036a90224b5f62d5c260a470b1a0b98e0840589a89e6b778a6ce6980a4964d37f5,5525772000,560184831
03616c500662f6e2d530a1a94e2209f92ee691832b2d7d326318a938b05ce12dae,28458576000,4982315015
03fac7292c7925edcd222f1b1fa324ec4cb36fa4ab8290efc8d27e88043fbf3af6,18576566500,1968567071
0392243c08c24092167ab89c95c3ae3ad2c0a67158df4598597b3aa09b3d4859ff,20125000000,2390377637
0301b3d63bd0d01a9bd0ec7965a593cad56fd990ee98feae2c40a4c320c958b2ce,34815869500,3620828351
02f504f684fa2da8543a224bb5d9500b7db29ffe906b60ea286ab447cb499f88ba,20777215000,1127705546
0392f57b6a6ad4268d48950541c663892d2c9e3857f42f1ee33043fa4069f5290d,42615137000,5163673162
03e9571b546b8b68cc2ec4963e24e578cc1f90ffeb490e8189d8e48975bd11f103,137772618500,18591682492
02843833374b6c42daa4b780df2066a9985cb8cf97bc4566dd63cf693d32cbf7b5,20330039000,2109039135
02156563df17f24b019e9128aa095c80dd0f08a544c872159fc74fc987f258035d,10651998000,1230752602
02a3689a3ff073957cfd55822c67a2aa4821da6423299441b9d8dc2e00c678e646,37394676000,5443080876
032569bb9504f24ad4684fee59223d39f3adb1f846cdd8a0aeaae3f56e2525dda8,11908333000,1034985060
03b6c76dde433b2b2c61e6dcf8ba956bb80bdd17d4e6e57c42f0a8a6e7ba08392f,9164163000,719547586
03cb24c3155908a47e4707457a3bbb68e5817567b4f61471138f0219c49222e7dc,11760000000,919197423
03eed97adae0fc601f2fa3e12944f847969ab624d23014f4c3896f287270eecb0d,18750000000,1469410682
0254b942f214919603f852ddba66610a0d2365a6a411f61ef79ed4bb9798468bfa,23886930000,3093343302
033262f43538e1780bc56839efea509e8e897bb668b2deeeec2137fe19de50b546,5075000000,955745086
037b6d276f7a3c5835b43d0e1d7c2204d4344feed775d865643c15f1ce19f5e952,46240718000,5054063717
02c2f356abf89a5268a48f3f70f19fd903a793864ec34323f478e1f9bb3724a449,21000000000,2028392739
03b9aacb265dc5ebde04b91b28f7c8bb6ba0af146e5f37426915742daf8f195a09,4908975000,734399433
0370533422dfa2b894207e105a52895b0bcda0564c43fea261442c9be8ff787133,14785664000,1605136093
0218e1c928a3c385c82c6d6d51d318d02f6bf7f31b2300df9afef260cc310093ff,12375000000,1239951559
02c13fddb12582c4c00f4c4184dd5e4bda8cec18c0d6cf9dba3340b9746566c6a0,54738510000,5445132219
0395436146181d6e564368e8f383b3c02a3404b0efbf2c57f31e73ccf1c0cdc868,8118632000,528283955
03ea08d787c0153d42f0aa286a1b7000de17d959771e059aadc1cf85d5f2a67e35,385438078250,56157334657
029a6945224bc4ad91881b0a8c795d4698d42811b109862003053032e5d51cb70e,9067587000,1266152530
03c990306dde1bf1a06b0f17f4dce0536996c658605f46ca41916bf174cc7ee01d,4100000000,472840719
0340b1ae28ab9c0ca6a5d804fe3b1316217d33e312e3c936c08c4ad8e7bf6d9113,10125000000,977127321
02057ee0163d5bc00dcc59adcc4a90670d7cef27db7493bc170fb4cf85edb70650,11439751000,1498040815
03f1013ac08e2696d3e170cf848d11da0d3cb574066965e3fe3c73df245b40a0bd,6250000000,942598785
03299db5333b0b141b4d17d86f3bf3a881ef1eebe66be177a89f55a491e63b4df3,4964824000,195470398
03db7ac914d745f489c5974a998c1984a7d015cb117f9c31e10f337e7df2166e58,5313495000,667158872
03aefca8512a2537c5f1eceb4d03f3767485c13702a8ef58649dc0da9f92f65fad,4687828000,734823877
038758ca700b8c4c73d1b86440acb963be93e5b11f9d6f363041be43572c8cbd43,5500000000,385010592
02bfbcd53c77298c422df5cef61285f3c081fee39f9fa2ad015bfb423e1f0f334b,4000000000,79618652
021f96bbbbe6ba57d0ad49ed11b4858ea05d0edc1eb3238aa10a5f1ab753721582,27500000000,3451346207
03d1b18df3cefb5f530ab230b365e984118a06de282d984e17930f16fabfb8c009,52203377000,4815734162
036f1adf8460c8abc7cf7c4316e77eccd05bd0ce474aa624afa1b93e33e1597d15,35100000000,3097553397
0249454059bf9a9e01c8507064cd5da39d4a547652193aa406e56407a7b1ee67a9,43000000000,4744771446
03ce462dd7a915788c48e3bba14f42d6a3786f3dc6c74dbbc50cc584d98cde6623,35650329000,3367222940
028919036e106a4d58d35d2ca59dc05159e57baee651f9634e0639f00613a4cd3f,25094219500,4103189011
0290ceff33f2bf244836f7c0017247c76bdaf8cb478582eb8d0300085046a79cc1,25792215000,1194965851
03490a66d4976830ba8497cf2474de1d12b7ad03e36a401c8bb9a7fa394864a482,97941441000,11371508238
03738ce66e4b07461a6bd4d04ef5f752158516c2a7fd0eb55763c2a187c9361d5d,20065000000,2661145621
033fc44ec70c1c5a269a7d7c1cfdaf6f9ec7a92bbe7a8e1473e3663ce7ce8d399b,158288867500,19326838395
02fe153690061fa27049bae0faa236ddb95df98c514416a350449c24a8018851dc,118809779500,12006736817
02ca4a983c89dfd34b7b58441298964c57fe1e13268379327407969a0a3bd52676,37277215000,4490172718
02a6f7fae83ac77749f826c430bf6052da8c4259aae0c651a53f11f3cc7a9f5b30,4400000000,191091957
03ab6e97317358652bda94a73404a975fd96ea65e1c216398dc445d5350d83360c,40320428750,3222195324
03055d3f08f9bf7725dc0644192f045e3466995db33c7464b0e32fb3542d866b87,29832744000,2809977131
020d1943a436218eddcda48a4356a7f2534de55fd8900b88615783a4e900199fa2,43500000000,4533779587
0381a0b9d85049360f49fdc87c9b1b40d6db22dd696dd0855b06f056a4150615ab,14762256750,1834454611
02cdf1eca1228e2e7295c3f44f4ffcc73e3364b2adea5ad024a25ac9f170ed473f,5500000000,932303295
03a692458aa3357c5dede272b1bd4502209531a8fc50cd6d416331e557c04aa5c1,3780000000,401160855
032a7a0a92c3038901d8f3177ca2d352ca57738a21b1a46f524d1fd23a1b5740b4,42855000000,6486102760
03f053ca7ef3ef5275451465b36c3881b1b28745b976937934410dc1fa6913f1e4,10000000000,1375934619
032a9036b540ad8f99abdbdf16e1ff2423d5d3d1a9253be8a65624f6cb382575d2,37489206000,3888846753
03c21f2901e27306a980e0a7e8e286478d3eac7ce6943f54a4c51f7911fe5b0943,32269852000,2198695935
02a0591e848d24246a349fe61c5d7a86bab7c3d9598366675b9c91deb3e31ddf57,162968280000,21042421471
020af8a7428f99ce4510e523031e2078c065c1097a48c860ae2cdd3511c8b7627d,28400000000,3551092376
02fa50c72ee1e2eb5f1b6d9c3032080c4c864373c4201dfa2966aa34eee1051f97,74678855000,9952494417
03a08d40fc3676e62a0bcaa27de657ce5e05b9a2491fbbf011a506a774e9ea263a,17539935000,1826893034
029a1223d3e5cbf142140636eec2b2ab5a20b16b35967573ef72a45e05b0a43773,23004052000,2284892980
02a7724cf8815d185d292b413349fe3df3b577871c8eb29803f379409eea53adc4,25233474000,3081288227
0335e4265f783f37378e969c6a123557cf5d22cc97ec42ea3abff5dfaa64afea83,28000000000,3023248864
02b0875458bdd34b0e0fb0bc298a37091af85d98a52095bdcb76b15657059884e1,26655000000,1231402131
03638fab56128af12d2e928627c89401e493d542b984cd94eb630b6874dce1c52e,9000000000,1263794133
021e0673ef3ec3d6b0ab571ea490df35dd5a5c1b4bc1b6a79cda07896ac2e62364,28099999500,2467550253
03132a33f5520cb7e30a2c32c753046a24bc29fbf02ae7686f9aa15225862081d9,40891533000,5018477586
02d419c9af624d0e7a7c90a60b9ffa35f4934973a9d7d3b4175cc3cc28b7ffcde1,424595204750,55468799913
024c2804815582a504c466a90e11f30ff800e108fd691274faf6f026a12d0ab976,30500000000,2203396202
034ba5fc8291fd22622fefa7a74ad821d7d184be482a5115da1a4b07b10e205441,10125273000,1064150329
02faa8cc7d954666063cb507427818a81d9e8db1b3ef77cb39092b8c7ea6bb5689,6266504000,579662043
03c85808210bc3ccd048f51673a1ec90e4c0f89ec0b268c7a07ee3b00babab5076,173146551750,22523523728
03776e87d8574fb628391a6682883a510483df824f36eff817ab1a04540b2540d0,7000000000,826857884
020c2c8813173fd64f0a7d93a62c56ba2bf500f8609e4030bb37523ecaa20e7ac7,26863120000,3097172496
028fec848cc291f7394a9fc47eab3b4c05bff0d72ce7350f59b5d28c78a7fbe748,11900000000,659732347
03cc1d0932bb99b0697f5b5e5961b83ab7fd66f1efc4c9f5c7bad66c1bcbe78f02,9690000000,2369173289
023d153b512346a3a6026859ecf906d7f6912bc9fa4214ed4439ffafe47ba53cef,32073037750,3165832103
022e18161df991c74b077fdcb350e242d8003c8eb91f36bb5fff075807d0dd3095,111921035000,12213143559
024ebe0dd9a540d0ef5cde52c8d85a61900847a704fd10c7f7c2409f51b9cd2607,25463899250,3377593353
02607c9c92b7fa405dd27d8114d5ba1e6c04bf8757bef18b3649bffa2691d7638c,68767080500,6438148520
030971cea6fee1a9f47aa2881d7bebfdf3bb918d5fc98840e42a4274c21a31a97b,44179222000,3865216232
0382035eaf22bee4beecec26dc87d79530e6a3dd32384c04b2aed24c7005ac8738,8194675000,1228964314
0215d6e5c36717888507abfd626fabd2df06ec0de9d73414938884d2b92fcdcdf7,18857215000,357473689
039b38c194e9d729994b88147e41026f0eecfc9b0d1f26263df4dcb47d37310397,13087500000,1633408795
021846ed3366cbec5ff48e53a580047f71729a49c5bea6c5f8c9a9582790399a20,4967357000,533159076
0226a8c48225ba36f4e5a2f644bb0bb1d857bd1b439299ad806edbf98bfa763bc6,17500000000,1553513232
032419161f0505a955c4025e90eb441f5cf5b103a99b9f2cde2965fb80e6b29d8c,71773694000,8858531737
038aaadd1d3c4349a093464a253893dcad33cc07afe94c5986fa0342af63a82b82,3719012000,579058633
0274f089ac9a100701b3c8c5004e34f9f0c0440850a938088d7b6207c9ca5ff4ce,142852915000,13875205352
02c7a5c730bdffeb09c69bf5c42329d114a1d7326c3026bd0cd5bbf542846346da,3500000000,306381334
022ef700bae7557ddec5e49a4cd39028de40d2a9a56202a57b2a0431da2713256c,258690345000,35421772637
02a8a5851029e18cedd26e6d44ed39984c16eba8af753cc633ed0736a178c250af,2763010500,360623929
03679ad15ee73c50d34909c57d37e746bc157f2ab303dd1cff198e07e54b3ff551,2500000000,479786287
02a80106b6c510c4c145d83bdc7882c70dde9401b6ad19160a76c84c24990a2dde,2500000000,411053920
02e2d1b40f08d2ca704c7f62397eec42245cb394d4a07db695ac5348dd24a527bd,25822181000,2645204659
03fd1900e268c2b006955cbadf915465452ed7cf02bb16eb6ca4680e6f2cdc900e,12029337000,1680327329
03b5a0226affe3e03b115ce48075bfd041bd0e9fc09fa33e767239450df98d7b25,18674307500,1711629023
03b617604af9c58032924a8840118b3a0b8c715b3019c729678fae64aeca144e12,49272790500,3858364337
03b53c9d7184566856573fb19c190e5244611d6643732d0e8e65b07983014c13c3,7200000000,817721832
0322b92afa2697da3a8d3c504aa9eea27bd348515784c26eeafb2048ae4daedb46,5000000000,360898614
0226e97590434694de06271b7b0359e64f13bb66d666714cfc077378421ceecbb8,28252697000,2779451017
02e39cc19e02dbb2c98129b5dddbc76f2ffc78c45b8a17f3c7a9aa1a7a9fe22db9,13550000000,987868135
02ea679533d29eb07894a56b499480264056eeb631c1edf36d067f9f2a51bc22be,21547715500,2442486831
03cb3bf036e394b79c42f226bc9d5be6c56da599676d9d7b35104a250d55b1c0b0,8756225000,1198792632
03defc3ec8ac9e5509169bdf625cf44cf4acf40498cc4f5480f31d3444a76fa5b3,8612500000,960077158
02f7467f4de732f3b3cffc8d5e007aecdf6e58878edb6e46a8e80164421c1b90aa,253331696000,29007322169
029679e5a0413f06b082bb4cc081cee13517ad403323b9c018b172584718aea8f6,37559548000,2728352616
034e4d6c95e3880f30ee5bd36576fa2df541ec10b0e20c8802c940591ef99f3996,60534303000,5752534111
034dd644c5b06f0e5845cd483bc8fc39ac3f4c85c7a73d83854324a3cd15a9ca81,48013925250,5125251033
02aedd07134c6f67ebe1aba672f34a3bfb120ed5c84884ada6350a3c6bbf1de273,23731498000,3258972769
03b7febf4e195f4fd185683604513341203e1ca5eeea4f569a93f24f7d932cda56,10623887000,1466192792
039faad98d8013755a78f2d9e681e87cff1b1e6cfee51a253c5ee88d272b41f5cb,29051935000,3951052647
0219c2f8818bd2124dcc41827b726fd486c13cdfb6edf4e1458194663fb07891c7,111484729500,11223517312
02cbc036f85c74f26edf19f5a8513a96d162282ab68aa62cee47439a553519ddd5,165681771750,16439979390
02fffa684a5e922c8b26895f770b6f3674aff023343488fc0d961e9394a13a93fe,67338019000,7196152197
027ea0b87ff3ec1f4034e181af1cc73c4b448fb57613dfca80d0c4662193403653,3150892000,366373946
03d58a9b39eaa2edc19ed2a98e74887e538e5dd3694d9580419bfac839d993f358,16587500000,2393370768
02e5a9b9d80515c38e30b88335529eec6750973b55bcbc48b23c461dcde00c43c0,89862129500,9912572420
020f6f6ceaa6cd00a19ac1d7b1e3c8423f8880b80177e9cd763211eed348d6d2fc,41250000000,4754529377
036f775568774c5cd798107aa742b693f762e905130c4eeea6ab6ad1151c4cbe7a,67192078000,6248335983
038352cfcfbc3f53c9a8f469f8d881bf18d3519364aa98cf8f9a10e0171ad008f4,87466802750,10780465141
03810089eb4fa2400bd678e26086dc8c2da47d2bd23ce6597a8eeaa3b65ff489c7,14028204000,1106010839
0220edb1d15d1dd6e3c57d8822d00fbf2a9768060c91c5eeb3ce8aa56f42342426,9682633000,1041084156
02ded949d19c3a53fb96b2b09dbd45fd975fe32bb4c4b7e232a9adaa80d77833a5,12110000000,1688674043
02537e3176a9140eadf4e297ff482290fba471ba08c2107a0bc36873f8b389c463,107540162000,13777588700
02587c51c3196667c9112c688ccd2356d1a3983610cf19118e33947830ce46e1db,15965905000,1951939519
02676fec9428f2de8bb8a172a22a942c7636cbaf608d5cd584eed0862c79db4edd,13249233000,1641972036
03860db4a168a5d6c597f2c8cde243862e39f4a12112043c8b15d3189eae7c1765,18252854000,1691482977
032832dc53ae371c02ca769aedd075f3d7f8be6f738b212d5437dda07bc2159495,24335000000,2697980884
03b247cf4ded271194f384c2b59198ce23f197e7536c3a9c78ea0a94fdee518a79,26248044000,3826659732
02238ad6b0179a87c25fb7f4947d1d50a35116ecbe13e973cbed03d74ce8fa1a22,12200000000,2116543152
02d699f560cdace3f76ab244624dda16e894422dc7bb3a68ce905152929cf74842,25220000000,2415868342
039be52c19ff66b28f5aca0a784caf4baae108324f8a0d6b4e20fb3f0f0947a65d,73300105000,7389233478
020e6dd9f90cc37f2a7b5e881b6ecb6fe07f60d86416f34c63d8264356649fd8cb,165943999000,17202620952
03e5ae51b438167ed927dc18032dda6f029d81982e2f88f58b69cfed016cd8d0fd,35275110750,4432205097
021433b483bfc644e1bf6bcd1f38f384fae27c57e5f9658fa53a05ee743bb94318,13200000000,1102506822
031e2f86e733ed29bdf43b86c2ff462a289956fa425d5af620339c654a80f439f8,30500000000,2707030746
02315fe3619ffdea2561bcacecada87b226723f471a59fdbfec18c4e84bcf785b2,444840655500,40344915048
025fa109a445cff3a1041bd860d55a1f42ec4897039407cb2ca194ddd34d63279d,41021600000,5466360588
02943c383bc38a56816948629df6147c881703ca90dfaacfffb3374202a2c28ef1,51677215000,5321393146
0299b346598af7ba4ca37af7ce070a9f60f679e161ccef376a46737ad2ace3f648,33857500000,4098685442
0240da42ab512c014bf87262334a9484d6d9d5bdb6774ec28c5f78ca03712660f5,55146367000,7289557784
02b71e22854281fbd83a7a52932c97fa2e94458813c2e36ea723ac2f8c43a08d35,4000000000,398227084
027d767231f75f2d062a062b2efe074c9361fd97b5f7c4c8fa2134b41cc63ecfdb,13834961000,1355764570
03c3621db8ef7d6f164ec105896021e89c16f2d934bf5a1ebb2b006b3254630fdd,11897150000,1404972689
03d12a7e9352a9e6f103bc20236f930016b8ba50697d2a2b91a50a7223d66dc12d,49332627000,5549140864
03562bdcf00fe0cf44e8a491a8c9b26f31c4e45c9a88cdfd6a2f0f2550a304c73e,106250000000,12238969486
03afd28a34bb21fb585787ec47f87b9880559f90cf4ff636fd22f8ab2b6cad2418,41724345000,3668395817
028f83e416379e47ac4f39de721cc7e2a7d0e331a027249d314877ce2a807efc6a,26081123000,1849807524
03a672bae580a33ce3c9dc0b436eee0a372f6986b2c35b3e8744c5cf4762d53ac2,8995000000,1635132143
03d91f2dbbe7783d489efaa5b84f9a3b873889d9b0bc9cbe7442408f7df1ec77a7,15768820000,1717550355
034b0a2d6f0a95ea05a9ebf1dd602b9367512eb3d134c606bae7ac2fb1457b7827,39684000000,4490260685
020d1617e27ac022395352f2b3774969593d3d6ddff6fb117d820a9dda8da45217,105185088000,13390632409
038fb77fd39a5d0782027a420571482d9dbef1a24f129bbafc487ac084a2251e5f,228906617000,27719706457
0386d289121dc56f2b295c6dc8c7d0e4a7b3eb6d9b6b737a169b6360a81b9e9279,168834284000,17453050162
028a28a17bbe900b7126bd2671e931d64d0b98906a9f6f846f8f32ea95ede2e01a,7775052500,845180109
03e086e590f2255a7423cea5dc2b8fbcaffa3d8044c26dbea84728ea4b4648e41a,26750000000,2790425493
0301a8ca2712736f3259e11f94bde9519f32406f14583aeaab8d58c1488b1cc062,38204430000,3366429780
02c0cd59d003d9850c548e4c0f390d38c48271579fae7bbaea2c5cc9374a0dc1b0,31587500000,5046916273
031277f36baec45cbcbb5263487e290183e513aaf0408a293ae506c4ed7d6463bc,7691666000,877095892
02fbf296c1b6c8c4ccfbfe59f6b98d6bbd2e2a1d282a9d34852c65e4f0d8337e0e,6062500000,677197598
03df70ee2d1f82c26bdc3dce0e1eaad4dc975b39041819ba2fe3fe88ada6216171,10500000000,613579035
03a84351bb64b77d1bc69ca69fe8fd2a8a14bc4f8e10373e8e3d735e614420ffa1,142263021000,26597107395
02c329e6556790cd2c2589b4f40b5b495d4ae7db82cd476194d8a4bfcc25764afa,12175000000,1514588918
02b34d4794dc3b4c85c4a3c837ecc42f7d20c044e3776f37b9de2ce87a983caa45,5369362000,693196126
0340f61193a3f123a6666d4c40d175ccb9a26580c77f38001cc14275d9db55e87a,14621216000,1371046257
02e7c44b9c0ce84e4a83636c3887669891cfc130f8f4d40691021bc9ce0ec5e857,92750000000,12359398394
03869c2a3dd985e822fc1ffccf43005837a28d461c9eaaffdb740d02f3f1976cff,6000000000,264811252
03fee9436ce02d29436f084bf6fa0b574119c34add992d24f40570a51215d68c15,61127577250,5601761587
0306f72ba1fd1007e55eb451d4e4289364f9cda906b48795014152364c515374b5,14957006000,1439569075
029602768fc5162f3e25e568190a76e13a782fa941c76aae1d3df56a93ccdce213,37060820000,4213055945
031403252b802b88e17558c34879dec378661fc6a8eaca1a3b980fa5d1b2320297,6719640000,524250701
022e13173f911614a7773e38c8dc735cee817ed822334ba15964c05e65a2031309,19250000000,2061835385
0201c7d931c2d41fabbf92000db705cffff35fcca3a6a18576a293a1fed3fb5c65,90925500000,11090888064
036006e9eaa2a4e1f878c3ab0bb9ec7f7bda498ad081a303cb64c888d5f94e7271,3000000000,175333061
0201af659a3986832bb5bf2493c537cee9f7d62a7bff5d0a68176c1d60df931cf7,31433243000,3653965454
0233ccd6f7d56c9ccd797dc2554f170e1e2d337bbc286032ddc25c9f9d2a0d2b52,39953751000,5288595797
02cb0b31968843ca4ae1f384d12435b0de0d9d54075c4b2cc27ebfdb7b2f61b84d,18487295000,2247738785
037e074ea4621b7ab5e83404577bc8e5b720d181be95cd0b2d77d473e5482854e1,16298456000,1672045775
03b8936f4128bafe95ce557470089afed0b9ce8e869265ffdef65ef0fba3fa1586,8000000000,810674846
03d868d25ce9254bbee9acbac0beda5a2fa516d69f22a6f6505ddc214b8cc417f8,9750000000,833513818
03b9bfbfee5464048eea9f01a0e41a0e029a019e7df6fb5ce41299e75a369e2f3f,24050000000,3346058497
02290ab3aeb60ad2215b8e2674e6f2357d1f200f050d6dfdf4ae0983ca236d8402,79940161000,9584718180
03df910db08883d2c5a6566ac0c8461f28db654f0e50d3385f78d0f662c5e84ba8,7850000000,357514151
03dd57a095459084935089a8d4326fa4e9e09adbfc8bc568e47051ac74beffc16f,31273189000,4491635340
021744d86987a91958461117cd9e7c0e3160f7b86de11f5998018f4b4984a5c330,133228163250,12988126982
02985982651d61ef8ad4d6b86cd8dbe77be8cef4d43a57e83fec8f598082772b3d,42504357000,2650930832
03d2b5129a6fba76cc752dd381522898af5e20a457bc23ea8384f5ed1684aa6557,56950600000,7697727934
0387e71e5bc5a02dbc9e3caf4cdaf04cb975c8b48c339dab09dd2f80c1636f018f,20835277000,1301384977
03a00049175db3b3eb61c446ee6bbf6320610b048f028f472e29fecf05ed0ff05d,6605000000,963903591
02e3cef0dcd8b1650ce262e7dca24be4d364698d07de5f9896d4e193a2047fc25a,46511593000,5376529334
03ba33cac37c689222eec0c4b14b497950d111fde447d3af5cecd414b6d8df0cdb,28294448000,4777260080
028d0e8fc0fd50604423dbcf77e0b5dca22d1a3925a7c3a854f7566d664c27f260,37325000000,4337867379
03ad2561aea9416578102a3823dadb5ba8dd6f25e731a0f5d345f429540c617788,20667250000,2824603708
02e05528006a0b51bb72a13d81b06520486ccf8aa69b3116a9797aa6d81517af03,50239374000,5354697164
03ed1a7d19677efe3e713902891a42307b6463bc024dfeb4839df61858fd72d445,15875000000,1667399193
03b9e3a4df9521b15d88a7e77b1f6e455bb97f0c7ab4dcd51609de6e54bfc2616b,16620514000,2193041144
0342ec03d283d1ab1d36fa20c8d1122ea19ef0e65c27e99414ab5e24d700a5e7eb,14437500000,1510333645
03959c30f110a89787597b66242c2aaa66dbb8ee898433c8e03145452e5d6a0182,11601115000,1390247729
0218f50acbbae3094840e0083d9a4740f7e3f6dc1531f22d0861511c4d67b52ee4,20196536000,2501023043
0205f49390cd94142832e215b9eb9608b690de7b42db0db9c956213a3870641e33,57187350000,5951762154
02e9bfa7b9b9f509347d91312f470ad8900d9cbfb92ce3832af6850227e8c3f398,65831645000,9977242538
020d01b5c15c94dc84eb3bf0402f41b073423624a2df35c88ee2cd6c8b4b29e838,60840172500,6377517169
02bd87708b2aa5a12c72d8ffa1f2ff4fe60119fb88ad3e517863d9ab2e06ea5929,34126000000,2782375760
038349b40e8bf7f3948e33c981634507ffcbe66b17febcb2d5d19f9b86b3dd3e5e,7302959000,846948077
028d9e9348bb5594bc5ccf195fa193fb3260287bb0529a65a74570fc2907c8cf36,17956850000,2044679906
039f1c3b0116546a1603c2b2b0eca2ca68a3ef6cd1aad2edc1a13ba6b2ebeb8897,9755362500,1014791618
03ce1dd67c5704f8f14b13c55d3a308c232ae184d2e9270265af9093cc90253120,31246255000,4416336727
02ce691b2e321954644514db708ba2a72769a6f9142ac63e65dd87964e9cf2add9,151191894250,18837439562
02b941b5fc941d53e828535b18eeb9f3549c07cbc35748da2733786d63f0eb76fa,12000000000,1536506742
032e631d23d0a0ec3b609545a6d7966cbb014e54a92b0a6e590c5ca55f089c66b1,12750000000,1222281787
022100dbacb5d5e3bd1d02baa572d4b82510a099a17b71a447c57720ed59607076,11994737000,1287198140
02006a7dc99e2db1e73baf8da79646034412b9770ffc7536ce75c71e91b923f59a,9000000000,1393385271
038838e1686b4c834427e76b7f854de537a7c688f98262f2863c2d94005ec43d91,6000000000,1017278336
02b656a269adc3bd8ca985a8d9f69b89cdaa229c88f833ab055639ee5069ebc485,13175075000,1282993723
03aee44d264b48f34846648958d8734a4a4d24ccb447ed5b033bee4bf29b6b1e34,2250000000,80987693
0232d86b65f57659755ac9b36a18d5df65c4e40ca31e5afc92417360a1f30d9dbd,18730468000,1984859779
02e31f10ccc2112e28f14bdb6e7279c9de83a5080f06761ea950769baf448c03e3,6500000000,922869047
02c8650c5c3a8d8f43390fd7371343df1a7149ac25942eeb8a5d1c13283941e31a,4271461000,563186148
020993761c07ba3ba770d6bc8ace451566d1a17163c6dc497110fc3598b0521417,22143418250,2224393318
036738b0e5e207c6b6de875e791892670fd2c727aa629bdf84b61d497d770f7d1e,12250000000,1956962895
031b0b9df8e34e53de02b4f225bea41a3d0d9e043f403a8ac9a38fb1f3289b5946,10340000000,1212530565
0364e3da4d370c3b2e42ddc82333fa5420c7cc6a0631403fb6bc11aa120a9dee95,7239803000,525567252
03222187c544ddb6f9ffd90a222e0c130d4313a2dad5f830719efdbb8164518964,8981250000,1410258973
02e4f180d862ec3ef4c19b0cee333db86a8050a277652989ccacb30ca1591010fc,25355833000,2451920259
038bafa2ade26e431936e482348ee0b12fb384c87111ebc64a47090675c650fcae,10041377000,1113370561
03678b4f041fbfbeebcafc076469df75decf81da20a53bd490172e83ce532df1fa,27964201000,3200659358
030c85e99b260a1d9633368378c7ea2cd94313b9e9acc90bb29086549e045e09bd,12526467000,1471257616
026d1de80e59f3fe2b27aa3dc8012f4437165bf99971bd9b7d8afedb066f92d695,27614387000,2645269828
03d503cda30451213fc8562966b8da899269485c1a047952aa31d145caede54b0f,5500000000,1074859463
020024ccdf545c7e6f240fad85a5d70fccc40cc8e2060996a3596300ca93288889,135464784000,17066323198
0284e3ca3753632c51a7d9a156370161ce2a19af41dbf4966eecf74bf3f7ba0a79,7850000000,648843363
03dbb8a29fb440697d4982fc0ef8d1a6c1b5097fd88a86bf6b988289889f3a9f78,36126085000,5007835357
03c46519a4f89779145c70d7ed491d8eb97aa28fcf01b85a19330423cec539eda1,16099782000,1683905970
02fb619b3359a1ddb3a60a3af0d68e053d7c0160253d5723b485cd3bf234cd404e,11200000000,863845149
03613fe13d3e2bedd8e0dab7ca25cf500b774ef32499dccffa1542d217e6d921ac,121452835000,12608385317
032eafbb2515a3b2e53e87a6039145f4abafb0c8dcc5d41f1ca5e04e596ed20338,9700000000,985600314
03fee4182d55ac99e8fea66691687b9ac626cbf0c23dcd0f79e558d86bb1eebd0a,4750000000,666907791
039c462d0fd90125fa0f1b39f24f329cedf1cbd99e442c24fc57aff75e95f4bc16,13169420000,1388582749
031637da200a8f715ee6e929ef86524471e920f49e1a8799c35130e08aa841929f,47275000000,5505205897
025fb5d72e0e1483f3a286834b4004f9a7de34c4f9453e92687d1f3c9cfb5c2b0b,8000000000,1050534187
02165b2ddf7b0521477e6393e70ac2c92557b07b978cc26621b1ed471a6c255cb6,10852248750,1617840839
02736e7dad83d7205826649fc17db672ce08f8e87a2b47c7785ccbf79f24e91db0,18350000000,2647613180
0307c479b7ce720062d031f3b6b5471c05f46dcaf099901cdf345d0309cb4a718b,2500000000,264913183
029ed79055665191d9cd22c8f90bd9caa1baf3606ef951a15deae866646d3043c7,6500000000,633640559
03d51dfcaa0e0e362a047185d0f018dbfa1660f12308e4ef6babf61b1a0a71473a,5100000000,750245358
0211def9485a99cfe47b04042c25eabc9a5dfad6714d48f1898e866b01b8fabad8,14650000000,2425160117
0235ded499fafa6aa44837a4ccf23b44016776d3023485c763a492720a9ed0d74a,4869834000,897421946
02c0a7f2e9ba3f8cc61c5b438b9bb37f0e0400445c6ca89c6cc1da12dffca27b70,13500000000,1304128250
03bdd612d8d43083187535d81b1cc2ecd21dc9d857fe452560f40d325ffc696491,3500000000,339314459
026286c3cd678fca4f2532c1529a183444002bc1031711f258479c4a920e547fc4,6898053000,783722767
021d46b2afb74cc2d79788fcc7e440ba6dccb5a0d0c7b71280aa3934bf7718234f,8875000000,978287676
03ffa28a78ea6aef060594a66ce9209b1fd6201b7cbf1063a45381f180fe161cd1,4525000000,393627660
02fc2a761ced4342627c63ed612d5604c6e5fceda1781d2e8be232a7f07796249d,7080000000,711602124
023f189023eb4281789ebb6f3fe39a85c7213d073c34fcd0e999d6e580e580b37b,8000000000,993736993
030cf6c2d1de1641053fcf61b13048bd43421fb56061b60e3158cb01ae42d6183e,14687500000,1589856234
024aae1afe68cd91ae4402964a3ee75dd78f3309c3328c6f2929687f22f494e143,10176190000,2409041995
029f5e1a32f80ab0714deee369024bdc373229eab5843dc925a7ac72975ca9eb38,16838840000,2344611884
02c746960b8f7857d4ac6dec5dbc28457fc54b5143b79ecf2a0699ac9ae55b195d,5000000000,1527175597
03e9b42ead341a966fb0a44a27d8503a900b68a011144616c52c782b2643f8d874,6499988000,1243484159
0227f7ee733c1148312d29bb799875fea1f57e3931e1ce55067b924bea2014b706,10500000000,1211560868
024036122d91977cae4f9f2bccf2b645d19456eb8dc4057c03b9d90b37b3377a28,4223295000,812939946
033c2b3f3fe0e8446a95e253635903035d9de2361cf14b6113fa69c8cdb1ddd67c,4000000000,504519589
02552057dd53a6c646400c91d785d4ef2adccda884d8595b3896f44fa538b3d137,2500000000,127380585
033fd2f7fe8facc9fd44b9761344b564007b8b6be5d37113901380e7e7211897de,7100000000,570353330
024a4fef2d639db8d595043d4a882a2d9ebf32c14d3ba867fab18e5d4cf0eb770f,6500000000,669966130
02cf9ff166a1c0ac7e1aeababe8599438f405b4b0e1a7e0753b4a782f4ef3f060c,3000000000,432342824
02cd6f44336e08fd5788f034838cb6aa54111093957da030b678a73756a5de5acb,7000000000,586901429
0256b63d9c1dfcd9a2e363bd406e0b2bf1a46d6588141de263b6f0a47ad8a5276e,3500000000,661061319
023a62502d52254abc2cce455ff8690b5664fd3f9502d6c3e0b5911a14aebf9c59,7121750000,1376718419
02014648e297d21d15bdc0c6d3bf50543011899f6c534134d19b37a50d4376446a,4282899250,565731000
03b3b190082c60e0d0ee6d4c7e300a30cdc81841eec531d849ce74b0a26d6bfb7a,2300000000,245147270
022ab2e58925034d5eccfa7a353f0fdef264693a4df1e91eca559246d450d04020,3000000000,532058870
0260f6973cc0d09c10c38aa6be05e8b842724d7b0e95fdaf42edd535ac3878b200,3875000000,783708353
03e5c00309b869458f79a2f264423752ae14fc1b2f180ef53a0eca9e03c347e6cc,4000000000,606060117
03cc8003786ec763aec9087171ac399c670c95f48b1b67b1682eb9826b640b4a1a,3223348000,408280432
024998a461a9f82b62b07ea836e3b64dec427fa7ca8fcedc1f88fc6115bb6292eb,5015000000,489110536
0246fa5a916ad904798c374fad52756c0f4a29398c1b202406ab8a00c479cc4361,3025000000,351166237
03c11177bd919e41686804b98dff2b702895125c472f083937c6a1585f82555921,2000000000,259895510
03577bbf4b1b148a553d9ac7b0dcaa876b5e9b1cf52b5a3d54f5479ef30dcf2c57,1100000000,100918524
020181e74c5c80bbb4b47f58e1e1012013a199989f61597d6fc5b4e386df79d3ce,2000000000,276820547
03d72b200a205966beca3a61b2327fb698897e5f9a663de2316da2a83c5b194def,2000000000,362957478
032386d4fb68876019e3a7a0c19153c550a161e6355db63ae44250c5573d2aac5b,2000000000,105555637
03f284baa8b2ae9f0a6f70ba20f8289da0c39ffb63796c9492990ec1288f5e1791,2000000000,320288273
02982d3a34caabf69f5c2ddf241878e8e685b463f70ebbf6c048588463be35d37f,2000000000,332515596
021a5dcd5f0bb04e364cb753f80f78d1db1a57b5d0615f33f7a729ef3112e6d37c,2000000000,136940546
03572915da51f3552cd71e65580783f84636992027cbf3fc293096179925c41ae7,22500283250,2436942109
03bd9ca86a07dd2cee1293886e7cb447da3e27b3fea2879677f5675f36061d46dc,6559771000,935435770
0339a3fb0e1d40503e38be50fbaad700ae730bea86bf81b8e2d1dc83d768ff467f,36538669000,1558059986
02ccc3bfdbb9e8834ec7311cc82eb8faf54d87ebb364bc0d1947df213b960741e8,6912500000,650452974
02509042ada11099685fc1e4d4fb3882a0b25709961bd751f75692049eee75c65d,80139905000,6900034291
030c6785bac8cfc179e73e856caa4d1fa2e9df9f704f17a6f720137ddcaba55898,90679548000,8382202594
0339260baa15fa76e6a5c4456b2317f41e770763a432edd79e1cfa83eb1ac58c45,5894868750,551892217
022d365c7719d22f28880ee8564acedf3bf6a401b3ca0ee28eeb1bd72700215b07,110077776000,12972678655
038e5c338ab7149348952baf94a165c9e4a750d98619d4268b550081c9d3e9ec15,143277215000,13913413596
0297fc579bb3476cf486cc39de0bf8478e4c04f16a8954d57bcc442ac505e5c9ff,257741300500,27807700188
037e204a1a4a1942ab73df5603cd7ca42f5ee5ffb25f41363c739f573267ba3b47,32780996000,2694326185
03ae53b7da1eadba565c0b7d22553f99e495feabea3c34b8db43f5ef828b323485,34432407000,3245129254
03a7e756bf373167c4b18777430b6904f4492b0cb71bfe175d69af07be64160989,5178693000,543798921
02b6867b56ca1b6a4548b97b009152683fa366bfa1b14119c8f9992e1acacbe1c8,85850000000,9495384171
03d04a8cdcbfae4ae680b62ad31c40d3ce7616f2c478bd78f2a9bf6df539a0c2d7,56287215000,3803274993
0272acd96bf9f5e9ce1158ff10171e1b199449d352dceae793263d1798216b6ef3,3711992000,312207063
03251494e635cad4890155c1b765b3d471ea73a53ccd7853066cc407cde6f40662,25900000000,3192017798
021de24abe711f54e4eaa7e5ec37330edec9a4dcb1d09b94c3669752e6cf9748de,109379003750,14333614841
020c5c96420bb2dddfd0a19d26bfa30f9e6335174c0ce3bd7754b852bb5cbe333a,25978723000,2497629241
032f873d1fdbf0ee48b4c3aa0bdcf231922e455fd400c24d7275bc42653a92483d,39054396000,5748924630
03e7657f2d89b809e94e33d0c7f5866abb593d24eeaf8adc19cc82f1add2488fc1,34754430000,1904340219
03b7470b942bba3f6cec766ca40aaa87e290327096e2b42e9eab236799892801cd,8735149000,940196283
02882d46f06dfcf3f8affb1043b8bc069f5ce45d28dfc74e606494e3763e7b0c0a,13000000000,1962407908
03505116f41a4b4c281806fba034bf51b695f205aebb86db8ee05469799ea24413,8250000000,915936972
032c56e2221911d1b7e4aa91999350ad470fef324becf967534c1bd3eff4456c42,24802215000,2392943391
03bef64474929a7be3d3f7e53e9db8c6632efc1711cbccd2ee5153bdb1f18b9686,11403171000,1001029185
02b1278809d2853516d30b9af8d7bb3b1845d1beeed18ee22a9ccaddfe7f30a794,50416599750,5757064939
033e8bc45cc79dabebd18507ba39b101c839240932174bff6ddf34631305881cc3,33884421000,4539358382
02f82a2c88e4f34d3eb953daca5972922bc71ce694649764fbf2e31c28d8d54919,23199074000,1910419032
021abdd2431bd4205b760e13e76b080ecb812804c33b399372d974d50b384d92d7,95375000000,11878082566
03a0ff5307488cf398738a0e0fdc2b4310c5719c5503ee953cc4e533f06706811c,26529821000,3073286413
03d9036df37d501956ed0bce20bf4fddb1ba3b2558f7b16abaeea579a7beec45d3,93582455000,9535910654
0330450f38d8c1a0e11b46c87c04ab346f69a1913fa41322e7bff4329f0ff55211,25157898250,3408902104
032261d6ec5fb578919e2455f2061d27bd93df57b26d78cdf7bad38f1368d0531b,104218407000,12526900415
021cedb910c309c6cc84f96f0285fc889953bbb429ee05614fe626923472888231,1887117000,217843081
02bfe975eb18b29455ee6d5c3a2dc6c8097cb4d9a38fb440ded1e464b33ccc9f60,194885028500,22415737020
03354dac293ca70ce5867d9e4d1457713ac2da77abbd0ae3ef0f33c731a178503e,24000000000,3110716131
036bee07110a8ead885caf00f775af8847893aa8858fec1cc5372766a410e840ec,6130000000,674596175
03dc8f04a944b498caca1bd666d09184d5a180a50818316ea447508a5940800b40,53320502000,6907779744
034b3c065dc2c0dadec015d81c2ac252dfed1254737eb90f6ee3ed07409731794b,15726748000,1993973401
022a6af5fae5852845d175b25c949506bc916801b89f86ace52549fd8db3ddc9be,33552500000,5279429793
0357774008d681e1d98245c521e5ff1f929c9be7e49ced303d17a68f870795e07c,4800000000,244902596
0253029d39ca97c4d271af8926b4f3fec37a3aa87b5e538329845f2fc76146fa28,70923145250,9823333770
03ce71bf17a75b5c37d4b71c2d69fdc378961cd14ba18eca2bddf817e48e58d182,8148521000,529465985
02ccdd849caefdd2ef8360f10813ed8247a4d063fcfffc39623403885c9dfa39e5,3468526500,455196061
039c013ca5ea646253b9e7c530d630f81d443cb32d42c8a38e8cc0599ba2dfd11f,51500000000,6111880012
0292aaefdef0036d51264346dc0d1a76b89829d34684f4ef737a36828c66571ded,8000000000,1094832862
0231e7f361aec3d303b982d855a92718581d6d5f5aca994d4aba50d0abc3e900da,78733586000,3692116520
02fe3bf758f87d9b0cee6bdafa52d04650daea8c48f7178358b130b62e132c6f5f,168022468000,21910138922
03c7f7ab8d129e442506b088d5a2eaf986c6bd1142243f193a57359bd48548b213,4078445750,430452121
03f9a351fe8baf9ec4991369f8425ec5ffbbcffa604204e8ce7857f94d53c1054b,5550000000,606147855
03d414b9c03fb7c9b37ce3fd4f02abf3208a6400ea4485084a1068d68ddcefb732,17697827000,1380302847
0303e0423fd2c40d73978b03069f63d6ca5ae1abf61f5666bbbea886181f21e8e3,99554430000,9930833118
026bad933cb4918b7abb4c4b19fa39b9b242da12f6fd45c35c601bc695fe421daf,2000000000,341307542
03f511b7ad8e78db81bdbdc572e635b4dbab21d18dc09717a0b910390b3a3c002a,8750000000,600758430
0203fd88ef2d01b1e5dc38f62ca55690db75ec40672d1e91e895c076fbe66fe3c6,42143137000,5387648140
0215a1e4e0ebb5a018b6e9776e7340b4137d083df5eefd75192e5f9fb4d316cb81,89797133000,8504294708
0200e5a6afd0cca4383b67a7ed18fc0af24b80f475295d683ee58d7fb00e8d9b13,8453022000,868487512
02bc320249b608a53a76cf3cbd448fdd3ab8f3766f96e8649c2edc26cf03bf8277,125112500000,13850319568
02aac98de15ac3511bd43f55bcadb6f3f9ee96e0653638e4c9621913dec3ddf1d3,13441500000,1465297797
02b8888b0ad2ef7380aec491d9598f91546f11f594033737b64cf7530e4b322b5a,2914917250,443235869
02f8702a8128167cb58165f143e6f2f1cfb4aa9039029ed7f6226ceae2c7bd1f13,4690914000,391668557
0315d9864e64fe3200e45aa2ec99308ca08222dacd80551b873d8eb3c038ed0558,6020784000,822590951
0230811957d4ac700809f81cc77171ccf0378fc042a4ed38a55f7bc5f6bc1aa62b,3875000000,709095530
031d2bbc75802689312220a017c6b51fa246efc59c7aa9355f6f7395038ffb4d6a,84515997000,10075490075
03e020aea06a61426f36d2ae1c2b4bd85e5966fbe5cd7635ed7ab67567c7cde81f,70235625000,7538808681
039350302e6fbfe5e01fede8c85860a66d478efca0d99cf9850a34b101e82578c6,25864749000,3503846558
035688b74c77b90f6bd3d77c40fd9a459ba85986d3faef6d18bb50c2759ee90849,3355967250,459062859
03ce648061614b971a3a990e62cb5f782ac94e9576f2311256b2985bc05b5033e0,54043681000,5513821704
02070a2dede70e8977938bd8fc395df1b356ec1699692764deb487e458392fb6ad,28900000000,4200701742
032703b35b8c5231bb6a7212371aa9ff4c56741e24434a8862f7680b50a4e4d2e9,8407544000,746825747
0209212780d3c608ea299c819b7cfd6267a5f07f8cfe90403ae3ad9c1833748395,12900000000,1014103073
0203bb82348f99eebe9471686366fe642f6a84b4b2db79f605a86c7b89df8f74d5,43167500000,4079389595
03d83fc633693a5816d730ba0e30580ea00ff96cdd1cebc149d5c3ae0c6ec43df0,243035000000,25798973961
03669407132bf3b5e3bc48083bff893451c3881dedbf88c88780000e8e9f89c155,895192000,111642300
027cb0297b2eb834a2e674957b5a073bca4ae2f856fde1ce75f7042ea73c90485d,48829043000,6115061070
023ea943caea523af749d4da4502e54bbb2672e3261bc8bae7477fdc20eaa4a1d6,38679430000,5259367206
02d6dba84f80ac8e3c8525965f072ba044fcf3b41da00ca417308a9e2c92069499,8057718000,874270687
02ec095bfb29e486b814b61bcad294224597f7b890fd977149bdc1b2718210d088,31277215000,3893312006
02acd93e3352fd59066ca3f23e8865de1926301e8be03c6a52f0f7e43533fe9888,33129980000,4834124378
03471a4199fc00528ccca8b4ab9ab490c327ba3e4133d4cd9bd118a2b501f1138f,20636606250,2259201564
0272b3849e83cdf31c21bf30129618125815b5349e7f44a420af2189b12bbed024,7269313000,643405969
03ab8660c26c3425381d3019fd8ff93518db59c7782cb365b8d6e7006af800608f,6565361000,1126120707
026420d0aeee1837364822ad12ca670388a55ffa3813f8cfb9701b7ba4f286a4a8,23028476000,3732463827
034dc65bba53742d98d8f5aa09a3e0e2fc7e8ff978bd088511899194f3bf4bbdd6,70347537500,4245816545
0306470b8e6eaecebb36abe93ed84ab64d3613c49545b03311cab9f7d2c6c2c73d,23438001000,2671297098
022bccd42423c1aa0875abcccbb20f0f092843021e77cd7ac80a38906620695d1b,17777215000,1397177001
02cf7712c7dfe3576c9b96b5a9b01be67d5a453176949879cecfdcee8b7eb816e5,2352500000,47643268
03f16442b17123ee86eb9f4a5273d0af82fb2cc3f258e5a8313123e535ddf97e00,14300802000,576702163
02efef7f0b19e58e748446a51c5d8b0e7397b52582c36bb74945bfee5d84035a62,111223306000,7804743462
0258867235a07c074955885a6923149a9082c4a1ca5e587328988d75fd8f3fac7d,3456778000,408977954
023d62ac87b5cf0721b2168cc21d58a61bf07d46ee4c7d57c3cc5537ee297e3f2e,2600000000,251443813
02f13012a7cc9d0852ba8e606efc255511fa92b91ad526ba8f6cdba59f06c702e4,3159589000,314226216
03b344776fdfe7119102659402db35e8225e5d9d81d73985057c860880ab47f788,16950000000,2594134040
028b3ba3aa14be49e5096758c2b062114251eafd9a3dec502c64f3f079322672cb,12962500000,400933896
039780dd55eaf595381d23d16e438d6003269bd8fcb3823be528b66209e82009ab,73004907000,6581417665
0207783d466310518bc651de86e3181354fcc06fa3a0b1a08b8a942b8080165c0a,9945000000,1239635791
0366f83b52cc1ce1777c245bfea767f91c0d1be5d24d707cbf3aeee9841d769408,13999780000,1746118405
02d81ee7a235fe5ce278a8e3e2b15a3352e18c51bc9f8b960c4b93e1befa7de6a9,49943892000,5886605622
032c4b954f0f171b694b5e8e8323589e54196b48cf2efc27692513a360cb11d76f,18915465000,3140013496
02f008c835cb650e2a8562eb2ae3b0ac0997a942b7700d3160eb1e2359ce9f2d50,12748177000,1447147432
03caa3adae5555ab540b1b66d4c74d61bbb4f6b5281eaaa6f4c389cbdd8a63537d,18041366000,1899185087
022997b20f92ee7e19fe661bd2609a9dbd1062aa9bbff91c5484e937f557928a67,8600000000,772036012
0332052748755d74b3395b91eaea78b53bd64b55eb031ccb6a7ae23ac445bb6af7,85984256500,9856984062
021f0edfc61d4014a7cd9fe5e4b087a153215c68a382b26b7c33eff439716fcd04,3700000000,651423505
03e8b9a977fa3ae7acce74c25986c7240a921222e349729737df832a1b5ceb49df,315740913000,33396473835
0369e07f979c2ae194cfc350b2c6612fc3017596623eada02c60f500b43828c17c,62731128000,7708144101
03b14a969b92709e0b34ea4c0ced0c91275a86e8cb2e9e7cd0f41cfa154113b59f,69634601000,5250661682
023246953603ae8915fdcd2176dc8c5ce2be5327dc7ba836319e5d0825bd806183,21000000000,2305846124
03b83404feb66eca08b2343579c7ac09eccb1035ff07cee30a0551e071a9c26b0f,8202297000,704813254
030d935b0494ca97e1a43b9659e7903fa839bd9ad8246a015118ddfeca4600044d,41611605500,5608518229
02a4f2fd822187e6eb56c8c1f5c0afee23d39a6180569a4991cee90d909e01355b,4500000000,633351121
02862013340fad2d428bdf4fbe9e6975505ba640c7a1a922376514e80638a1f387,4100000000,333463106
038c8561e3d44c03619721c18206bc62259de26c25d6a51dfdce1bdd53f7e9757e,28100000000,2373757373
02a88da95a11f2f510f95e700d295128d82d876b3421d9cfd878b67efaa7bfe32c,2020000000,325210817
0396ea2cecc80294c5b680db10852b48da3b7fc273d978aa626e0b81b161a37a83,11300000000,1506432297
03559ec8cc1a0bb71b540c29ba87ba82c17b068ca77272acbd68a1ff7c8b429df4,20463062000,2638103454
0297fc2864cfe1ebb51490c3ce74cf408daf036874790d8b2427e82682235e179c,46841151000,4805785065
038f17fe425f76ef337429af4a0ba8895f7b278cfa89cd30e60a8be4f6e82da4e7,92857672000,9040331710
034af547ca321d3e35a0fcfd5b4b57495f673e5fc92aaed5609710dc5ee205873d,23500375000,2614566974
020d06a56bcc6428b48b02c8e514b73c4bddceba844570abda2bcc46bc474425ab,10000000000,740685673
03e47facaeb2504a8c196ae34314cd05b9bc480278f649aeaeaed8b165b03f28ea,40950000000,1553914361
03d8ff6c5e1b600445a24bc1f438e4d1c91009153719f05baf8b1811c1358742b1,10275000000,1118802999
038e5c1c9b3892149c05bfb6980c5f250a362691ada5330b6c45f2e37ba5fc7ca7,28984659000,3338066036
02c94853a1e402c179d3eeb926c0229676965a80ebe9d0301b59ef57f15565a945,21419714000,2277612726
031b8bdca45009210d4fee8d328ea68de1b1ad5748a8ba5af4c1e2e29d68a4c505,3250000000,306259490
02667445dc6c18858bab7b2ec8296ef41e057bac1cf02e214edd511e422dd9e7e5,14825000000,1352141490
034997db2fa4563a86b0a06103944ad8eb5c2ff013e58afaa90f3de8a7bfd2b6d6,16075000000,2411983512
0364417d31c0f38085371ee80a37340d7ed7a652d153f2ab2f2de75c0dcc37a209,3778709000,309728849
03fb6e3f2f374e1076e5ea2517a337f814d1246b7b6ce9c87d38a5d9b28fc96eca,14317125000,2379575639
02af3f9597b11d581e28a517ebb77451ffc4def782aadfe5313393f3a01e1380c9,3125000000,548230613
03d9d49902a1218148feabb510a1053fa4b0379d37c3fe00ab3c08d9cd3cc3369d,6960142000,867761882
03ba97b0e0b0a48a7743ff545b4d13626e06d85679741bf930dba16ddd5c7862b3,3402075000,205320418
02a045759558b72d5d843d2269d1fb5fcc38b0abb685201920b1684c5d53d06899,8850000000,1618197078
02065290416fe24145cadcfaff00f24c4a524d0d36684ddc1f01d8d0c06a9cb794,5050000000,741865815
03599e033df23a00ae0cd3b3fe0c479e30c65a44723b613d98b4055420a1e43640,2894143000,324436922
0391ef96a67f7f8a36edfdc7bf8b5dc3ea9e1b10f6765123dfd52d73f8e108c48e,1500000000,48026425
028101797dec6c64cf2cf9d1a3c6bfea758f702cc3a77440af80a15c721d3cd90f,1500000000,177654800
0263d164912889e71f77344a95203864208ab279ad4d8f82a34735e3dea9324215,32830000000,3456837436
031f00ac5d4eef4896b19ebf44ae604ab95e70b080ceb386d4c20240ebea62992d,1490000000,45375271
0362a0595e18191f65bd9fd7e9e4fddee524785d5e48c3565b4029f7196e3ae890,28017461000,2741691394
02cbf6c279162af427158da2a016127f53c872d754c74febf9f0bdb73128091ce7,7100000000,679852739
02a7225838d63a99cf7f967805624d915775cfe96a5dfdd95f23b63ae157a63a70,93256362750,10357637514
0345f9d15dff2021d7cb1537314022893d3976a85bffd9ea828e0eb673fea4b27d,10500000000,898097578
03361b7519ab361254d50033d9c46d1ef3009109d77de9513781f5a8d9a7416a37,31000000000,3097531232
02b54a9ab9164683a841f4f54faae1d9dd18831ccfd281917f1d9b48619081df3c,13222336500,1705064361
03f76dcb22c462fa0b9b8536f54281f3673740da06a5ad2125ad58e8c24fa51514,58981645000,7603760087
036e43d180f6328545aa0fb65e7be12bd02a4fe2c3cac6b053fb5e6d025598edce,8600000000,849252046
031f684117a3003d2603f6fa913147fa316fa2ee719c11994c64f984e7431af8ea,7809263000,701276959
038de42f39dd8ab2938e4a6206a330034a87cb8e726548fad7b3a705e6c46c32fe,35027215000,2163390834
035dc8d3c38a264ced3b04f531c4c83d0d5801324af06f4f8663d5026a406aab9a,14202658000,1316381903
0290fb6ecd5865f7a973e1d48ffbc2612f80f6a2defbd6a188928bd0492bc2847e,127244663500,12445907118
020d6989eaaf107a020501607aae8f489dd207cc495fbdd6b80eee14336ed3217c,39070478000,3724377862
03ee1bf829773ee70054c6290e4186a0b056444e65d6dd720f86fb8134190c2ea7,4930000000,510625233
02c5333bbaee6c7ce9bb80ad601970140434ee180ab7063ffde8f9ec6bfc35825f,21605364000,2725018949
035736692722a47389d6be965d73a50b1ba63233a1b975aa55db7f90446f5708cb,57811930000,4360944120
03f09761f0a9b8122abf835d1f93a053143eb15c9d6eac3a04ca186dd82a1b5ec8,114850000000,8744863962
03dd5657a3746e39657409e8a785b9c03dccec358b21c5343b8238f421abd5e612,9000000000,147830264
036eb73807389fd1dd9f520a987da89fa276bff4d94b6a0b6df418c7719db477c1,5440000000,405409156
025124c73ef7ecf527e0114ead02a0cc6e3ecbc0c99474ee3f5506c4503b089693,24306737000,4292751639
02abbaa2bce7a353ec0624cfb91d19a3a6024d9bebdd96e79e6f289ea6915790e4,98046793750,12665367915
02ba2a6cac7a77bf2678718713d8cb2a71c10a284f2e62090698bf70f791465519,28553096000,3878268221
02df6d3454bc4c0cdd9b6e5f04451f53c48d22300d3066cf4a8fb49effd025c0af,55158725500,7214258307
03d7af619ae713b905b56a71a275d8aad97c7ede8c356a938e99e182ae96c38a8d,39669088000,3879917149
028d320bbf85b5af348f84f18545de4d7baf673b6ef3f65c08750401246e2e545b,30970000000,3642241850
034073ea4251104d1636d4ec44a73fb69527d1e161aef4222cc8cf4650bdc172db,24777215000,1525047766
02d0b1a625e63c4bd500db80ac711ffdd19014fdf986998662c3e27005100fa8e4,1512500000,76452268
0284b5fbb91f14d90f71e83cbaeb32f956c1b1740e4b762258e3da565b5e1450d5,1400000000,190362487
038691a19c8c31c9c0eaa1a09578516491fd5e893c7e93967e8b9297ca0c3a757c,12084710000,1873097484
0209ca58ac5f54c16683904a0d79cd6b5bda7d37afd93b5f34b119b90eda5b85f5,179588840000,22263443542
029490badd5ceb9782ecdde07ccd4d856d3d1736d7d59f36d8c97939f36a779557,65478619000,4688973759
03ac556d77dc380a213f5c8324ea6b92dfcf3ce243f38457c3315391899b3c42a7,5706534000,571417460
0391574fcdb49dcbe1f38e27abf384d03a445a8c1b73ec686fa6d0d473787e39ef,40501778000,3927453573
03ce3e749ade68c9a797cac0cb5149cd9b97c610bfb1643f9af28461ca825389b1,3203206000,276896612
0309b984e585af52d4f95816d99eb9dcc62fdc1c3df4fd68865f88121a8d256170,21759267000,2900507462
032ff5bfb4b9428ef33d9b1d564588180f83abe72ca19b73da418a260730e03100,24742246000,3112472772
02af9a3fb9fa7b5c8344d4639ba4242a153fe7c2e177cf9770142252b064c3084b,7500000000,886801232
025ee97f817a7811e76b7f3389fba76c548cd29dbab5ac31c6eda1858ca85c8dd0,81621240500,6172613731
0247051a29c9e7c1160540389a8ff68c2eb6bc5570b68fd3df2e3661118cf8aafd,74504493000,7680412437
03d5d62dc620503a4cdd3c2782af29524d529dcf2bacc739b5ca57e50b9696eaee,42850002000,6253270056
02a8aac44db9b5e991d6a2b387d667989a3b7b59d45e324c0de4ab899f397ca540,13000000000,1253331405
02a9a829bf80e2687ef0483d8f1e975808b9f9e562c144ec1bad3cf1cdd72cb4e2,21205000000,2325590771
0283e14a98c3cf2917d18d8c2732935f7191a67b294c0d668756bb71bc8df9eda2,50900000000,4722308192
038d313d79349320bf4315f488094a7d124762bcdd4bf39d128a90f6b8e60b9903,158368232000,14520039342
02710a1b8b39f756b8f92146a2c3707efced8311e7f4f19409d3353f7d3ce1f2f8,9469000000,1095540962
039372d3fb181c1af6e534c1517995c16e24e59dfa2f8d628b5c5786924144899f,62764215000,4588965339
03a06420ba90b084cb7eb73489f3a4343061b1fbce51c495151c8d8bf0b133092c,42151643000,7803004704
037f21884fb41fc6568333b820c1b488e52fa961e9e76905efbdaf710c0d1a96ef,14250000000,2259086936
0379186fb1414b0afa2d0606cd17a36dc79fe51219fdee4b0ee477632f8f43ff74,50415075000,5404058137
02333e17b45dc12471f45eaec10f96bdcb58a33330c6bab705f249b95c2c27ef80,19077215000,1588957280
03c80672a1aa994b08d544313ea04070d39893aeae992cbd9bb92607ed6e8a2808,48771604750,6259263854
036872b90912573605b5976ebfe90af3d9153232254ac7497e0396f077eec00b07,19678664000,1737681601
03154d3bbf93e06dedc34f41c5096c436849b1470210f4a30151093437d9173ce7,61676325000,6910413681
03d344f66ed1a1a49d32c4eedd36b4a3bf1b75299e957b022b5a7160a94c06fc1b,54057616000,6053750219
038b19417ee84b5469217efb333b677caec115e0298823e71148d2741b40cb62d1,22500000000,2697604984
02aa8b497227dca4bb8ddb0c3367a5a74ae89cc0b9f5eba6b9bb2da376214e554f,9567659000,1056569800
039021a5b9801f925b4cfad70cca14aaa257ea265cd994233439967311a55fa6b2,18166207000,2117040699
0236f135b1ade1437c02069e85d155af8a886086e026da86af79ff753ccb2743f7,13621456250,1298819996
02de73b05723d6e017520d79343a3d794727f4abc77046fc5abd08f865f8dcfaa0,64854989500,6543434448
02ab25343b3bc053e0361f967d06ce759bd50207dfc45aab0269803b362ed249b0,3100000000,405510575
02a5e151038284a632aa944df938bf13be3936a969d7da15bb3acb86efd6f8f4da,16847215000,2098658224
029dd81c32e3ea839b4b2f8edcc9bea227c40fa2c6509878034401a8ce2a8bac05,53296594000,5335197562
0397f47f8544784e5396af08d368840bf2eb35679ab67792cab5a6f12df3754e7a,28960310000,2982423087
03ea17f6bac6bf73bfb932aad27f9887cab1c45f9e35d53049cdf6bd7002786554,12750000000,1732210191
0249056d94c9c037f44e549953f5477af74492779740762778692b7c7c9d674c1c,41554430000,5577745769
03cfa83324769bf02afb9b501b3cf4184621324d1e7e71995dd1cc6f37cfe16651,76051426000,10603752957
0394bc9294f3252a4f85814a39d9caf4773665eba3db44cc3330935486466f90da,18868000000,1741381492
0201e665ab48dd14330eaa856891a0d19acd72e63aefa7ff78cda237608edc066c,176327215000,20895429375
0340dba467d8838019a990dcfd32c397af5a4b7f32933f0ec6bef4c06b5609437f,32777215000,2722471107
03525a26e79adf5793bb9e2747ea7d0d925bf8157362148f3b5da6e1c855be07bf,42794000000,5646841863
029a1316bc91eefed16e51de41db5ac8237758ae725486fd3beb5dd0501c32437d,2500000000,415476218
033c6c9501598fa05c275909f64f1d1a81188aa4a90f9c10e74ed71f558b8e8c92,24017403000,1695322278
0227230b7b685f1742b944bfc5d79ddc8c5a90b68499775ee10895f87307d8d22e,81068189250,7388164410
0341dd8d5e68511aa1de515e51b6e4315168870327bf22db84fc0c939e469ac5da,28019076000,3170960826
0280732d8bdc9a3be003df5bbbc34b887195a7aaece060de498d31fb545fca7fe3,35500000000,4370256359
0294e9ad2727d623fb22870e32f167d4d014e2f7adccb0926802f0bd4d17959093,220190250000,30696044275
039ac95a95b56190ec09888ede3618a4b2b8bc91e0423ecc55eadeec5c86218a67,11537939000,1174893720
02a1d2856be336a58af08989aea0d8c41e072ccc392c46f8ce0e6e069f002035f3,172094936250,19581683639
034168873cbe06eed6026e3fdacbc4f658cc3eec47e5fb4eebd5b709eafff1f69e,10650000000,1280404169
0377c91a2402d866d24029712d48dd303d529202b8774b935a25b15f9e23a80968,45566824000,5580352475
02a32ec469c2dce4937148ac1f6af67aa0054723b7c67a5f95a3c32f00a3caca2e,33007373000,3533235622
021471a165229b974136d668a83d29cebbeddb93549e82ae7a55cdb643ae5706a0,4912500000,451525723
02332d3d9256c03a492a02a2672480194cf1b8b8c1c9ff4da87b270100b64afb44,5650000000,579278836
0290622ee2296cfa273e2ab10311d2f4006e1a145d7f5d3dbf821a5f861036efc3,6461579500,1042977470
02e6e2ba0d37de72f6ac6f2ac7d4d936af061e24beaeba7e58c2b972398d951365,1449496000,411875021
033e48dcba57811821d8f952b2aa56753742e2cdfeb390eefc9efe83cb3299a357,36900000000,4058983993
0353f33bff2ec3049554f0218d4af4985c8e44799b37585ea18c5314bea93ae5c6,2450000000,260815156
038f8302141b9b5e53d239578d8ee0699d4a3cb852f6e93ec43bdee7eebd115bef,20455916000,2077199448
0288874b9510d93e476005ba1bb33765ac87155a4acfd232b821a6c7ee55159521,13415539000,1793269787
03c3f854a1f32ec2db7969c13d7dc7a75bd37e50931ee1c536280b58173cc4537c,23987243000,2186591644
02312c0ee0e9dfc91b33a281550ffd4516559881d49ca63403d8d13bb8b4bd3ba5,100000000000,13747189752
037e21b545ecf12b2ff66f285eb68157afa0472a73564e89ae721b6aa1d38ea65a,5300000000,577625253
0347eeb60fed9c5884ca67bd7fc30182ecd4d90649109e847a2c25109be95cd8b2,33624995000,3878949071
02fdcdd2c33f22126693dfbaad22a938608c44d746d515657e2d628f243a430d74,44919949500,5268506259
02857ef401e235f286a9751b9f3741a583807bb5ce2d063a826efc031aa8b7e574,6897568000,1075679655
0226f769173af6b282ba6c9a510aa59e559c96d81ed7e4b0ba6576fd2958ff5ffd,9625000000,1089693981
030b2a926b1d781b6da79a31e0d03d8cd347bde76de14d27dae49eed74aa022046,7455155000,768756209
02c31252b1b0aa215e4ae907bc1b3841680f9514ea16045e94d5dd182395128087,5228765000,558183884
02d5d6dee14f13d60438cc76181a01b16cbacbc25f2c23d4a3654c2a80b0c5d1b5,13950000000,1756112463
03df3846d4fc111cf11bbdffaf800466740750823477f628887f466c7a5d566388,35585000000,5547829459
0298ff0ebcb914fecd22cfaf43a183bebb2e52a0555344fa50ab91e3151183f988,5325000000,755056222
030e6af245da51ccc1d43d161c46df6d21099d14c6383eea7b49352e6e656509cc,4507088000,695619751
039aeb49d81cf764691fcce0e1b5a0f43528f3d65337c2156d9baeb564daea3e91,26800250000,3146037566
03d213f4115a55f0d0ab185434fcb6d3f119fdede11e901fe57f8b91d57ed316e6,4000000000,341395302
0374574e6d9e4d44d7cdb6492dfbff8a4388600344082bece5cb51e329874b8b2b,3837900000,500480260
02ee9a0aa06f776479b96a6f3cdeee71a86c982c00e33920a00b2e9a46db1eae0e,26427193000,2267004072
037e4d50c55fbdfa9b8beef1ceea87861f488f88cd8007d04c69f06d3f4f947e09,6740543000,814110792
0307b1c0b5f1fafac96d9d661f6d9c7f5d800ac1bb9bada02a249f4eefce82927a,35053430000,3690305342
0387875d3a8de01bd83124666ba078d9ec610c2971c5aced02b648179c5b29f80f,17900000000,2345090479
02ccd5bf2846e243c8d863350bf4728ef5c18a60c54885aaa0a7bb047c45723d3a,73449995000,8407420301
0265ebca1bb2353aa80b8e284d54405702c2664becea8d8565202b5899d758eae0,233881212000,22065921116
0298f985809ad42627b36af9fa1d57c4f668a6ed7ac9c300cd9ff0a27bce441e56,6236314000,547203488
02c4b64b2cc996a562e3c6a4ed592906b72733701ffdf1a17d1a27c2d7cf132380,6900000000,805612080
0233ec3fb4a02981b75f4c8b9f3294cf932f42a78b0f4490115f36484d50793fc7,11125000000,1364562095
02b7658435e627bf53a50967e6f859db63e4704f46da0d8948a8ccb59d1374dbd9,6923116000,592009942
0259b771e6004c8f55665dbb54524b6a615c1cb4c50129c6c8058d3d1e32544448,4180000000,567218210
038b43857d63dc944a7bf104ad3e0aad6eff730b1a041a980421d68f4c27abdc0f,2000000000,360079413
033dc4a3db8c558203d47fe15b0409d18ffea90ca87071b88560f87330e794aa74,18299305000,2238598584
03eb7913e55827af2dad1c45f61f8bd8e3f0d02096fc39d58afd9c75a27cd82cd2,12492500000,1890479921
03739cc1ecc491622e2ba47fc52e3157bb45bbe825c2f406257b6d208ae4654168,35208331250,3895898404
0221bbfdac63b132e519832c955883e69a505297ea54a7e4a16fbe1462756f54f4,10000000000,505170867
03f7469b18eca3b4641f90c1f3b7fb418dab9701276590b4011f7f660161e7211a,50575342000,4335438376
0391e2edea5191627a25ecbd327c0dc2a95c880a5b0e73af38dc4a5a8964263b3f,35722484000,3274007845
03e0d4793ec9de80ea2f07d46cae842a7eaaaafe7081a954806d089322e096f9af,4113554000,426997572
02e04fce6153845172cb7784b9e208fc10e295b89a874c281112eca1b308c8e990,2191110000,210801702
037c3e478246066301f381ad83b8e6abc0105332dec4b8538d1708a18c77089d33,11250000000,673312650
03247f548316b1f29d6df47672695cdf911a4291a885137804f80a8c61a031b429,20889474000,2681019786
036e84a061346d6430f838a431c16895905ffcdbda115f0b763451995da5347b1b,9149959000,900932866
0219e38de791d752d1d1f8f5c17ac81d15140e24e895dc68e28687ebe355e8317f,5400000250,730548706
037520b80a11cc145e592c04ff742134ee0f6bc06b4ca058bc7754434945bda414,25005162500,2396502792
03111a43a6bb743c354b7987958da7a2201c7dd9726f1b7b3c65815114f65f3121,1791013000,95898167
03c844bac78b60d713ff6b68f1e3064173ca2ce340c659c6fba2dade8ec745d440,16674128000,1956077777
02aa9233ad0118a54a6e9779b9c21cff5471a15ceb37921d3659b6f61191f2715f,7250000000,1418933510
02c5097bb37e94318b4e18a51faab68e764b234e9fb90b132397130e008d775d75,1300000000,26950037
02e1f446aa116ad200b060b79d5068e1d92d57c41afb21189c9c2b6b87169f0633,21810111000,2710089620
03932179f4e20fcd850fb90dca6297cbfb2a1c1ffb3b3a8a10a2894c9b15a75fd1,1224047000,44962328
039142da13aa7c5a1f378a6fe87683eb53f1a6dbf4b854278732f3eba2fc0578fd,38950000000,4169168761
03ec167b8086f16f76f8e723b253089b3768f063be9013e47c00078fe1dc3c878d,18777215000,3091387468
03d91ffaf5c8ca34c8f01dfaba24654965f41b650ce67c031dbb49b0be1e965bca,22477973000,3504593854
0350ba80f5581b5b4a5dde57771e8fc1345b1091c435c43450b3f74cf264cb3677,6525000000,764545500
02944c22ffe14e284374b4c57893d506d9a3620c3ff1deb81b21e781c857d3e06b,100000000,9434377
02ed059647b2f73e84db3df1cc450652b5741d013ecd2bbf2143af63c733ecf14c,19111327000,1747271306
03b9a2802555f58d8b333adf3564dcde4f30d306be27edc410d4d0ebf7194fa21a,109266666000,11810232123
035684cf5c3ed6a8684540d072e567a6f7024f307b4c0a9f6bea5ae1269627406c,19000000000,1399487165
02b02408c2f9bc02bd858b72528757f731f8d137f3770dcb8184a37f4609130a37,9542301000,803832849
020cb9b93492969c03d4dd24441e56b6a2c40361fc2033cdef43779dad72b43592,2286000000,319981914
02817d7939b76794f74f34ea09901667f04ebf8df4af1580a524bf70f13e9a0919,7772084000,826366642
0211c6f52d7cc9fd52240b83cfb1def3139e39e6dad1f8c20c5ad0ab3ae01ec5d1,18660340000,666604917
022e9d43e9ca90ab8817f3581c0a34db186d83a1a6837ed61d6b08a06f79909ed8,9768972000,924043786
033b90ec27e6d8140f9d56910312815fc8d166d2bb93a2fae6d35c9e84032dbb62,17229710750,2303514083
0293e24e2e8c55139c0bb93dbb64124b5a35b871e407b844ac1def968cc65db495,20552215000,1533031415
0346e762c15c3abc2c6077fc1c7289faead89b47e0662659b8ad435e3d6cb29e98,15208754000,2018537194
03176e7cd539d4918c58419c6eaf36dba282b9b96157d670973e6c88ccee823c60,7272701750,685376976
03421de29d3aba440290882878226b0f0ba276bf5f2a88e76d8220ab5ee7c9dd04,3500669000,240746564
032353b02c2f54b618e2d9d052cbe801bb8e5d469f392ca51869c7d3b6fd2eccf4,8000000000,734687441
028e953ff239e6801d2d95ba093c6b25a4d1236f86303e9cd8919d25b9ef4b733e,31219064000,3931003139
0340c67d7ff2042071763c54d3074c5d207efe2eaf4d133fdb157d272ad4f136d7,28900000000,2532989709
02f381bca77e797e4140dca6733204bf29a63af12167e423a2773f0abb544eae4c,181135110000,19829990358
035f99d4bab493f3e9d9dbb375310dc94c36f36934b8da7374a1f530d5e44f4551,4400000000,441505025
03598ae4015c76962a4dea39acfbcd469e9c3041d3718fe221afc624e198148087,3875000000,549555755
03b26f7d9708790c7947c59baa2cb185a9a24a3a1b320e76b646dc94b5a52c28c8,4500000000,281905775
023e0285c24d2234f472fe86c9be861aed0821e90b8685e0a0c7962395f1464a88,2470000000,117166471
03c539a7b630001d2f324a487b949b4c294e9de0e05bc7f9c6e85af841af263cc5,114883064000,9966054583
032556b8ac6bd96e5a3fc9d0c97f2531fb1a94ba02e59fb5185c1367e6107a9964,21775625000,3332450310
03b2809d77ef5919e66151d61cc82b57ea7803a8b0a96fc7356e45ecbbb7293938,3000000000,441791764
03675abead8c476de5a28f635d4f1516500a0fbd79fe42c3f23e974754af5d48b7,28577214500,3849941489
0333676cc99a2effba3e7878c4c9eeae1e2ffb7751057685588c2cb04acd422667,3750000000,465326295
028958fc522dc6bb0de747b6e3eacdcae0ad5de2cbd23143f0a8a3fa9c4675dfb9,158972625000,20319884787
03aae9fe9aebf495ab565c29c498e9219a1d9694c379f67425b39d8400432afd67,4046337000,585245039
02b93ff3203195cd24c01eaead6fabff071f98f7cdca7fdc31abae279431f1b961,15067148000,2451575405
02e38bf8fd2009efbe39332ea633736d7b037b04081823c40b8f3bb2d95e528782,4119945000,309077944
03e354a0e226607eb1ba833ddc89ad753f5b9831e975eb291d51162b7c33fab8b5,14165000000,1510822987
03164c84ebd7ba3aa1835e9c39404c98c9224a8299c8af6707d79ed9db4d0e33eb,2939069000,223895447
026e92ad1eaf7140d2cb6a6d428bf68e41cdbb7470b896e5c2eafd159c6f5c3c2a,4000000000,401986811
02b3e7fcb1fa7e0c62acaaab4388303e16786b37075596217ca679789a9bf9d8c6,17440057500,1844418053
03caf792b378813350ad66b6b77ab1cd7ed2331cadc62bca0c012390cca0b1aa26,12300000000,1199032723
03e697a1899a17611255edd8e3f43858a0168b1874cf50b8c3d4baf1ea1fecbb05,21527215000,1785550111
03ec5fffc431569d10236093f1e7c99fc7240d48944d92ba967e1192b2913db299,10000000000,444523531
0212da247ce24dd8b7db66f8d9080f68cab107b1a25748bb27da78639980bcd6a0,9500000000,1215578316
026fc9a0513831d8465b3e2102286d3b1f47e4d7379d254b93333a407bfccf2d39,19250000000,2802899417
02f326f751c6530540623e28b6754c5ef4fb15a5e29d6523445ec8784bbdc25241,129716397500,17573250491
02c16149d3ce6ccd670e2b719c9093f3cf61e3c775cd2f9fa879c97924c4b9d3a6,26966781000,1485456490
020782f96dacde1c4a1b3b4ca4cabe7b007dbd44fcaba4be150e97143ac2541ede,12847657000,1990302108
022e0de37e9d761fbedbe235a858b4cf1e3f87caf6a20ccafc07a7726e3833519d,40837500000,5529062555
03493775339be4a0134ff860e255c1eef2240c57916bc2beb2c70cef1241572b6d,44025000000,6744429659
02963d1d5feacc58531c4e80927728321626eaf2c68e50e5687b3ea77866c160ee,62580000000,4637117959
02cdb4274e0e1446ec14dfee69ca7336a93093c58fe522e66b50fda6e2af00c718,24425401250,2744182505
029c1f31132d20d8242a75d09cc96a77fbe88026acf292c63714835b2b6c42eb1a,14112085500,1467439151
0222ca6d649896002185c651fc95e21e2f189f0ccb2c61d40d21e721e9cb9e75a9,16010034000,65528529
03983ed72d5e030684673172cec06b17cc85791d81b9b2b484f71a8b1b44f2ef11,5250000000,529141314
0352ea483c0f024bbafdad8d08c486f070c6a75ade69541defe54060fe97db46b5,199144768000,19539011418
020c27b1e99dce7b952757be0b0d7c42ab825270c4f8f7571a349624da408b2dc8,78777215000,8535396989
0354e1ebd3a1a1c54bb2f1adcd1c11908350168b52a66635431281ce1fb44038e6,34332500000,3331377539
037a29957a10d0d3ea0f38c0572c191796176e56839e6933705c721005b6cbe48e,14331661750,1916972258
03d1a8f7e6e3e4cc5bb56b896a8a9f1335eebe4baedc717fcc5ee11bec01c17de8,2702500000,337799472
03487d1358e095c9d874ba3f7949e8de5fb3ec9afae9400e80db134c3434af1e21,1130384000,115224946
033ac2f9f7ff643c235cc247c521663924aff73b26b38118a6c6821460afcde1b3,24377779000,3082164839
02f94c8c175b002c6421f7e97f11f3ce846d2fd7d88a2b6c2ebb21e875b4d459b4,207712772000,27501678689
03de425f890369b21d37473321b992bfb95e03b32f68aa1ad54c46ad381fea0cb9,1800000000,126548624
034202e111fcb5412a1d1718c38ce357a276eaeefbfb6fed266fa390bae7a06e7c,1412000000,69012387
02a9edda359d2b2f0814cdbe80a10ef815931d68bcbc4bd5498e109187b34ce310,19750000000,3358335067
0258ee13fba74f2b13046b7c1ada98e02b70c08534e7665e6089e691f585aa07e2,20851135000,3470549671
024a65932bdad1c4ef070289a6dd9f71b315e61d871b38c79339d0cc3d26e100e1,20631875250,2813063619
022df3659d511f156e3ee91ef608a095ce3399234d374c7105356a36a904469372,10456016000,1184711147
03ad156742a9a9d0e82e0022f264d6857addfd534955d5e97de4a695bf8dd12af0,76431965500,9593964950
03b11db9753379fe2ab26311bc5f84d5a370de2539801313e06fa4e112b05c33e7,26027215000,805208098
03ca2ce661ceb09c245588b8f4cb5dd041e387dca7d33ff3754eeb3928553aac98,4962500000,690545884
0209c117883534df198ff2800e05fa6b356b3273b2ca087a13269f281862ef4ce4,8500000000,668349571
02b7723e37f3990e7e3702ecca65871f8733c20481df34a1c7a2e2efbf2e35e417,21921164000,2559315744
02f25e01443fa03532dfb02def3111217151fe60645a8dd920d92bab3e89d682b6,5014401000,473154253
020016201d389a44840f1f33be29288952f67c8ef6b3f98726fda180b4185ca6e2,54194999500,7743492839
02663570a6ec62a6c1c8412f469d3e85893eda6fbb7e6dc0757332478628b8e374,7232249000,830332269
03ae35e9ca5283fb1aa8a5ecb08f59648996d66c1fd5bf601075074d8c25426991,7057500000,401233183
03541e85ec88bbff1d73d4ed738064b1b97fa70d25d3accfa92eb1b9da9bc48548,5000000000,578960725
0304ce547809e86aa0afd31b9b1c762142ca598b5fea05834a996a107434e2c693,43840500000,5034725799
02ad4afb6e50ae4635ec5ddf5a57c44d4cc4b376ac6580f78cda0454a86e5fa6c2,52175272000,5871949388
02b4e9119ecddf8fd3767c486994d56079f2384f771d31e81696874b2b908c8f85,17538335000,2594891594
02aef0f3d25af1224162ea144b089b91e1426ea86cea022e0b2bc30b5fdb34878a,4121264000,758884689
02ca9f6020f8722856810fc59baf1a22faaea84804d42ecf681e49a9c3e0b713de,1109550000,57428463
028331898ddfd97c3579f313458c26f495cfc0c0e1dc762b710a5c4f82192a16b1,29750437750,3379642957
03d5cdaf3f64ee2831eda8c7aa6e79aabc08fb8657246ddf8d726c0e40d3953181,31605715000,3735691400
03ad77eea8683bc4d385e00e111c5807f69aafd3c5c85760351fce0d61d859f28d,6000000000,593870587
03e8d8dbf754ced1c33bc9b957ffc799cd866ca950977b25c12e5ddae197773908,16729840000,2121543884
03df2dd6ba57bf58e55c76a876e6af1c3d66434e9cc41d74d5ed934dcb162562bd,20037500000,1858265687
02950781c9775df8aac1262504d11a27bba8dde4f5e7b146df8ca8275c95477d97,18836127000,1173154337
02739b6f21016c1218cfd0ce2d2f58e391ef77b84b7dbaeba53bd62d426cf25918,17777215000,1087432228
03fb2587d031d720a1a274332774adf0a7754a38c7bdc7f0fc2e7c300016029383,11266967000,1298370029
038f9b99e577819858f6a077f0a59b35d4ad3a40e3a9d29b5c77e0fcba3c43eeaa,3475000000,499595636
026c880e448682e27033c100c19bcf6d80d034090b9744c08caae394052aa74885,20760000000,3100731468
0364356cf136034814e9f7a0c542286d65d94b20c72afaca9cfb1811656de609b8,23511740000,2350851195
038affa79c09671e9002ed014e56d5cd99c0e767f9792631d35666e3b7b15727ba,1120000000,123257736
03ff1d4bca094d1f47729a7ca7b7580d6274dd6ab87cd953c4cc38090d1cc87ba1,1200000000,94068398
02116a3e8b676f8f7f06fc82997c5590d479e8a2d0df437b49c4bfddf5e558b2bd,56374998500,7894698691
03bb49c62c8774f23c3dc74b6ccee2dd8bc8ea285aaaf154705bbdd76bdf9118c7,21142215000,3023505215
030dc704a457e55983b82dbb67da3c475eaeec88eb346047e8968d3d684f896487,4800000000,484006631
036fd236fabb9a5d7a452fdaafd3d72fdd26df20d2847a684042f9fc5a83feae5a,88080176000,11588638061
020296a52fcc2ac3d48c420cd073638deb1a57f0175097e8defe12b12a66ff0f79,10314873000,933868363
025c5d02903a4d800432a0185e3baa44b65ea111b3efe51cf89f5d85f4a6aedfb9,17227215000,193464243
0392cd55494a8aaa9be961e177cac3fbab6a8323afe23d0053c15861fb5221e4ba,17791502000,1183855778
028cc8ed61927c980836ee0aed5d0aceae9c1c388a589e7f1a62041f2d98e7e230,33317666000,3831100560
024a5f7ffb12856a21139dd64dea86dafa74508fa76b0901e21094fd52b5ade46f,5500000000,781050163
03f08fda2a8183c9dde3033b0d7874eb8b12bc1b5d78a7f78390f6bfd757aabb97,46375000000,5451912257
020e5809b594aed815d27ff4336700ed21c8e062ebc4a7ac7d0149b87069e90246,5500000000,564747154
03f4b36a9a4e253ed8a516ce5c6d1b0a9f87c280d71cb63f085c8c2ccade4841ec,19506851000,2545455799
030fc73fbe3fc52f49fb2b9feed41b62689b53062696eda5a31bf4644cd1bc89b0,2000000000,265253746
02d61bd7d56c6256bea8666124f141132eadffdc25dd90684dc6d90b2fb2a62116,12525000000,1389995983
024efd67cb4e01cdcd79e86f561cb5e66faea6d3761b5f33daca6afce02a80a7df,8514420000,1290411842
02aef8c78954524ca578e908553e1622a2fe5417c535308898785203634d2b4ffe,4600000000,642668856
0390ebd99b03654f4bde3f4bc77c8e49e5f720432cb5be9bce3698d97d4fc36bb9,7053625000,138383154
025aa32540ac0046253f5b8cc77011e362b8798e32326f5dbd7b5f14b1fe485810,6200613000,760576263
02f2c483f31693a8f6a7b1638b7225bf67288b5fc80c9ecbf5fbd01e748de71ebf,18637500000,2323455381
02f08c1f26c5578e45728ed8b040e06df54e17981ce011ec3549024874b3689ce7,11040045000,764494826
027bca3df99906d7b2c0a9e6c6d2f298bccafeab99836c977ce7b163941879ed43,1700000000,180743638
03db7afbcf3d7ab282d976d2a73c6537cc2cb26b96cdc08f88d05bb492f53caa6b,80998258000,10545462957
030988d26c5b3e8e8e0bf7ed14cedf3b338184ab095123e40c6738ef743f3f766f,32648078000,4880983049
0359777bd8bce551aade0a835df43f80b02743a924ebb0d46de321a932837ad4f5,15950000000,1553554430
03f91a1a0613ba795d889c679aecbc75acd1fb00dc7b16a775b571682537b452b0,10279763000,704710011
02324b351af4ff9afd9cff43abd1b46a7621412313f3c97e486af3e9f9dabb1535,7919746000,883415656
03f96dcd4861705f6c33a79c7569ba1b3d33f8177ee07bc96c606759bfc9940f80,86641894500,7490463641
02b28a173907e686fcb917bfd585b45b780e4995cd066fd803df678af416ad6edf,8615000000,1381236733
03bda9f56ef2866886798fbf897a51e293e59e504fdbf5591635856ad549d75bda,2981816000,442833294
0248420436206dcb0633183e7b66cb7083a661359167e71d27c53a6bc779d59706,4775000000,392388006
028a89f35c9afedfad6764ec7d32f9d058a702f4e6ecd8cfe327296fdceef6e8bc,1857245000,230348219
03f8a4e7cd9242109db317e6ae82b0147831e0d40b7bb4fa06367a6687155d4b55,1950000000,196455375
038f5b2058e1435f24a61ff45c3c0c9ce8901f0e970744a3231c7248cb1552ac0d,19433286000,3058412445
03d41275c5316b095b5f3fdff2c4e7873b0505bc8756a7acfcd15f7e281e97b448,67326937000,5403578132
037f963b5bb1424fd32c5176925e1e198c61a92e2c245f4a712900e1b5f400c621,15748584000,1838410393
037305dfd540c28353120b42cabd6debf3a832283a18679a7ef205684223998e85,22500000000,2532822385
038e81ad612dcef8e8bb29bfe07eebcb86adbe1baf0dedfe71afcbf648c328bfee,5235000000,853086828
0255f20d53b9a53c0d22268217894ccb90b11b86f956097b67e878b605a83867e3,7121788000,779871948
03835e0aa9dfdba1d4c8c7044105148d82357bff818b18383076495bf8b71adc31,13069278000,866075195
039ac7c1536c2441cf42c9964d2614984cbc99f7ffb474e9affb451af8210a9c6f,69257955250,6010426203
02d2ea64d766aec8e2b6205d78d793f79b93727d591818e0c2fcde3c43339a37d6,3930018000,496713941
03823ea7cb6d0ca121a5103b1898b4a954dd843a4e234eb1075669a15f011c57ed,7512000000,1104486294
0314e5099fe363dc7eed38a2ed743a0e82ec476b1aef8dcb4bda02dfb94fd98886,3504154000,318569444
02de4ba1b08b2895bde816f012d4b4a5fdd797dfdf6443c28db183ca4a83043835,48587127000,1995594646
036ff83834666d3ebfe61c2a7d1f8fc5d6b339a26559a61819e2b0d1b5f540fdfc,50177092000,5424389670
03ac80554fe880d823cdbd8471e0ca986b18a6ad4861446619fd0b28080e5c885e,52731645000,2617976087
03918747d6e361146c4884a0062fa6e890a24b0ccad8d3bab118f8465f2efaaf7a,14895325000,1993095557
028e9e578efe5f09f3edfd98ef0fad51007014401d8b7ff62236b89d6867529635,46584420000,4922416664
036d4c098b3554157ecc8b162daafe250eb8d89e6f18ce471b264cca536e3596b0,3258476000,154846040
03ef96289ca13dd8d0f3c9be094fe5b6e2eabfad35bf9a0ed3162a4d1fbb1d0950,6000000000,449907324
03c67d9d56ff46c44d7b34471e282efb647f276d809e6796c82bc4daff68f4db68,12226575000,921909327
03496bcfbd4a04c01ba6d29ef68aef32fd723b4de9225d2676beabcb25be4289ee,68925500500,7186597203
0227ae059fb6db3a2c619bd05ce3f509e1a98335df59cc1b4e817bc6201ad8cdd6,11675334000,1267781174
02aab5294f31db354e129be955b79dc3149d2f3e37b02f66ff89c247d78f01ccbb,4175000000,781953946
02b7562c5b3da11871bd7158edce7ce783b064cbb1b1f2b5be5520f9f20b9f2853,17000000000,2530365201
02e3db58385f750eb8996acf2a07bf66c3bcdb17aa60107343723bc41336f58039,2078122000,102844644
029e792bc774078a8e6664cc6771aa5187af5d9003cc519285c66e59c18e1fb855,11000000000,1354904810
02bfa83cd44d67f0565d003b53823ff53ecd63e9efc0e5fb4be96fb36329d0564a,9500000000,1367463715
020bd42bb90d3d0c0ef2e8b5e7bad43e9b293b5744144c8c35883482fbe5ab8f98,1800000000,228088114
03b7cd8caa00587646081d8a5d9c506f01c32857b5e58e6ca583191f5c684268ff,18641604250,2566880516
027c7b9f3535fe0344c45d8839d0b47f8b8261c5790182a2c69aa42df0e5abea06,10756052000,1185833470
036c2b62810edcfe761679c772eddc3925c1fccc813431c1dff2795abc50f4e170,20753347000,2980248164
0357f47e8d2ff532acce99523a14c88cecaaa19f72eb6042f8244f3651f49553c0,5000000000,590341142
03307335556e914032fdee85c138b61f67c63ff7d6fd77ae9f29719aa03f25b9da,7375000000,773918522
03bd56b86b7a7db98f0c131e62b786f7023ac6162ada63e0f76b51d847e06b684c,17621000000,2239757510
02dabd72f1d4ee81ed6622188e8b89fa40e443f514137f0f8e2c033261bad42ab4,13032289250,1854350752
03f8ad21a7b200ba6d3448be73510b09ae6eff22344ab4a54b67cb746df8780c6b,5541563000,627315703
02843b54ef2f286f09dc60587ab1fa80a77abb7f4c1ff47fe1235f19e03bb1db9c,3592219000,440238772
039bd8fd26d4ae06c627af860b271f0cc896153ea87accedfb5b2ed20bfddd7f3b,18580000000,2523665663
02712f19940e89cd9ae89493d170f11c0bc935373a595ac68bca1beb6c8a8d259c,15651568000,2386698517
025fe4c4003dbef0bdf4301f37b0166f583aa06510f0084b286a31b627840ad065,10100000000,1432783827
030958bd301e43200e6ab879bc5a66a709caf6ad1964ad49709a1fef83a9997ef4,8120681000,1021364980
025062f49edd67ebe3c81b2e70f1f00fec0d22db312cac1b79e94ea3b6f6a0de73,6750000000,1062635178
03c43b2bf06cad74849e599a8d3e36ac54defad9569751b49866f08b4f7ec52ccb,10930028250,1608602494
03e83d9e92c08219aab34ccb1eb69bb7c256d8bece29bbe34bc647cf999a7a7a7b,9069739000,1019212122
035d61eb24f59334d7318061cafd57a481d11d2fc597a873270514f7cdcfb1a12c,9509978000,1580771454
036d103d02ad41f6ba199b1f3e7ca67e5ba19917f470699e456ea27d9e0c657399,21000000000,2636316456
030c6ace90f74ea293519469084a077ea49692e147b4d9c881b62c85f676d79eb4,35850510500,4270650329
03142b162b4e55237e49dc8aadf919c99eface419c21869339687f365c93675886,25086560250,3437237779
0366bcb39ff7213082c1307e7b0a221c50d4be1b7db1a819a12a7a14d18555a191,2884567000,122058789
036df34b6ec7bdd6192a12ba6c7b85b8cf888e94d469dcaeb64ba7b87e9e1c3447,11250000000,1025803783
02066bee2fc312b765d7f4803fc6147ee7b6e26a1617696cd9f6dc075d638ab3bb,14375000000,1809094050
02dec47b9b012ae7675e5306a64b6599bcff6611a1422b2d8d1b169d2160c39cfb,15924670000,2614949937
02c88027431ee0d7c860607c51398b5c7785c189599ab272a6104d2586714ceb65,28923591500,2716209611
03d22b3ab1d0b86050c221046f57cadc5022ed34c73373032fcc86fca8b17f18c5,7002000000,703886520
02306900ee22f1cb4932e7cf442445884721f164d11b1d34bcbe093ac24acae3dd,36287475750,3656061916
025501f06098bfe9015fcc0955c60403e8b1ef5741180755c9443c6e144b343c38,8000000000,1010174084
02d354580dcb9bdd99938c7775582692937dbce9d0b1c4f2d8de8238894c1d5842,103250000000,8944336774
03602f32b12ef408fb7ef38cb15933ef7b1597f040c916ee3178e4333cd942039c,3350000000,269791578
034a3f448d5911e531e3862c37c949dc41a4f94f8c4220560a582326d264b983da,4275583000,393410632
02ef2be0a78d6760f3667ebd080ed89330706def947aa74f24ccb0c5f7dec22161,4100000000,445091771
039a5043b8155eb8ce8dc759c17fc729ac5802db5e9c69fc000e5ac9284676fbf4,1028920000,67472147
0205d359cfd8dad7e3dc10a21215457da54a9cc47ee01aa83dd2284fcdaada83e3,10949973000,2223242461
0397182258baa855c35b890e320843c5dad0ac07a1e90eb5e319ce914af4dfef40,12075000000,1602108742
03cbc091a70ca17802ac4cbaa92754338e7582344702f2ddd44b6a9543fbb587b0,16569724250,1919255432
02448b70068adf7435d83a883fa11b9182eefd452d38f7ac32ee4e355ca62924e4,17875000000,1871708085
02b85d0cd802f825d20ee7d4a47909cb848ad9187da8e21bb4fcb420970f974f5f,6512500000,1183391359
033fba3ed526c1b7eb60379e5f68f07225df7a4b1ff6a6923dc9e06725169d1d99,14869006000,1728492215
03c71536349dc87c58075d8d58c82bde36a3f0f719e65a9a729f816b74bafa2bdc,2000000000,323882110
03e8366959d6366e28e8426a838fbe62d905d398d3c6cf15bffb1ee09bc44eaf0d,3400000000,239593501
021cf7e967397fea7a8fbdd1a9d1b7bc75d02a1e44de3b1fa70061fa481cbc3925,2555000000,304270889
03ddade0b2e91cdaa717289a4860a5b9daf00d0e6ad8b8f8ea563507788cadfef5,21871381000,1973533237
0319117eb1ed3b90b7be6ca2e309afc61dff987154d8aa50a421fec0be51aa2b15,4800000000,626275622
024496d423e8d5ffc5e07af1d04e7f4db90f9094ce9a22968e70e567757ec579bd,7093547000,1007141237
0309506f816ef8c60bd9be263fae9df0818deded18f7bbe35887246cbbd29f96a1,13050000000,1881808255
03f413a65aecb74d307bdeaac5fae58c405b59d3bd7b98b65bc119e01b3b1fe364,17075000000,1311441487
0359d57d78b97af880f2fecc4c97ae740064d912466b31beed953ec41f5424fd2b,22289967000,3409226346
02ef6dea2708581e37feea9ba3140f4e72784751130a66012b37c30217a20047c0,2100000000,93659899
02e228d01dde44d09ff93d8c8e7be034d7ff9f4ee1822796a97857a377924aa6ee,2000000000,217099469
023d0c52adc4d3f9c289758c7c0881cfaac515f6a4ac2279ee433fb97924f00a09,2000000000,134743867
02f6c5a24fc2a48765f6bc992795f11dcd25f5b06c91036ad50f37192c805f8f9b,2000000000,314256280
03ddb20cfe68c35d9e0d9d88912352615519ca87b1845ed27e1ee0c4e1adb2a5e2,17175000000,1830695260
032a3f5a59e529a450764aa9d1d4998432ea4088c56f931ef4b2006958c82a5999,3477777000,207946910
03f6ce53dd3ef26fa45a87784359c5221e3d6a39be7bcf9797129c117ac50ced59,6055000000,576590853
02bb0aacc820b6d20f272d2febefeebfe5c9e22212ceeb1d39cebf2a91790495eb,20000000000,2469948142
023f147fd538dedfe417562c8a97bce39c0713d5f9aadf94335e49f02613865b54,7100000000,603399844
023c34bd26cc2efdb492930869a9296477fa98b428732c86fc4508c0426c735173,9600000000,859309439
029bbbb1dcb3a2bea9ddb7312be2569b212a3a8de03cd6278456316f294948d6b9,19874999000,2190266297
038d215545aa370dcd6af63581bb205496113d4185e70dc5af5fb4ee0c499910af,10246966000,1010186171
02e2571d095c6cc22e9197dda1bb971cbf733a7b10802b94689d256c6a7e77aa27,179478848000,18994044643
021ad3bc49e5f64fb33e434b27ce8aad3602655f4dafe06535c80f0bc8f875de61,1900000000,94305143
0326968a0d33f7b57b4997a5aee7681c429d2470b3e04a5974f54230f84edf9899,94637225000,7209798658
03748fb4b918f57f3268714a1fb706c053fdf117cd14ef5b64a520ae30cfc6db3a,3865000000,349432239
0212a37c242e693e8d2ecdcfe748aa98b3aa2f59a9f2c4e73215e2cd37ba1f068b,6727336000,682977477
027b45fddc0725d11084014427bbc1a938fc37e357a0c592aefc24ef8d73887dd7,5000000000,494908759
022ccb325875cf6fc2f51d3df66b144de9c0c10ad1599367850b943d6b2b553250,15739891000,1521425730
0275a9999db136686040f31510f6721521c0926530fcde1d8da3c529d4551c4eed,2050000000,365283873
03729533776fc0269a7e6e7c0b32ad746d9207237d89cd9d6f608d54341ac9c69f,1714912000,238197024
029c82b82c0b14861c924da26dd7c366221d6f060cc38c7074d2661994f2a820da,2830000000,412541439
0223457103ec9aba942c7235a2abe5759d25a354c79c4dbf742dd9b65b1e6b8b21,7200000000,739297018
029b3d3497db86eb682f81493856d11622cac3b9bef21391c9ddfd366f9829061f,13774447000,1659878319
02320bd58dba5d169c3572913dcb043046c08d9b17f846536fe4b8482641f98776,5125000000,195203403
03f93ded37d70d2e5e30143114bc9f132385d51d196b3bad09ef8e77f950f13903,59303875500,8890167206
02e0c2101734bb6e769e8047ccebad46c4408a432fda7c039fa384697206629a90,6000000000,651262998
020b7ead41d8cc6d80c6f152b67037ee8203e7226a44bae460beeca464d75a773d,1400000000,131804119
0280e49ace8ca07e8647b8e503a01fee260f32b08d7f441de1476467fd8cb9fca7,2490000000,318684839
0253e7df3ffa9069e6b0581d889a0ea0ca4bbabe36c1df2040519ec27cc9bdd337,400841000,16601089
0388d1f602beaa4dd5ec67f68ab26dd47fe0520e58418ac528e3def863b8e3e058,9000000000,1267999614
02bf48d49db2dba1643daf062609095fd33e2438c2f0bc0b059ac21768f3a56c8e,1500000000,168961019
0351ecbe524eef6b08db528b389cad907adc29af86797bd1264326ab51a9aa2fa5,32162908000,2405838509
02ebb1cc50165cdaac1d85b3e8d47f42eaf98447397762551dd71bc5ad9ddea800,11414575000,1795436237
02c33c8f4e38ea2986675edad9265c59c355024bcde4c5e10e30eaeab47c1fa39b,8075000000,997578448
030c9d7094ce7342c3ff841f405143aaede584835f4c24d0e9e170f031bad40f83,2612500000,303071985
0340b4b4c2c6c33c6cc7ce9652d35f6e07bfe22baff420300d270482d2a3084280,6500000000,383977906
03ec3e9eb3a811176c5138c58d999919be63afba527e5f7b70cbe606dad09da98f,9400000000,869216295
0332c9009dcb7b452d802b013488098f491d938521b45f3779ad0befb369dcb641,1869000000,212681240
02c86e53e58820312037d06756a0322a1be2a3b178bdc596a81a3ed10c4be79597,8975000000,1408992126
02ad7bffe0453124f5ad0d8b036b4fdaea7da53a34e121930da2a761d5a38e6bd6,9000000000,782219203
02205eaecceb00248d866b4b5ca5902cc1f790079b2b4053cf711d5af8587a471b,2182213000,206515029
024038bc846a7febbf8dba84fb1982cecf431ba03ffba74c9b48a24c24d2ab066d,3700000000,273174897
0265c45476ef53365755f7076eef987965f308b04dba1d8f74638e75b3164eafdd,2155000000,425665152
0320a95128dfb596013ecfc559bb814fead61476c7465becec4da1b24a68d4cd7a,15248661000,2328350433
022fa4a3d76c4fe8cdabfc896e5bf5605451c724c7cd4f5979a7c0fe2957ba6197,2000500000,328919152
0369fca3dd7914ccc1450ba9f5d4258e53b8bdbd0a7d3f79b41ef6dca7c5db0ad4,4506000000,676823680
02ba604ebddaf9d719fcdcf74bd94f1e9f36bd6f1b39c2ad933959ec6b46bf80fb,3000000000,440020269
026d92e8c39aa2c08d51b56647508be2c8de32e71a69ca2f3f5880c46c5d8e0ea7,1999289000,187343320
02c2abe0fd8e1634b61397b7cebdf1583dd362cca12ff29a728712507bce9267e2,9714417000,1077890314
03b61356adf2b413ea28a56737b69c7b91660b244cfa78e672f4c9558b5b9a0df3,9049784000,894602961
03219f14babe59d42375acd43d2c6ad4e8a37be25f053af30bb29963b81009f3f8,3000000000,338477188
02d3d3bcb9b21e399ae1ff17d94879a49883933cd0afc979d0146c0c096915c6d8,6741854500,914127158
023acbc004bbc7aa716c38417de60812036f53398e2a5c1291727ec70bc03e421b,2000000000,284840049
025e2e07ee08af3d5c9b04af84e09f1181759a8cc6aa6477157ce633c120eb320d,3595672000,387772348
03683eb49daf605cf5a1d558a24813b03638f9fb9c8b9d1d246bdffba07ce3c7f5,2000000000,197735208
030973001261562cf95f3ed9dcfa581fef4db37b01371ee8b4e857847f3ba2a45d,3375000000,451302461
0270b91052489af72947a18fb17ffd51afba37b3bf02af5ab5ae90376e599641a0,7570970000,1138955673
034791521210914420965f5a43d1b392fe0ce829e3a0ef06d08acc5bbb0c69abba,6478333000,712270345
025fb52d06c4c3719876bc07cd3500f49ffe4405e8432bf333f7207c6ca108ed33,9250000000,1544363715
026740a93cbb480ba4dcdca1d395f5e92f98d96eb8d7bddd0eb6aa5a43257360b0,3000000000,107732996
033c3c634183087678b728f061c389d8e7d6a13d3d0f7aae938c2db562c61d696b,3034342000,393117873
02eefa0df220393744685187d89e96f65a1bda730e477c628f79fbb539acddec8d,4149242000,287153784
03036c8a96e404ac9d61bad538bdffd9eec9bf827455a5f6f34c64ed854d1b926d,2000000000,258821095
02f41b50ea42c48b1bdd7d4d75e27d16f93958d0071367e4f5960a755e0a2067ad,2000000000,178279060
033c0df57d6453820aeb9d280bd5b0cac87e15fa591523a0e4760708e02b46e79a,11910047250,1475060688
021fdc73879bc533653a5e2266c25656ddcdf147ca2accec4ca0b97c467e27d1d2,2500000000,287183185
0335dd6441032ab9879d4085edf5399eb041fe74974d5e5e6504db200ca0511fad,4000000000,536457202
02cbfe92960e44f0edf2330c9353a623acd47496b061817f96917a6269ac3f8555,1450000000,233829873
031d01fff3bbbfe256b2dfaf5db71283ced630f449a141af632be8f9568f278cf9,7050000000,778434122
036226fec3acc7b4d3d05563b59c6b032f81541847e6c9eb7369c50e070d2f16eb,1557500000,91269210
03bb3b4497997c9a15961ce7a907668dc10a4cc36ec92f8e7923bfa2b22617b085,2337500000,157724395
03f648c04c518481f011a3d78cd151fc901ce4a843507fbc70c63026ab0e3593ee,3860000000,507107652
0322b682f0032220013ff430a82ed27dfc1913b0dc3080cef6511642833ed3b4bf,1800000000,124009908
02b66c6dd7e3f8998730e789f7b8be4b606901c614fcf732a22448137488260a47,2950000000,340019691
023b40b208a9a25be7c6111ea99b8ac213e5806c8747982fb9d0d856f87fd7fee1,2500000000,233365421
031ff1fa0ce00bece0879270798ee06d29a54f54e9a4ac632beeddcc74f000e217,2500000000,311782314
0317967faff954b5c3aa3bfd2841618742f84cf263495d8ef11db4bbf64e544355,1900000000,160149025
0273a1b98aca060c1d7429ed6947f3b37cc6a6531f476631ef6c2f028d1866b40d,1637500000,108192256
02493033fb238cab27a1412acc55101bab4a9b644f1d18b76287aa8d764c9285a4,3249997500,304302379
037808a32be71ce0201ec04d1d975ef1fbba5c2a8cf83ff136d580ddc08b396187,4500000000,524882446
0326f998ac3aa5d1dc517b467005ba31909ace9454d40f2fd895f98d9c2ec34491,3751100000,473628020
024ae420f543329f87ce1b395e9cce99cdbc01902e7544b76999178a927d4d8eb0,1629846000,298230334
039f9e75e1f0095c5038c712183ed165b221c6c63052bc58b6a52aa328e28de296,4450000000,652893842
03dfc1e5b47cd336bdd63c9594331cfe6236785205b3b8992bbda991330cd24213,5875000000,706304434
0395ad10fa1425ae5c970597021eced96a90c35a36da117a6e6f137c5f7c849850,5075000000,870857627
03dbd4d9aff730631067055bff213ea1448e025e84e180fb37a25ded6f0b0d6d1a,1225000000,232816464
03aeb3fa0b0d97286ac5ffd9d4b97207d738398b8a9c42ea41454257d60293d339,2950000000,464489085
0209b6d3354f2891aba67a42ba69e7c5ff0cbdd5887b049f23d275c5915c7dd386,2788884000,354005278
033f5455ea3d2e4b5815bb566405ed109d6baec002c9df9834311cd3cc06c9cd84,4250000000,937572411
03bc20e0b16b14731b86c6a59101ea746a5ba014fd321474fac8e0d8c04207c7c0,2212974000,338858919
029909235d003b0d15f16d4de2adb937639e78ff1d11a59a18f23ca1c26cba53a8,3700000000,449034802
020f465b056082fbaa8cf5b578ec67fd368e1964ba5788af1aa2989640b0c38b0a,1325000000,246438353
020c5fa6ac626ffa2374dd59b73c87b2291d539dd9a1441240213e253e47535dc0,1400000000,129575404
02765856758322fada82503bf1b20cd12e31a7aa6f90b4eac29f53be585b1e6f24,1615625000,105242137
02d731b338fa15c27bb321d1f0491ee3c5cd48e0f86374e1dbd1d00b3635443455,1000000000,35628758
039514416092621a97aea7482205b65340320a960ca2c5ad8f23a00a0e42c987cf,3000000000,236561938
03b56405bbcaa19457bf8aba5acc07da03b95eebbf238582d002c71e2a3d13e41d,2302945000,77707867
03363e4a58ba48d2616138046b9c7abc95b4a843c1f78c3db377dec98a8eb77664,2220000000,309107032
0260286c77290cb797a9996d186328697046419112e4542d66395ebf78ec74c522,2825000000,500862816
03d872dd2fe34757e3b61a9b2c2264ef7ead2166145c8f087adf06bae13f9fc4eb,2300000000,234187608
021d1ecae51aa1373d322152c1ba3cd785492a5d4d8a3fa388a9a1bfb2a5ad2903,1059747000,64834773
03ac8b814c7f5e04dd8bae589f237be6c8b7ddb673175817270eece7301508040f,2000000000,171434603
02d23cd031a69710a5bbe525784cde50bd3beeb9acb56d97ac7c0c5e9877193f61,2000000000,172645512
03e7e0236cdd7a171eb11b73da6084b0a08c735ced2eb555fd9d7daaeab6f8f6a0,4237883000,789915022
034a67ca719d0373ea66e1bf6f16242db228a7af109a69518b4a8ca865e9e89baf,2000000000,227713061
020c4b3c085872b7bec6448a8d384b209ed935f2dfb96094430270da5588f5538e,1100000000,174813968
021ae1459830f490ffb6fde437eb99210ace2bf4ff9afebb8b2b9c4a704440e3a3,2095000000,472862876
0342984b67b36c1cca27c5e63d06df0d6cb850b1f5374bce362f7a688c5e19f8ca,1100000000,52214777
02d459fc75c635ee285246c8ada565f3eaa7c91b553be7a5e48878d0f73645b744,1500000000,259420629
03934b08391203e69f0f1dbc7d2208542a127acba85fd5e847734b8bf44a162cba,2000000000,219703875
034adb91d1ce2f32c4beabd76e60e08832c97fc465fd308cec3dea82e964ce9a69,1126857250,40114451
032d976796d920976182da5a691b2370907110fba27d264bdaf04cff014b70de35,1302159000,191769836
032fe17b6af86f33516f84536b109df0ac5848482c1b8626fc294bb8a11eecbfdc,1100000000,105408781
03d1f17118fc19f1849d36038b49277097a0f931c502e8b9a92f883b6b466cd9ce,1231954000,221939817
026722b2dd82ee840c720bd5173327569f9e6fd8d9ac0ec4c091a3cf67e4990bf9,1227973000,199568020
020bcad3d703e7ab236b3ee7cee60b43e92a25c20fe5997a2637935ebba814a4fc,1750000000,359396100
02a2f1f3b2e01f262a06abbc6dc4132f99df836e71d30210cc527d9db648da2c2f,1500000000,65685660
02e1a30f5761874a1f186cb9aaec08632b6a4e5bd8ccfb88ccf40f4db4f2828f1c,1250000000,179071554
025ddb925eac4f5d85474b474bc265289fd8892dd14687633a10dceed8a6b67ba7,1225000000,67533046
03ebc575bc5385f589ba396801d74fcaa90d3cba067315cbf3fda6e4b864e6af47,1600000000,272533176
02a2319e7928b37542969ea9ffd0caef53fe83d4ad5dc943b04c4059ac67066446,1100000000,41577449
03699b230588b5f6f16d87cace0a4f7974783c1f2e0e382ca6de21dee80d3f85bd,1100000000,103994470
02d2487831e1e181b3955e97e77bd9ab1574a1d15bcc7c32c2e702f4620b461375,1100000000,34853512
0360cc97ba752099eb1080c6ccf33e3abe04120ece04c1ab087760ccf3bd36531d,1100000000,36001570
0373eac71b93f6c9b400460e32139bba64657a5b6e397f68e27cdc0bc6c2a81ec1,2025000000,115579728
023f88840786f8d54905062def41872b613a1e192e0c886871011c87e4a03e0793,1075000000,26847927
0253234a1de9202f4680339680a573e3c9c4fa30ac7c6368879792a5f5900e00cf,2375000000,465288244
028ba54a35441bbc3e7ea24c9dd99621ce0ccbff68e172be06038058b3f5d2e314,1250000000,279342298
02634491d356f96916b66862dee6b4d656f9898ec0be16dbd0d9a3cc3242b70b46,1025000000,202356917
02af869d13b4aa3132af5fa3db37a5c57876fc9047b7f499e82493cb7aabe2bb94,1206247750,236265982
02de8a8a645bc2b01eae36b91d3c22580daa28e1f41e68131b5e9bc9bc2f3dd255,1000000000,184964169
020556f350ee34c324591ff4c38aa8201e5dd5ce787be5c0844dcc2248e1e0fb6c,1037500000,96729449
02a6bbb5a2889bcea7507e3c87732e7295f090bd6720d2511adebe4c0cd0655fd9,1000000000,63276755
03a1844d3ed093a5bba2c1e3e0c54798b638a2c820f23d1dd5d1548807332cbb13,1000000000,107161072
03d9b613e7d6011bec98caae6d426bec8e1f13379337690da8e7ad6ed1b6042022,1000000000,160854851
03613c35cac1a40c4426a7d6dd4ab75cec58db140ca59c561577604fd57174ed01,1000000000,104826043
03e2311a59e8c4e16e85929dd45b8cf12fb4f635f9cff9d01eadef92d8cc00db24,1000000000,121114707
0213c489c36f0123196e4e1418b597392644c69d4b733a0d7271293c3b933cdf1f,1000000000,129101176
0292bd3f4a82ad037212fe6bc930c96df7ea3d539f532be0986701956a73a30f6b,1000000000,12332837
0264b74183f47ceb7dea7ad392c450a80edac9991a4fad2942f591bad9c7ad0f44,1000000000,148361861
02c5cb6bf216ad53fa5d116c0acb81f246331ef6eb1c64f4eac98df8498d3040f2,1000000000,30299622
02d895399133d203fecee5a462febe8d42d26b8b4de2461ab43943a56755f3ca1a,1000000000,81130541
02d9d2c24cc3ff0fb34ae2e18ceddaff77d404646673e50b4ef9e2d61e786a2dcc,1000000000,81905278
02d78da397b7f1c74f644efd6f88c8aee9f95fdfdc874151703327c52b6c9c3485,1000000000,45869353
02e0d706e1e571988cc3ddd946ff429354251c9803165c568c6127a6d7a8617aa3,1000000000,40233583
0298724d7dd37f6b3c0800214bbd605df20dfd29061ff3d2b3c90b809dfe5494c6,1000000000,141455907
021b692549a44a6ea5d59d908aa8c14515bea07a4496e53d222c8f506a3aef82ef,1000000000,156483517
03ae19786884da33c7e3220337fd01b4f5d44b8a920af310779863072f35ba25d8,1000000000,46861793
02b4ab887a6e8f37a8f416bc55cc95198332c21de212cb186d8f9066eacd572c4c,1000000000,10999831
0275984d413b6db6712aa10f000848b63163f46cdd2f0107337542e6b0797f17c0,1000000000,164426941
03a8cdf060fb331e8726a5d081a41db42fe5b7bcf76e6417170b29171974e8cbe6,1000000000,127376577
02df5c87593bb1fea16f1652471686c7e94432af6f9570ac65558ade6c2c324c72,1000000000,145499656
02607e4d8f9986ca77c2ac61d2e26f0484d2343ce79ff231f8ef3a73842958da69,1000000000,103305687
03de63b0371e39943ecff9a033895b1c71bbf806c736aed7b69529f8876f76d332,1000000000,143621249
029d8c5191dbfd55b7e4c695874f416e3a6690433569d08737a02d19fec69f55fc,1000000000,14150109
03c820975537657f4e7d3d1e6c7029cb09d894748050b50e508866b8295d89998e,1000000000,87276041
029c78ec282766f0cfb087aaf60fbbda3b7cb67aeb1e8ee32a364649ef28f23bd2,1000000000,181252647
03dc5ec103577bee9e7dec182f8388980280b502eb187e2ba315e6234678909bc0,1000000000,63327152
020e575a044bb98c7290cb2d2f6684262245abe398829cb9d1a084ce42fc2abac4,1000000000,176054640
03e1b8da8b8837396719eaeec7bda002736af9eac57dc825a076cb6e004b6e540c,1000000000,49067107
0259eac88821a0e485a595789d4ed277efb54a7be2e3ba76d370742d4cd48de7e4,1000000000,184164870
03830df317e6527e227749bd66daf203a3abd7bb268a05cb93c84f6bdd8d4c6515,1000000000,88162730
02afd31b3ce9e414fe1b2aab8c2a8ad02a56473e9d797091b421d54d13af458065,1000000000,127782253
035aff5114106d285b30457f846ad654a0e83db22cccce98dc4e23125f368febed,1000000000,172738810
031911b795f331ed03a57f465311d9ac380cd791e8fa154cb60374f2b51004972c,1000000000,4364148
02870c077874b6c294f6351511fd2eb239754ebfe91f6c9eccc980c94cecd5fa07,67393431500,5670463634
0376d0ede3c52730c1838a07a46a4e583158eb2ccf5cf79f918ce10c3e6fe3e71d,31575770000,2834013296
03ccf481ea6ee6f8fb919e697268d86a6cb1cf21279deac757e20d976b0a1fdac6,31862821000,3079588533
034681fc477ca7109fb8032e65c63a08f3c1c66cfff26484524f3b482f81f58c26,3995000000,574052754
02cfa80a9c191e5c7aaf59bb6baaf9215f10228a800a97550e60ca796dba837d24,75525000000,9817908842
02f7c38bc53854cda55ca45e95c222ba2fb9b051bb182a4bb05920773aae292b10,1990650000,114257759
03342d63f9ac97544464989a158cfd114de39fa79caf46156467e00e0e25f5f435,1219988000,64518069
03b7d8c5d2a6bd5ea373d6a01889be85f40953702ca700ece66f84fb29bf2f4b6e,37323280000,2874630811
0385586e9f7d917fe0b32dfb15ea7a28750c4c8f26c9c500fe5c2c3bc57c9639f3,8720000000,1244313765
03bdd0c39415d032bb0815271cca1e71a7034995b6a64768d2d733904bcc780bb8,7665021000,746995729
0371bf4c357605678aa41aac369604a091bcd6a60bda5bd1e07f820e1763dd1965,17834343000,2011308508
031e47777e35627e1018bc886ee24f81633a54527cfce24df0183a8fee7b3a24ef,37253018000,3334950410
03858f3b77447b572733e6e888cbbf36b8bc8483bb9716041953bb284495655522,10553005000,1527916684
029f709c20150a62b724fbff44fbf31c9ab46193d20919fba3242ad97f32393f2e,17935821000,2552375506
02b57f86aa1b5abe288fbddb8c946cdc6ed17696152d5a22cfc045f90e713474ed,56552216000,7013575161
039fcde7836a25c0d37f24ac271128115e589bcee7d059d468ff2e59cc3fdf5dbe,12925000000,149106956
026c70f66f93fdca1cf44c4bd0edc4edf58ba8b8e5139de641eefcc7d2cc375ecb,16300000500,2005565694
02ab81bee578b3b09b636fcc5960c8628605532724cb0bdc52f48cd5271a5a6070,969420000,83179140
0269d18d4adb5bd999fe7c8516b2d6b78ca854309ec996c4906bde9978f8a28457,62477215000,6034087739
0209dcee909c58b1d0ea114a89f27b48441aeee08ce46620315a6036c16a7f65eb,9200000000,932301255
022ea68ac7588959a6a4829a5ff176c296329d614b90b3f5f4456b5d6130ea50f6,55127215000,4850755179
02c5c520504722f52131457b5a2e08d073562ed49b902357ebddd51a93467d4e4a,5000000000,539636858
03af20bea87280ba29c4a6c1dac20b577a3b2e137bf33235e08ee3c90c3747a997,98132500000,10048792892
02839ceba739df5ff36751323979dc2c66ac32fade040c066922667b91cf2ca7ae,963369000,170296301
03a20c0c2ae4508b669a70e5f82f08f69a3da5da3bf0c973673c3fe977db0f61e3,19236060750,1996315473
02de5965c0de62f0a3a6464b7c1848510661d43df96caba5e868ed7520cc3fa437,60850000000,5401861275
038b6eecb503c1c55ddea8e50d7b3c0ee98ac4e92e25adaef72aefb2cfc2f46ea8,2950000000,566813168
0378214cd6a6b04b5e320f692bae91ec07bbe6ac74a442fd74c49b8cc2aa708980,1450000000,184856574
03357c64c975934aba80cdc4dc23e565dcab2210143d3186e6b05d460365d8675a,7031365000,478787002
0351876efe01167a1f81f988ef470311eca17661dd1994bad01861d4a54565bc5c,18127576250,1912381205
03825052101cd5402c7ec0bcb814141229b60faaeb0019f5aa599fb3384c909d28,17969381000,2386120082
02d249c1535670475bd8bd6be2dbe51d671a78a6971ae0c00953fee8ec29497711,2200000000,143279570
036141acc2aa4fa2b38b6a46f86a8205d51835d137a1d601b3b80f9c4f63888a4f,944317000,156873992
031a02c4549fcb7b77d4c779169f69f17e0cbc76cc0d1bc626bd7ea40b36c5b671,25550000000,3353790949
03e1210c8d4b236a53191bb172701d76ec06dfa869a1afffcfd8f4e07d9129d898,21455870000,3037004067
027be48dcffa5cf9b8289911a8291793a80f910f99eef8d55b7441aa136293e371,58100000000,3989650937
039600f149e81d78c14b2aecba9999ef773266525fb5ac8174ccbef6e2cb9c6166,1500000000,151206942
03c816aeda7b96472804e6b714ea2954861a2ef54ac8b997d88f8d139bf660c23e,21381470000,3778451457
037d453f0cfc854a0ee0b41c4ccb639dedb138f68a46ec30c2b856b812ee6ef0e5,8935000000,904113821
03e6ef8c95dbed80bded4d5f36f1754bb401e92b5e6cf55f157f72f5c2b48aa084,14301165000,1926847101
02f2ce41b19d53394c32502734375cd3ab6a950bcc2aec102f9c992eb20206e670,22550000000,1731852831
02082cde3684a0692d976fb49b7420fa0237c4fdd1d80fe014a606b5133d5fc9ec,7175000000,669392155
02df315ed19636d66272e2ebbc1f413e460ac5a004810b28ef4714b30f33acf6b0,20974653000,1511199538
035fb97f150fbe05cf0df4c20f97bc547d50e661fadebb2fb43b01281e25e3decb,920000000,100895953
0309e0e1610c6047e50747316253272dddb272c792fd947db96a59fcb97fa7797f,9000000000,848055215
025682cf939f6209a45721dab603e66eb04da07182121ad87ba84b2c59c2f98171,33554430000,3225254337
031c4e0cef26769438effd35b5992781fe265615ae58a6796deae12557e6e77d8e,2990491000,429486176
0387a14e6d3df638ca9dddc62483d8307ef60003ee5d654fb437ae90e226206c97,14000000000,1668441427
02627ad1a09261931f68bf71dc1962b1827b823591718a89b8231e1ff1d62d57c0,149231824000,19129767597
02c3ffc714b9ea194ec3f4fb46fa08bb0da1430584a60fb2177877fc7434af9b14,187645801000,32360128973
03557bd2113b7ad9cbb313a62329b8aab8bc431be70d10a86a14469e2720ac03b9,4923444000,589635945
023c32731233952551e27088cfab5966beb6fde88542ce9b3c9685decb72303f16,30852215000,4167719509
02aa2ed31c3b6d8bfa9a248ea32d72fc44ccaac8681c517b4dcc14e8b4f18356a8,19000000000,2592827777
0362dfd94dab64f1d00775aeae4365c1755360353b2f0a54d6f37cc8d438aed008,8645171000,996303636
022e4da149cbf1e8958bfcb7d81803bc61a926deac035f1101c5bab999c3577fbc,2054793000,262166404
0268095e71f2a77e9a21addc3a22d4c90e5318ac0eab0049b9060d24aea472b5b2,8024999000,716807105
03ea62d2ba690f7ee731b78e605aa1b1c78913568f232cb0b9784b740b77a44d0b,5167355000,1277865783
027c948a8beed67402ea9ed0e8366064cd4987d141be1a4bfabbe9582f06bbadd1,1940039000,242483925
0364e154e015741de52158c2498c6e03b57ec688ef1c2d953f541636968c5cef83,1200000000,96257849
026647ef921a409a0452ad87b34a41b8379da861cf27d5acdfd2c65e5c31f40b85,1100000000,45551873
03bf85d154d32b7712b3d7b0d680373928da828433ec27b756135f4f0c27ab9c22,1660000000,301532965
03a84384a8a842fc69350bb7b6fbd7029c71057a5c5741b20451bdeec4de3f729e,900000000,154628616
02c0baea8f05d2dc7112308d7939c2e1be320da4ff92d6d18929714dd05999c506,900000000,4971717
031206860f99a2c03a21cd9e0343f8fa0b5f6fed19fbf08a7bfb3441c20d2ac6b3,900000000,65384233
03dcdcf99a13a5bd5df8d215ab6208e0a7ad0336282374e82653370fd97ef85360,19250000000,3787509003
0212378b7a9024ead11bf65607fdcf729231c237063e6f555693dfe39aa736d62b,24150000000,1984509840
026bb0f1572f32530ca46c0bf46ce2d749a2dfffc3139a947fea0c0f3f4b801df2,6040000000,516845550
02d4531a2f2e6e5a9033d37d548cff4834a3898e74c3abe1985b493c42ebbd707d,56455028000,5437436450
03fcf9e53678d18e51f0e2da4515caa64c517e3f8cc804809b44ecc165d214b3fd,31251946500,2938767477
03981ad74928989cadc22bc554ea98b5c4bee0f7c2338807c5409c002dcef8b146,309197747000,28694067413
037a87399bf2a311501ff94e1181bbb0fcbb59ff67e95a0846cf26fba3d362727f,6606440500,662670784
022d97ef3ae9d5fe6518cdf42336f7a5efd31d18389cc2cf1e8ae45a54c388160f,441494000,57785411
02b4c9bcd9140037c2425d03ed7f8e76c323e571ef101fbfaa363b0f6790e78d44,13650000000,2204879743
034882d80e9a04952bf2417117f0f34a831f27c09d1032bd29fea21d7476b25fea,11480000000,1286235931
03ad1b3bbc8322138840d490cde5bf8a8d65de3193670235563d1b0453820887d7,44193948000,6905977335
0323756c7a136d0fc69067576898ca4d287efd0a192e7e7755e05be763f78946bc,33477615000,3507647166
02c61e171140fc1aac5d3e0bcfefdc79ea954306dfa29265f02def849dc7e80419,46750570000,4797919978
039cd42c10b569257512d397ae5c7c3989f8559b286d656b61e0898c4673457842,99815844000,10909267440
02069f944d9d863e15c0f9d3933cacc49400a1346e83de9f5d1396228d06872e28,6499241000,551912105
03a800d2a70d1ccbe1e214e84dfcea802d5fa70adc6c3c84c946804fcda57139dc,29630925250,1966128221
02564e22a539cd260fefc75b0488b82b5552f604c92137b5437dde300b75c862d2,26827215000,1731082764
03ac804b7268038bb9e99bc8c5c0c21f6145de8ef3aa3d2f91ae5a8fd803de919f,32620728000,3560968772
03e2ecf0b8dfe81a3d2b52785e7695bc331a2d341e89a3234c769150903291bbf9,25268499750,2632228994
02fc63f7b07cc69c756d432f77ce36ce4e5dbe24f43f3638f38f726d7ac1d9ecc4,13900000000,1018173962
038e806f399b2c5e39408c77d8c5d0396edaaa2d1f9f13bb80825817e772ca75ff,4373424000,460796971
0384417e479afb21bff425f467382f9c064ac08bd422ea36542fa6799e026d77e6,53053290000,4970336102
023336da3568b0fc30259e6ee10ef47481b43774ea89914df5d11bb20e0fb4f866,4094015000,388235807
0230c3d8719c014ab024e6ffd68b1136f57a2d48100a6f09c1a1e417b8e682bc6b,18329057000,1564690990
03963169ddfcc5cc6afaff7764fa20dc2e21e9ed9ef0ff0ccd18137d62ae2e01f4,134000000000,13647229273
03eff3285faa3158af8e27e732c4b07b970bc0dfa5a03afada9606cf2fc16b0adc,853000000,75554374
03d29a2fc370cf011a743d893de86ab9a920f2445539ea46db2186d9b95183f67c,5406468000,366217856
03ed68e6e9f2587705d833ca456efc9e0acb3812edfcbe5b1acc428b6dad06ec77,1750000000,240589910
03846d248ee568861dbd13fd7f553c5e4f9378d2e5282d8700b22258a6f36cf4db,850000000,85403312
038fba271551289fbf993de53fbca4f4b0ae2abec091d5a40dc2e24efc55b05a91,17777215000,2234445460
033894038df5865e09453bc48fc04f970d8802e4173018d7de087337bed5a7970f,2400000000,315496445
02656b7abfeb4065ca1b52310af76750e769718b2b0dfce1ff4f07fe5cef3c3ff8,32137370000,4334019951
020de4c7b3fcca7eac8fe5ac0fb9c87400db5a931baec35251fe7c55f0d0f91773,31297577750,3933940048
0390cc12f782259427bdc45a283705f4c20ccbdff064ed43f6b74fefcafe9eb1f7,69550000000,8433272763
03e24db0341fff731e24aeb0492e54510d1392d21d121a51e644ac5797300d495f,48673512500,5219105411
0273f6130d1792f9d204d8c3313c01d422582e20b1abc41037985e2a704c0455fe,6707302000,582167309
0298efb4ee7ec9a4a8d145314799df8441b901588772ca0d20b82179a2993afad8,105037769000,8079142164
0353f12a9311df03dd9f85840f548d0b3612c2aa2a94d5e96d396e245fc40c172a,10227251000,1296834865
02e0363fe49d61b88c08a62f51c6ca3b1a6b46a9fe3c707720855c452d79f55b8d,50925000000,5329998719
026d4a5a0cfa2cf1f6bbf59ea53701e7f8e0a4dfaedefc56760f1d2e86b5d5d615,55717500000,6253591996
025eddd046c64eb36819b2bf95298db4575e10cbcc2763f763a07bf6215b0076f3,27028635000,3743528164
032c6b30d84a7fe254537ec1c00f18775fc6dd1d1de1e305b5a980a4c0d6a8e35d,29612518000,2442586655
02d5ebd3385840e6296bef346d69593f6ae80c649713d08c832feec81288d5f532,25986602000,3294139612
03127747aa9fb9b4813b7ebdd6ac47eb047954513ab06fe909689c2c42eaa49a33,109864361000,9739883800
02063e9cd1e6c8bc20b4391785e13fdcfc81b786649995f85ece3324216d9c42fc,8725000000,1329375712
03338a5a962406ff25a20221577521da3fc8728f7119e25c611ebc73ef49bacd48,5970962500,878438754
020e0e58f1adcf553a0e88ed3cb5f613b37edcaf2dc812cc70e6f239ee1fcf4fb9,7172511000,845149628
027fdf3fb07b893a10cbcf9cd077bb69580d7fbee44cebf7e0dbb2f36f478dfe78,17512271000,2283381929
03d34baec73d97de84760bfab87b4b1466d8dc5aabe44719e466f61be3bfa99f3e,11025789000,1828896322
0355b39fb472045743c767e1f8de60128b9a68deeb5a834f343ed4968cf0193fc7,11600000000,1113270612
02562a8b25df3a63c2acd406e20c54595e6d95bd799427c0552b9aa2832fbdcbfc,871130000,77752037
0215bb1c5b1e6472b6da8fd45ecc130adc384d62caf4c8d8a3237763f3a08669c1,10100000000,1694611959
024040161bd949354052996e463bd66bf3aeb1a259dd4f810c244c48b28db73088,10375000000,1539520903
03ef2e8bf9b17fcbc2f21708adfdd2ec762df4faca80a01791c554f703a62c4797,17877215000,3006109456
03481fbb533dda9a43f5f6e3dba51ae6d50bf3d40c242c37d60637bb0c3e615890,16355000000,2469442063
02eb34f47f9b23ef02dfd4931e9044420d83c87a19338ed62b4d11a9eb4063eb6f,2800000000,315144905
03ee965c9074a34cbc6c3881e06ae422084e27bf5d1a7a6e5c494b22c54cbe944b,15368147000,1275764189
026cfc190ecd87f2a205e4dc4841217e4b41273f27ef843f3ba22e070687d795be,2150000000,204231786
026063717eceecad5d3ef9a2e59fac6e14089b5ef36996361bd7c383516608a1e1,6820474000,721642767
037a84d2cdf3f75fa7445d977b63e3631c12c8c2a5851df5d1b515e1d078d91f62,13107125000,1297319390
03d20dd7a955dda390846d73da2ec75f3b52e6f2408f428b45c24ddf12878bf2d8,42171760750,4445041760
037bcf40a8b19ff74a26fe3fd664880f458948b9af057ffda33422f2a6f4555318,72631514000,6861291081
033ec4f02e5caa52896cbf4ae42f88894eab9c4d17fe7b79e1bd7acae796830c27,7754460000,680086486
03e1802461c518b352fa50f414a6b47cd4d904f2e93da5b49ccc718e477eb0372f,14000000000,403547107
029bf3edd752470fb554330e8d40f7f10d73e9f9838898117cdc7b4f04eced9d11,15006654750,2505176986
02d13217f3420cb8d4afcbead334b10e5f616b4936c75e426e85f3833f718e00fb,4024865000,326816602
0335f387b93f35c91fc33a143da55642109fb0c7b0efdc453935ddc6d47fc36e2b,1560000000,140736161
022178d189661a1d96904a02f8696e6ec2f9a79cec54514ff638e9ce74294c4a8d,1800000000,185709361
03245d25886c19e26fcd5b2f6beadce46732027e5c23d8f72de0d44dec6658580a,1050000000,41423836
0359a361c177fd16096e6d97f2c0b1ccd04ab722056303c6dc1d1b97cc4fb49670,1453489000,59088872
0355d39776d677398058cd196ad40c882e6c95038e0760fee1736180a4a6e1eec9,900000000,74547200
02a834395d10072268931565a89164abbe16a5194b28c2e9295386fa14edaacf59,800000000,59519201
0291c5542a2ce711c60b719829151f0bd75df91193d2c16dfbb4cb7fdadcfd869a,800000000,151047347
03ac8a0b6bdff4f1549ef827ebc687c6969e60eb0b0c30bdd01d779f3dc4b36042,800000000,45742922
02361f3687a21d4f0e77d2fb024803e7fd431cdf4d746cd7ef89704b38b3b81b18,52083708000,4702761192
02fde375872fdfe4ab5aaa55ce7afa51674cf1b37593a59436b86a3d50dee010ec,8553143000,973280931
0322281ae81ce7d28fad0656eddb148e2e933b8c73025687563b9f4f6289799bad,14874978500,1658520677
02a5a95669adcb170dc85a70eef8bdd3e60b459d83bb47b6aac3e17c58faffc919,19268269750,3032684229
02414422abbb0977ed75d2a08fb70c464c3ee9c651516dac27d45c072751431d62,10894578000,674487733
02b8fd1dbc7ee9865bc990ba5ee6f57fefee5df6d800bbf336e7d6720b91c30908,51325000000,7961298807
0311efd369cf39ca56df895232f02b75dfa64958c28b2890f3c3d59d9cff626510,27364715000,3353005648
026c99d10c3b53587c22507fe88261e66ccc165805452f121cb3a126e072d22213,12108130000,1621267040
02f5d3a0a2b499055d404ff83da471a940e43e3b07cdde64e330cbd9722ec2b324,4500000000,271990141
0217664407a42f66eda9f01ecc77a37e7105213eeb234647ab38f3821190dd8490,6150000000,590551626
0367542164d021fdd02ba65825db0782b13ac0dda7ed0fbcf373bd8d1d1ce92b4a,2779870000,301507954
02b8a5f75c50164c38b3ed93beeed4d809d512e3b276ab32e8d1099d1312847732,3695000000,303717766
02ddc9f0a8dfb9a6ff8fe57e3485a6c2bc61fbc5f2c9e02e1abbf4b6d76de36095,9934404000,754217541
02ec4882d8a0b54f20b46c37f4a166f22a52e19da52e2ec1e1d792c4106804bdcd,124296962000,15848535606
023d986c8022bbf1a55a8339e3d8cfc5acfd444d1167a14fa343ae73b33c649752,81750000000,9048413019
03ed8f846e8eeadc1d2e59d4ec86507faba5061326a634e4e4897c81b970c5eaa8,3500000000,359873055
033dbb3f4662640d4888918eeb986069b9b775c921b9ec6debcada1b3ac58a1b0b,53139332000,5606020762
032be0dd6f553c93ebb1b18520dfcc83d2b24d2c225b613434a59730762362051b,53704216500,4982625185
02f9f614c55a0813e1460a08b86b08ebb87d543745c0535e09f684e681227f54b3,1567766000,166057708
03362a667af0c8e2165410a175d8c4a381b00fda687e7f91c08909570c7ececc84,8250000000,1275932263
03b1be68b8f564fe53f5456cf4bec901ba968fb72ed7291279ab0c87e0d22f1f49,27482101000,1528149197
030b70b6af015b2af80e0b2c3975df4622179d7b47332b09532ddebccc9c7dc2ac,33461011000,3798791558
026f09ed7afdf5cda752a4726d4be602ec6f3692c022dffcbd6b3ad2cb31f098ca,3357036000,268606457
027d7f94667974b10d3e8330de403111229669273dc9024745d195ba035d746e57,35877365000,1824246927
02f9169d3c0ee17e364559cbad9711eab4dc71d4ef425941bc0be44deb2e4ddb57,21114653000,2629009524
023a90f140da9d967df5618d9aa5cc146c9d3e9d1696569262aff0259c885a1ea5,20625002000,2378398542
024722a3ac8fd714ca658534611327fe898eb221491db3aaf01e5ae972db2047ef,2840897000,441468047
037b638d9f1e83a53dea24a1c5894808a5cf17b04d09110d974436363545ae4d61,8671247000,1121876542
02d4dc96f2a7c9e08263bd6476e78e9333b29e25cfeb9765bff69a2c1dc8b962db,8500000000,798465869
03cebf40a97959ae43c52a2a70e6a0160925d4b0e7bbdb845468250b6fb5b76239,39035866000,1837572786
0206062ca6ac64f0e9b93afda437ef8e3bac754ffc7ce17e49d10c049b100569fd,21078414000,2150166201
02cc9a91fd72e7d114e472cb9016b73f81e33bc5c8f39de9d5fb62cebf0f7df381,28688900000,3200472267
02a64712270ebc2d60f8e9b27874fd6fac295db518be6bcafcfe7e6777b3938330,6950000000,931901325
03a9bee7638c96a67333f9cefece0e80c9e16a90b7c2fa3b041616e5d59f7bc64b,2202980000,172962686
02cab8e064906aa5cf94dc6c423fca1f22e73d3b72fec9fc9257861962cf868d27,6000000000,1000304323
0366d2967d5094e64434b518ecf15518636cc38d9c4e27af6a44c74aa1f1c8ec0a,1845000000,145525071
0256f74bf56174acbee2bf62847aa1329babd4192051876f511a4f8f38471947a4,1550000000,149639463
024301dfb5f0ebc722eb3c73e37f06b192840e3628b076b654aaf09c82ee1713e5,1885163000,145399593
0347790b31b10e8c0f176fa3f0486ce1877e75908a82073e487dad1d1ebb1a0487,750000000,132524865
0259377d4fb643651eb8268b376e12a9e57e33e1f5003905202c1d5ea6e9e84fda,7080121000,624672742
02f90a1f535bdc0c3d05330b427e1e04d854f5fa0d8297d5a78a7442811999f07c,998000000,88580816
03e3185014c9330e8797432e31fc7e2ea40b644ebdd89a6076aff4564a3c8a16f7,70502000000,8330790858
03e72fb9b743546a81df807f0b9f8664beed1b27f8ba768a119a3e5a9b40ba23d2,3844780500,401008076
038b2a00776c1cf36db074cb7acd79f44eb6607949a177d1e6e425df1653eb15c4,34482475000,4412391172
02d7617044629514778fe063a5ea498b992ef65a2e7721648dc673983b3ba36264,45973480000,7387351581
02895c411a00215a4b3e52d81fa16ac0578a2f4ab063ef4a6410e9bd7a90ab3bef,19121362250,2183393200
0336350b10294b9d8759944709db961cb9ef8e4c7d3a80d057684ae5b0d841c101,33596369000,3247747144
02b1ef0da91ded6db618373fe7aa44b23422a4b5043efa7d10e8223e96c75457fe,2645884000,163928350
031d153d4d01d6dc7ef9788e42d3359af283768a0b6f12ae23fbe1b6b3005a647c,12864096000,1474482849
03c1a8624fa6b7824055198bb0bcb943a0e4f4ff2ee8943cde7eb3dcc508bf5d1a,109051897500,11006271465
032f43233d89015fcfcb71984442d586cb149d33d272b3870a5140809b70c333dd,22574450000,2081049351
02c73ab6f02af95c07efe73541debc62996295797f3c6ff3976d0e2e08b2259ba5,925000000,66882018
037e9e71a57420b55449225c1d70d90d220696074ec33438f33fbdebbeadc0263f,11000000000,1298294450
02026c546d3cad18c9ae5a11c45789b95cec7d1cf1b6f4d396d945f768091f380f,11174052000,1549441119
02e0812eafbf748c7f98300c940ef7490063858c0ae56fa6d0f2e234b777b07481,17092362000,2184102516
0227ca96c18836ae7cc04dc7b2bdfca36216e7bb49c95fb44a9c2f8c190e6bcba0,6305577000,597171403
032eb211947385644bf94a661f84f6979a3f9c4f1dcdc963bb70202553e26c449b,730000000,108847680
022c271e1318a3b70eff75c6acf715769135c607b7f067929846459e35487c7bef,34545705000,3663659653
02bbbb14fa50b3bc3e4f668c2f4e52ad2387345bc45efa0474052d444af396911a,2865500000,205288129
03cdfe8baff54e41f3899211e745e6a7cf5ffb98aa8fe2aac18d3dd073115eef7c,96828117000,11646768828
03443cc44c3a44f5b2fa6387373ccea389e399e7bee6f625b2046dabb863f60f6e,49364151000,3991924245
0204118e61e0cc0fd52cad70d133771943adaf77b8c4ccbb2732ac501e31f9a021,1572500000,257120485
028e9abaa1fbb09ff3c673c9d12f3da01f13529bb4b37c74677027e277e3570b55,1500000000,39377735
0397e4be989a5856ef93eecf2c5c487bac65dbc46ac0d770fe2891a525779de586,1500000000,189199782
02a60e11bf0016cebbfc725386e12c4122fdc12aca8711e32bf6d568ed790d3e5b,35731132750,4267244086
028671fd035eb658869a615d40213391baa6b84b59ee2b19a506939e66664bc6b8,2175000000,245842446
03c44a3fef1637aae26c96bbe932baf5094b6f48a060d8944bd32d4f67032cc027,6296867000,283696258
02f1f060e9e3013804d6458b9f734b092fa8eed4c4b67ee67ba4af65d00d431399,10673267000,1241910948
02edeb99cf560450fa6d47f308077a2b5a4e3fde316bb56e03418da2c643c5e9bb,2254000000,289611873
029fc50efc43bd7e4422c00f322669c92c706c49f0b7b1d63e36d7505d18cb3068,1740922000,252342335
0365283a2e4a88178a2fc4c00d7263481e908dc8d69f6b6ebddff0e25b0d3a8d3b,5485000000,417197757
037172d2110c4148d6ed0c2790ec8be948458022425dced6794fede834be92af36,112614426250,10474269727
03587c1a124914c2a852b79fdb036eda9593870594fa3b0af0b215713933dde934,17001923000,1934999723
03b9a81225f65f5a024ac06bf262582282842b17dfb70d1ecc6c66161a56840c96,6750000000,526500403
0336a970065e4b4080b6e38229576e7a89a350bd94591437aa9cfc92c5e729e1a8,34250000000,3611422378
0200b122dd16817e0addbf8f81299e6488c42e47bd13bf935f245edcb26568c6c3,3010050000,371843525
03d9839f1486238b8a25cdabe2dbfe0c6d128fcba5b5c417d51ead37c95ff24413,1260000000,87734625
02b209e9bf7c1ceb5062a4d71a27fde86301742a704664d2d23b6c00d427b06219,10000000000,232207317
0228b2c7d6d8cb5a92fc93c6caa921eb45428c731749b78102af0591029138dee6,45904430000,5518318893
0382cd4617c280cc00c1c1589768f7a128d5a119ec26d4bf92b74751d0322351b6,1775000000,114346751
02ef63b97e509c84ed66d43afe072fe425f4f1423053adb045fa47be7e5e33cf9c,8400000000,582105839
0234c548106512a0b93b2555d2638bc2fed3e6b091f75298383356258996230d92,67081304750,6032804589
02e12a35304184cc4c6b9d3a85f3c5d9262403c335e2b01c4b6ed18cd838709c46,5582500000,570349869
0317e5237c02ca61cbdb0512d2d0331b2a4d69c0c4a39983910737ac20d3a37493,25777215000,1943351009
021c50efd4c262bbeeeaccf59bead2783d9c2d7c7682adf8d434d536ee451b8db9,2550000000,98853461
037444f28b2c7118c3c6f62d6b322da5a433b5496510f35a327b2fb5d5cfa8149c,7000000000,1240122203
02e9c8b4b3ee97e23151429c9b5094f036f27e0f3f52f51b4d8d235dd79fd27c3a,1000000000,120681358
023b23c0e728822e3a1f17ed4208a3b5706b298f7d4cc57f020057478a8ef4d311,23806402000,2314357015
02321f21c9c37e06c6a94264dc08828c806484f588833c718fe34072f1942142f8,71052316000,5958927221
0245a3e3f288924613bcb59ad677efa07474f531022cdd186425b103950c365368,18000000000,1762037347
02764871b6b2f897edfc6a6aca69ad068ad0c8a1f1e17cfb96c6cbcb021bd83700,1420728000,166136059
02b94f8dd1d25ac262245c8d0b240e8e78c142183376b37cefe8edb6e0c6c8d640,700000000,61623324
02c600263c54f9058136fbbea9d567155bbe2ecaeaa6e957994ef1204b9470664a,700000000,88331499
0329f571916da01f76049a6d9a019e31e48746f03d7536531c7c069d6d3846924e,300000000,17230855
030e6f8af82502e33bcfe50f5e9ecb507a4f3c6b4658ad3fd57e72039ee0fc3b5f,700000000,64665009
03d5e14480d49d3bfe65cb87d03a863712c606aa8e6720567743ee0a1cdef5fef2,700000000,1211517
02a1ddbea8794e98d7f32598c85990368047d7671eb37e35b4ee9ecd0d351fb57a,698500000,21953519
02c5262861f27fe43dfdc5280584b511ddea3e4fe621f8e91dcfcf3c500c983155,35406663000,4344745958
0289c98f76233cb68109c90eb52ae2280334f4196a4e199448ea1f88b5bf7ce705,2810000000,430655851
03a9c8d5c68befdae5c0583e51e876bbe27a260024036a7dc8da0ffb3383388f65,9041741000,1300261248
0382278e1e8e4f03dfb3edf61a28b7662ada32b7a50a85c91df87abb1dbeb7760b,2953562000,341939230
03e031b3644a238c4e3f75c1dc3ce70945c70410dbfa08641768420249beb7fbb3,25301426000,1455674596
0318699928e2eceeaa96fb480b8563c8255b83d7206fff11d410c40df120f4a0fd,17473046000,1097683815
022afa412aad958c7e607121c58edd9dcc59ffbf23b42dc51ad7e748646b0370f5,21652215000,2758478516
0356f97bf62072bf97668ca7e0ea1d0c0779a02f03f1d04ca1b98976a4b84a48fa,2000000000,241516391
0259e33073d7bd77b95bc32aee4b9898e7f93341fe2f0eb86109d8059cb5e0c61a,5687500000,744903086
02d8a1d22732b1e2097ddb074bc15b3d14234ea5a0655df2997a67255df5c74765,6598249500,732232649
03f3c78406af97963050d4a18a1a6cddfd5ed738feebf583c8d081fdc10076f762,18827215000,732751553
02dd0444a4a0fc80925f58513e86e40e9009ddbfb407b38b8601ca3261f534d5da,1040000000,77391579
02cbb3489598c8bd9960486bbf277e9dbd64f99f26eaa36c34dcedc936c29ab100,15500000000,1460316288
02d7fd835234992a11895ab762fd58a0a5b9d4349560d9452273754bba38515fc1,61250000000,7695164680
035168ec3e3ca68ba06839b1a66c1c54efeb270f208cfad943621b8854a64c6595,3400000000,355880491
038c4288a41c79e47f37efccb2a0e1deb3b48291a7813f0be12179f9e84a4c6d35,1085149000,57777300
02562755b419670ef2b3b76c3319acb6de647f4433b96afc25212c2a581f7ca8c1,34120220000,4772502720
0244da84f0248cbb6d4cc0cec3e9a91ce97c925cc412790082ce084a8e432781b9,196000000000,22577924510
02da4a7e4fa8f4348c361fdce8d473842aa811b1047bc9a7bfc29f0f6561ab3f73,10537652000,1757277332
034ffcc0205a08017a0899ae4938e2c00a67cec4d38621d120e2c2ddfb0381a703,4100000000,564859745
03bbaf5a5a4e32ccd948a9a4a744d22509872b6d7fdee0da9ddbec6f4d4ef96c1c,17781369000,2281182569
0321e789f09527e1301e30f6b23006847f7d01f368badb785384d676bfb48d85ce,6099998000,460512443
02b0944194941f797d90eec5dffa0d770523f80b6cb5ffc9960e2441a06fe9efdd,5948998000,222756575
03de7f5fa97bc87f048e977533fdc0484bf4e0a5b5ca6e55f7baf32b533cbac3f7,71356957750,6453257436
0218078e511de456bba70dda5e76279a949065391f41060deccb1085ac03ee4c9b,10539999000,1583757780
03583b5e0e4cc85d0e298c90dcef7154e2d290c8ef0cb19b36805183ac530d88bb,11474763000,1591840393
037e2fb29fd27a87f94fd210a4d46d642c58c0e91b704894c6826606eec85fe54f,872497000,72987892
03490631b84821d500dc9eb7cb1c1e35ef5fd47a9f75a23dca8a510ac0dd3463f7,83062109000,9132441579
02534730dc2e4e0502952a3cc881772a4256bb3901ddcef3158a1c6602f306590a,35365342000,3906495964
03f2005837649dd49811bbb7e78993581da41c09d3bdcbc6933492276acccd8b6d,45250000000,4486719042
02ea39a81e8f335b4e8fb3cb7087ccaa10931af880223f8af32a6ffd5a73b8aaa3,5020444000,565361109
02de5385222d8ac3d6007d6baa7abe4b7c841ecccb3bd168e7323f140534f42f08,14376995000,887822171
039e56ee80970b8d078eb5c0dbdcee5816f6e0a1aacdf35d660e0a93a8f83213b9,1624592000,144675802
030545a1c0559d8394d41a4e834dcb0edb66310e1a205f7936f2dfaebc81d07405,3053500000,354249156
037b45b3666701721d9df5c0b3b3c560ba8c09eeea2e3e748e644b312abdf3a2e3,17471106000,2756435748
0378015105d688db09c0ee702b54e33dd6ddf269c66172c5512112b0a9e96a3e50,2304260000,259709445
03d793d2dfacb241ea8847e271e8f38a2cf0aa16fca0df137409e8c8e0845e12af,1191667000,95533313
02bbe5adc37def0b35f72a19786f690d2aec717bad9c624bf3fc66da86a65dc3bd,16387500000,2400786642
035897b1acbb44189c1a3d173501c9271bb3d54c6ff999576c2ce987e4d30c8390,64878518000,6918848286
032b2abb31243f1bcbb73fd2fa40ff4a319ec712c220454c55e19a6d9905d6b045,28135047000,3098108948
026eb1c46d764f00198cf0333bc4d177a5527b18823d4fa05c9788121272f54699,25122615000,1390795412
0366d8a3608b352daca0d29c6c0ca464be81bef261153339b2571da8e1f7ff8228,13697045000,1340010855
026fb4507b229d692e6975d957610fc1a574cfc8085fd89bf967c18121b1b02132,38113737000,4406461028
022be6257c27afe5410c732d1f0269eabef306400725a277c5ffdf32fcbbb32c0a,7472067000,949667250
03784b19a9f5ac0bb443fdc4d8bb42fd57aa81ae63130bd22fb997657536885787,9917777500,1311997326
03378042dbd7f9671e558df650ff086ba3ba353d6f24d2f9724c522bcb91a617de,11979688000,1767953857
03be1be0266565fc544a59a637b6c3c0281db72e18000ae4a61f473f628d450041,3850000000,457568645
02b42f70132bac951f04baf6faea9d220484b2f2eb06d687060dbcb9e5c20d6e47,3862180000,434577651
032d4257f1cd676b5fe8ed678178448a185aaab2de729062eeda35a99345e763d1,2000000000,510601472
03453b5ef95c3b28c3013d708933e94db06f9356b9f198d545bbf9537e245dcee2,2250000000,292160590
033eb22145e95fb3859cf6f68eac90bef0b97a6c31590a8a14e7f5ba26f6c0a8e9,26597215000,3101612724
0325dbaf76e0f0d2fa34c675fbe2847a516b4acb24d5c8b79bb9c643a9344bac09,7291661000,814114519
02d64d032d72d826b0b3ecbe359f11236995abd2491b5868c0abff42f7a0327a90,13013396000,1010525306
027630dd748957a6f79be0cf6073721f3ee768c6d9183d092178a4062e66e8bf8d,5999464000,100341578
03077fb48968df38f9decd91c5f4e100c093cbd6d848c2d541f5d1b454db653760,15959762250,2416576973
0379e31eb521ca395e4e0b42d4fff1985408f5e670085c3beaafa7260f1efcbe84,41855240250,3762046298
02c7314340e8b36032978d5dc06b197ee040816922677b6a7fd117d5a4ae3b9236,2000000000,219168661
0203d3379ea43a009d708ed3cffd805a6aede85b89c59a22d3463a4d955dad228a,6177168000,776327352
030753bc6bfcd5f2a76c45fde5e11795b74942bda05fee6e4f0e49d5c2232e20b3,17209733000,2164607448
02af08e15f8164a698145e7ce50b7fd6062c49cff5eac54c40e1e04673f32f13c1,8497000000,916440580
0264caa712bdf2ab83f399f1e9eed262a609caba0b12cb6bb81cbb69e0b5a51220,28075000000,2683368371
02149688a7f2e395e39cacce9b33a55b44c8f04057a72bbc0dc8fa994507a7ce87,5824982000,720842182
025555671d0287411b09c8d564fc6548a94e872da869862cf06fe8f8b416916e2d,91502500000,10216417580
03e90fd715dd766a0ed532dc1ba45e5fb913b1dc29d5afd9b700548d98d53b598c,46199365000,5658964870
0315e18ba80891ff652bddd442764a354973b963e4ed4d1e89ea0adbcd4df2008b,12720000000,1039256771
0244979698265131f96e7703726b94ffc3e695e23fcd41709892dac25e7ebf992f,12180037000,1061338603
0396361c74640eca3afe8a48e2c5c0ff4a9adac24091d42c665852a29e7b7ddd79,11709554500,1402028204
023fca3d779d3def8e99cfae86fb37b10b04c2f63324fe45aeece536eadce10947,4807638500,611811515
0395c884036be6a8beb016e5db2fabcbd83efd0e8519c55a0dd7dc62af562e95ef,10000000000,1048037552
03d6769696da9cfba3277d8bc4f2124033bd11aaa28ae291b417b88874585801cd,1500000000,214803740
03a0fbf509a4c1f14647934988c7b484da8ab6090e81d015c6746ecd1134a37207,9926920000,1104965554
02334d86595dcbe6b24c7eac8edc2f560c24b923d5e95557b0492229278f4c91ea,3717500000,452189782
02d6b722aff4dae026b9547483f5340d45fc56c5a25bb22f67a25799353c33651b,1920000000,204563105
02f36d279b5ced601f64b08b0eb02971d063dd4650770018acd3b5ccda2473ef93,5472309000,310856852
02e276286a3f23b7e51098c174331323e67788ac8e73bf0f477dd2995ecbcb8886,5928057000,605246865
03957c801187ade4aaeee6ca1e3f23eeb7413a84558ff1f3543cb41f5f86da609a,34000000000,1598771507
024782abc1c13802508f4c7b2c2c8b1f5ebc2b596bee0b2ff338c382e7ca28df77,71324660000,9697355151
02b041dc42c0ebd2919af46be550d78fb52d6f666592617893181928d8b5334b91,10762000000,1176422255
03b8b8c1439a38a3426d6f607c9e18e21c01cd72dbb78ae7d97ae22b98829c9a96,4623627000,529334306
0306afe053fd0fa630f2961464812846f0f213588742b9c4ac20c0b96bfce92bdb,5097864000,890362479
02517eafdcf60ee77f6e5a43c446b23916ff3882e3096e628633bc804f85089186,4562525000,603711080
02c1f09ec838d3125c9ac39bcdb0e71e272f7cd11fb0e4c8daa920df2ec119eb80,8688801000,333669867
02fb88c40ccb17022db4ba8cd1413da6770f12403a7a9aa840db69ba08c144b1d4,18177215000,1860764530
03a47b240d8cf97e1cf23c1b52f3b86773aff4d35ad5e356cbb9e11eefd4868e35,6711169000,783880586
02caa94cf6971801daa2a747dae96d87d0ca3cfc929ab301e0acb7d9883d6cdd95,3668290000,661261625
029e01f279986acc83ba235d46d80aede0b7595f410353b93a8ab540bb677f4432,10842500000,1488005440
021fedd090dfca119ff2b4cdd5c91c027dafb738950a67bd39915bbf802b92cf71,31135000000,3871472797
03780bc0d405f8e9695a4474a03ed3314d761cfa3baf3ea8351c025d66399f969d,27659476500,459735096
039cb1c50870cf18f909f379ecf37f10410835810476cc9a70e2c420f3a943f48c,5800000000,956680913
023662f1db3d0527dab0869e30f183021db7dc44f6f2e32ece42dd124846c89ca1,124720556250,11581112083
03144385021e4add8c85a707e54e8be9bdd480a35f216adf3158d30b9d1f50eb59,12500000000,645131568
021f44d8a5c4296522f580a2df99fb97e2da014fa31f8f8a90d4f3c8352849e29f,46424317750,4128566998
02cfa0bd821c52c61fa8217befa9cbbfee8b065818da8457d924063451422586a5,6950969000,724232068
03fa2022d0fe283f7d7b057ab9687efc4538cd0630914a4bb41daf25b1c8396ef0,26906698000,3079219188
02aa95b5b8ec90c62cd0938a7408e4b0903357069c3ddf323bccfc88dc55254191,1700000000,62096415
0364790a16e53731c9b7f4ea3859b75f6e5c3538fa18b02e4186d0166495b4698e,7300000000,769437594
0202d101b8cfb913f2818f32783f28ed368cdf4b720427ed8c8c433d60fcebed73,2520000000,315512341
02718471fbd7519d8c08e61244a85cc29ae78c7643cb54d9df2fd090826a640a83,14900000000,1730225757
03ed6942f3a32b143b3479b85ed64453c9b7fbd2057ea15094c0486a39df8b1691,38866061000,6200887195
034808076fa506a0d1de7c1342903c6c16a442f9cbe5646cc37a8b5f206cadf61a,2000000000,164268870
02aac548b877279c30f3abbb7301de93096e3b87144fc484dc3409bb0d6bd566b1,122944133750,14927465113
02c4556299696d1ccd622894a3238708580a48705eab00078d9952fabcd51b15b7,9971690000,979889290
0391489a933ab83094d1af43b3df3e8c8d467474649361912f05211d0e68a28fc9,53838872750,5262556377
034dd74257c79464030c39cab505aca953c6f0cb46cb36907340108fb0bb2619c3,24323496000,1660823880
02e105b09d9b07a4fd583a3ad10e02d8a034b9acd4f1f9490731bb6a0eb8d6899f,2700000000,311764536
039c4249e620202add3c61cccfb406d4d4e56900ceaae12b4d2d298ee3e4838852,31127873500,3647269249
02e6e05b90d66b0789fe0f95dcf471e481941d27cdec281d939f4d13d1914b231d,2000000000,260699976
03a110da64f87df07b31b1930eb5673d02070c56633e598199a7a0d98636fbaab8,45854962000,5045951796
03b52f173c43e844a1ca1340174b4eb8c0951b21b32a2a1cc55bd94249719fca62,15250853000,1491913299
02067f33c1b0f0cd79ca9bd2df85af0c5655d19726bd16dcaf3b60c39b59d3067a,99333710000,10780340177
02111714c07b3dfa2e9d34c598fd717dc276511a7bbd526bd880e8083ad6f8c05e,3300000000,203838112
03778e05ff17369f17036f2efb1e0592f12be40044ca4b883cce1811913eb9eb75,28674694750,3712100512
0301a473a7db0512a6cbb696300bf0380a9a0f4c9a97e302a669213f40efb7b654,16877215000,1829870763
036a98bd339cd26d6335f4d78bd7d377316b90743f1a745631ccaafac02206b3e9,3280539000,401142944
03094123c8be2f76053d6845bc89e5729d2ff89c7c972ee70e7856563ff6022b67,21013211000,3763624122
0357e23939805a0a739b693107f1efd33936023afb7dea6472cd2118df6a0a7036,3121352000,264000840
0268137965f611039b8101d47c4ad46f0b9d12daa220fbf54fe5737bd710f1cc9a,28777215000,2080873414
029775aed2dd13f493fd7e1ea0a198e726b633e188c3c0c5c3465acad15fdba3ce,26061311000,2797358348
0229a627f0acb9a0d4c22c4abc8f79710a7beab153956318303f8780d02ede95e9,13037171000,1441302275
0305bcedb5b4ba1bae1f63373a98d780f9cb92493973876d076e814a6b4b5bd1c7,2000000000,129345769
02d38b32de5ad1fa4fc90f5b3c9ddd1c27897711f841687a170b4ad681c951ee6e,21513957000,2370016190
03944be94f27a072048eaf2f42576e03a863caa7c473f10e9bffcc4ff52b01ecac,2400000000,281285368
02eca5ac72b42d8c301e1845d8321f25e7fde05440b32119a1e76b352a353cde3f,2400000000,371104750
0285a9bdd8f6e510bdd48a5d680574abdfe2a3ca3124367d33cb13c1ed9872023b,4725375000,562432458
0255b0812589b3d10657655394bea298cd9f2033d9220f313607eb495291f2a729,3284103000,302327349
0303aa2b59c4eb13945e5d5d1d742e5b27ed85e891b815efeb50d9984421c34da8,1555000000,154481459
02072b9d587597a458bbeeaa3a4a274877cf9c3562a3b4f88a360c1f0d1f045a26,3270000000,435897300
038d4aabcda80f9e5beef3e929444ab7bb8df3ea205d9550b78a2c4a9ffbd203be,28968361000,3166852160
03415b2e9d47a603db7e9dfd0d7e5478b64a8ed11759b33561d80f97540fa4aa47,1199210000,189269397
03e921beb1b648871d869469f5136d38039b1691b30aeb561c9dee04d30c9cde00,800000000,87249533
029f0d55a8dd81b48137ef9375b8613150816c825eed0ca446f2d68dd996a3bcde,1700000000,126209466
033dd79123e7c386655f72d3eed186c071ef3b4a625d3fb9f613635e6483ff6823,89174036750,11825493974
034c2a8b349efabdd213dfd2ecfac03f417632156e0602f932afb586302c836b0f,850000000,63245799
02c678cab18333f0c355d7437b75f67a5bf09e69724a501f73ed9a035354902fd8,850000000,83002852
0395ed55bdd91b3befc2e53cdb4417fa88388962e9aedd8277f527502030afb279,806000000,39727952
036947a18a1eace8a5a559e85b8bb6324cbd09b8865824f5965a76af9b58f398e3,800000000,44156257
02fb2da54e50fdff497100266b955d457e55dd01f41a055dd9597501b0e1711dcf,690000000,82406121
0299ef6fb48eaf58b47c5d4e8d01c41aff1d4cb69c285ea95915fb82793ff2a2eb,600000000,49684746
033af5090e5530aec789e32e6ba160a2abb1e567d4777bd3c7b6fb59a92154b841,600000000,49753940
02b0a4e168c2e7f81ae8bcb50495621285903b99d960a5c79f7bcfb833065ea7aa,600000000,85975731
024794d1446e510c75f84bbd75cc151124522aed03ad75a20f1708f77e5f3e674a,52449735000,6615881935
03e9e5a2ae70e42d012c2cecc5a2662630b97efeb13c4080168e19f23a518051c5,27257543500,3434753754
02b74b04bdfff687bc4758bad0efef9bd7c4c6b8cb996fbe465677f02abd3b41e1,12000000000,828871119
025ad2bf40e74af6b6afc3a6b0d360e00bb927befa9ae4279e6ddbed5c43d01968,596000000,36706828
032a1c1bf9fb6fed0e05ad31559a80239202774f9150d1265127624749f82c01da,8039009250,997180020
0372a76bc64252a337070cb04334f61f4708f8a88e8d4740e4b3184a4d719e3028,3250000000,411297721
035a2776de8d004148017ee5a2dd6d4eba617466a2d14f5a096e35e9ca2cbde6e9,19848120250,3171703641
03af1a3c1cabe7ac2716c4d2cdf6fa606bba0e8ec75d58bbd3d2aa613dc76220e5,2975000000,290622703
03d488b8d5c1d54935c660c9690cac11dbf88d3cc9171920dd45638ba9b15fe826,19660000000,2303847987
032ee6b8ce48970557d2bc5a6c1422c404d51ee604b80bbdf38ef2baa405c362e8,20072672000,2354790983
038a7f830db2bdc5474a9b61e505814a5b5b6ef3f0c9ce513c4d21d5b9bfbb26e2,67405902000,8770805172
03233fb36c1107c9040f58602917342a366f48ccd44a34839a5e95de0ab0ea0072,33654430000,5025232637
031d0aedc4df3309cec02061d7e7aad64ff4942a78838e9e0a9b3028ddd738e7be,10449623000,954405221
03975fa307091efd44755e618c5140e87a7ccfe3408e8f01be721f57660fde9503,3680000000,200325509
033aa5bf2296e494f76c3ce2765cc5a9802f4933362017ba332c140575a7c6a1e8,2945006000,358685707
02b9c8f7805240f8b13e0e5bf82aae0d8a8fed081406eedaf39dd6ae3f1175dbe1,65054430000,8878692389
02e7d71036dc822ad60ab6babf35a126063b57fb000fb75a0c79d7bb8ea6971e1b,5041756000,572770522
031ebf1568ce00bd6156bf8f608b197d04ae0564f3b0da322f60963af9ab1186a6,6058472000,557666812
03b58efa9e3757c48cd901fc6a7277e9ef6efecdf3f24ddf6e67de8280debc09db,2000000000,306355144
02bb94012f703d9311016f65bf98c5007afdcbdb12824d6c20bb7941a6a8452ac3,28795691000,2125733373
032b96613d99075560051f6312e34ca6da5b445bee338613df85389e97aed516f4,69090000000,6923390779
031fa545dec9d33305e5a0777ae802741ccc0c4f1703451ea455b315764608e261,27925000000,3044980152
03cf42fefe7d1afe87eeb69520c24e5c64677ec979b435cba7578879bcdcffb67a,4800000000,922329840
029ed4021fb11d4fafb2c4a063108a707be091c2e0a3ca456cfb9f3e2b0dcee9ad,3500000000,460622589
037ccbb03805ef7bf9c905ad9f835584583236de807dc8f4c2c95496312c424988,6107219000,523075767
02c7f5eedabb0dac2ff64f7375a027d8da9d29fe16670a4453cb3ce2edc098878f,4800000000,572594049
025a58054ac07a6507cd2062699cb94e983cc7329428157d1ac747cece461baa34,26777215000,1958518136
02bbebbd51ce8dd31063ce40e85c8b62f99b762514a79ba9cf553e36e3fba7a987,26338312000,1479295925
03c608c491495bdf9305344728ce42170f12c5c84be6278bfa25dc04479ca988b6,305286809500,36581733223
021cc7422de75ec47ef2931bb5a19361358be1b4b5cc454d6e9097228fbddcbf2c,2391603000,378876140
03f1938c498677e52e0e12e86e9a41089c20d7ced24f2b177b84cc40025af1bf78,9923404000,815244786
02de6e98fa0857866c5bd7edfd6f798818a925795d844a1de97196d15bcc11728a,64867853250,7091255823
0260f0eed18e5b4232d4e97e5a4237f82e40f4a6ff757d0a6be2f2562ad39b2e0d,21545000000,1714543840
02e389d861acd9d6f5700c99c6c33dd4460d6f1e2f6ba89d1f4f36be85fc60f8d7,16271198250,1315486354
02e8980ad9bf9fca93e306e774c480cbcf36d8afde2a80a797314a70b19690b06c,66394445000,10218174048
0239a315d6488963b3f4a9a5b26d02d99fe3fe1c71f5c960f0f9c51c15b668bd1c,1071000000,80206768
038864073aba026cfa4b99b5d8885770983d52027934e946bc876617ae46d52626,10820000000,930632305
033a83907e818490946627b44f889cce154c90dd5c0f5a7ff47f517b49f4836c02,22904980000,2575816666
029a5b4904dceca408a4334cf7c3ffa3e5ec51ac3bb5ba7023a94876b8d07ab58b,3937072000,223994465
03e2a83993cd953e6530a00001b08ae4840a4e2fa7f46b55d452905a1b87815a26,47287500000,5492983806
02681bd997c4df0622fadaa6235fc7549e848e52570c37992346e15d822d0f98d0,27923692000,2754508437
029cfab8d2e0924479fde4c1515b1bcc4162b716c8629a8f624958d8de099af7e2,3550000000,520257925
03c3a6ea75a21f90b560c0c50b7efd378a275cdbf7b5b2da56c7be1b38720e8f4b,4596337000,613579331
024cb8d75de288f7b4f36acc8877c98dd48e5174fe8db35a9c2331dc8ed76dd204,8327405000,723932143
03b31c9813cfa0a0b82ff17287d21e18285ce235c6e54249ebfdad7eed02504fa3,25119350000,2418715308
034829c31a387a7a034ce8f55b93a37a53d36534ab148238dd08b781373711f2dc,23550000000,2607670600
03e3ae247eb613ca670d5b58dc6c5e224f79cb7de05940fbab70d9b40213deb31f,38052210000,3830265936
03b9543a9d79d64b7975ec80c2b2573152445c1686046e86e19ba2b8cb3c8d8f35,12000000000,949613839
02c1686657541f61897156143da41d0d591c1be0100b134616501703e65deec7a3,686995000,31740371
035673f4a612258b6f291b6d225093ceec6f72486f4cebedb89fe6144f3ad30efc,565000000,71881626
0283de1355ab232080de2904edc77388c6651e2d81a0336bfb739f893b35aa76ce,184959950000,20167481740
020321965c961e61c3e31d02c5d74206221e903baa15b72b821ee6a58db9174c13,2009041000,199681539
037c65e34444c37deaccde1f61f03b93e22b3d7451894d836f60132ee5a6f486ed,59922618000,7850005294
02d4db172aa34cc1bbf75f3c9f6f5bc844b654d7f91ba7808589c6b92f7005549e,1343887000,83789008
032f588673cd9b03b686946db70ebfa8c8e5c85540e6c8d87f702f4f738f246528,1875000000,242571796
02bfd9798bb71188f7d81c090dc4ffadf5f5e1adb7fa191fc5d9c7ffe559f9c9c2,9875007500,1265525074
025de1ab430106fa6033637d0ff2946b48808c718d3202bd8183558119df98f25c,3432328000,237414420
02d0f6c61f424ad8ada2a554822492f9a729ae6801bbb189a073a0c7fe21480f87,7797330000,702881126
0256812a1cb2539a5500f3c1c20db5ed7626e3878a552e3356c032c7bec2b3060e,47870675000,6443699974
021eb50e24754778966bba128a15063313b557d430d07799218b2d3c3aefe9b61c,2500000000,223141336
028c589131fae8c7e2103326542d568373019b50a9eb376a139a330c8545efb79a,65077760000,8482863311
029807503570e8e32b72ac23761796a58e3f96fc8aca32129208d6b4a20faf0f3b,7154162000,717975593
03ad5562c0c8e6a49e2efb595ff8fa13a745133513ddbaf2d2f63504f92a475bc4,2286195000,325853693
02f154e2b54e508679faa2419a6ea45cba34447908e922e7f1a1afb5a726c5544c,5500000000,1054452249
033d8c5e401b0e66a64dac12b68a575a811d295a5ed5cd5527b612141ecd9df38c,8397504250,1160376857
0384d37ce01a3950be609156dcbd3ebcad6a8107b11d796890521fde06508dfc4d,67413800000,7784990369
0204cf76ba1a707cb605a4fe761fd3f6c90860d90ea0582564da0b73d1da8b6115,2600000000,213918312
0379d4b4f3828c28be09ca35ca4dee2b7fdc0d62ffd13ee16d856ef21f23827856,3750000000,377201964
033033d0a3279d91c366c22932d1ef6cbc906ead5cf6d1687d81bb79217bdeca68,5128921000,451348929
03ef1d515e8d39418c8be3ce10b06671fa98a94fc7154f9ab7e2c8148c375a1eae,9880863500,1427815396
03a851a2ab75cee9102a2a38191180e1ffc9f246ebf292430cf81648d35f84f1c7,34621930000,3109265835
027d7aa0fefdf7d32688dfe3bf4d92d439718d9649e36a7528d6f9ce47afbc698f,1100000000,132787509
02d006ecbe96e20769f58e90fe14d29d53d2f7cbdbda74e24be029f46b2169f63a,33443428000,3381229800
028d829e9254bf0a816983fb79c61d1aefcdc210a3c6f37177d62db98e3ea3a8f7,4307550000,565973919
03206ac25dd4d5b94202133fedbe89b784d56f04774350f19dfa6804fc70539835,39277215000,5316693678
03b4e07708aa053068b845fb20513c4babfe305851cf60a0495e24fdf457b78240,1100000000,24237344
03425e9d499d97911a13052f4fadda17d442b464d68ef38ade1145696ff6aaf637,550000000,98993279
03b0bd9afcf51d7de20c5cff2eecd6b64be765d911bd765e6ace506bc02e677488,550000000,77701398
0394c7871eb280bb7635bc6c4c5def368dc9f16aaaf239927e3219b42f7e4193fb,2300000000,271811837
027d56e56403970c33c96df3d2e7e90f3ea3d41bfc5928213738a4d703185749d4,1344991000,144039546
03cf0f690b296b1f3e0de7ac568fdd9a00029adfd8723a4121a64f6d115fe04a2a,1770495000,235883335
036f7fad4938521ddc6fc87ab7d6c6a091cef23cad87564a1f55adb806c017575e,35154430000,3633891005
02d09f21fa9c79dd5119d9fc2c4401d1234ed32585a8f4bceaf653c5af0c9921c0,1300000000,178635091
0385e9dc4601811a4aa769e6a50401580be2087c7162f8c478f82296c8ee6ea8c4,1300000000,93909661
028b4b173cba294f5aab273b0b74c9c4e2b61333207f740323fe3454f060837f05,1175005250,132452200
021e205464dfb08eb909afa6a6b25ff4ad500a2f4c1e4d28f38ddb999bb3001d41,2895000000,337640195
0395600f411492350cc3a0bc218085d404add7f2a498c066fbccf541adb9e3f769,5000000000,87719346
02859876ff561b3600767a3fdf6c87a0e58e55bb772d7ce15d2f532b859e348c49,4000000000,234477992
030b32fa531208cb13a0041d1e34469af03c46aa24ff1b4b3a50d6c6fd27b2ef0d,22149215000,747539526
02147d054365efe7442fcdb14c0da262c0708154f627b9002c9d37316c1a12cd50,76112133000,8644686314
02b6b8e6b683811f358e9602f8271694951b92dd66ff0841501f2ce9ddcf7bc2fc,18375000000,2964138609
0243c0a76f150de2dcdee10a11c55cf5564413b3b0518e4772a83958581e7c69a2,15126409000,1705400109
0279364fb3256804bbd0eaf86298056262ce50b8b7adedf166fdc72dfa811b14a6,4500000000,600076839
02c7e5c1e3e4bec5a9195ee82cf470b83fdec1b52b1801e8e8aba54b576ac5ce6a,10000000000,1039825839
02e64fe6817aa4704dd9a195b06a7b50a211bfc39dabcc92089a2649dd21d9b1c5,69266522000,5984372262
037667a61f11bdfd28a04c8c2031c388ff8cc52d00a87e62910bf03e1667312d64,14506555000,1103327574
031b6c46188621c81612ee6d164eda0868ceb812b8cc4ac53c1f218aabe9dcd37b,5388888000,437206736
0363312db61a9e677b3e46bb394bc3dd320fbb03d1e29a7738faca47aefcbc2c22,1463398000,44924705
032b9f5575f4b3f273574f9a2b932a963267d693aeea2bcdc9b24386938edd4c9c,19633714000,2827073356
02e11df9a48e7b15fcf8f3e4249617d508be2dc211c08a06cdd47b10ff053996f2,19087595000,2702112127
02b16772b842d69aa06f5e3d6b4b4748f866af3eeab44926c464a23c0f03ac2014,2300000000,242987672
03606d67d00ce06ad053de1f755e6f6c8185ae66a1b1e06ec7b72e2ef702690d5f,78185000000,8877418080
02d6a4c09fdf624fa47ecb7b17e3138c43ec26318cb40c4a2b780d059dd713d748,32439648000,2384057455
03627ebe50fc6eb80b0caab0c3714958c701eda735e3c29588e83150d6d4a93976,18249561250,1728558972
0242c1650f320c43f3600ebf3b5fcaf566760fcd421f35b68fd1e39a31b29ef540,182257500000,18955223558
022bd0aa893db4ac890e457cca8c83f112518d6941bf9153dab4bf904620503a78,65051824000,6071027038
02f4ea71bed46a92595925d399bdd1aea17569b6c31d2af1ffa71525400a915af2,2700000000,402574017
02a6070bb0c56d97e42802603728edfdd177f5b0822309b5db610133bfc7ec4147,2475000000,265565438
02efb15f25696f3d3aa4f689fbd9f8a4435586136d7840c2d9bfaf0da6f9049885,1087800000,103067284
030bcd0ea5a7c24bcb87d4f15ad9655fbadc5efdc419fce62aeeb96ecd3b4617df,2000000000,195468340
034b2c0bdf0f85acf30ed8527862d229b9f4d6c42eaf72eed8a66e9fc3f8159550,18778426000,1923430928
03c70e309cf72906163455ea8db8cc46aef53a8f66e438298a7d9b7b95d1dbf878,1300000000,141104126
029aedaeb120f1585663872c68c5c410d495987dec73fa99b44dafacc43b2aeb63,2149484000,174535096
03558b8edeba06eb264570682d04ae9d5db260c4898d4bd381a81bc3710a0ac1f0,934000000,79467870
03bd06193a4133b0c4398994a7be9054b896ac1a78e7185af514e2a31ba0c535d8,535812000,37086828
02e176cb42623b6949a2fa3adc0b329cd6445971f508f443caf91faf0594a08915,40019228000,2832992238
035a2bab9508850f961dec02879314d8bd54fef051c7662cc07a8cedc1f3245ebc,3000000000,384099685
03144e863dc6638e6510fdb32cba50d2b85414e1b0b9289da59e636817e59e91a9,17400000000,940417486
037a3b5518b90c9f2ce4034342f0a36a29ac71ab5f7beb00ef17995ad8ffae5ef9,25651640250,3445904938
0309372b1f822d4b6982d628b6d963fa51dd6c18007336ae4dd0b004467408396b,2900000000,269624767
0255ff94583166afd90a0fc0a3042b73724feeeb4141d5218b00e96d036ebfa2f1,123507732000,12591494453
020f50cad5a640572eb7f9f388892688fed67c763128b0079545ba85fbcf4f1b14,2787429000,367095204
03d0087b718ce9259b36485995094a2065a378135925f9a71a5daf2500300fe662,25790645750,2610047531
03fcbf8882749b4a6220e61b7eaf450245d0f77506545ca5b2d637a590b9f43139,3460000000,247621310
0334aadd6b72f00168c87385c081a171e1a1a1936435c2952d25dd10d2f17d6c43,21000000000,3712094558
026d2002de505b8e9811e4a911b132561167bca428e2ae152c30a2e5c38fbb603a,1800000000,130807330
038e8396a8ad339224c7bb055ed0f00490b3cd83775351102d88de2edce3621dc9,1235123000,116652568
030bad4b71a94311776723e9ba443735888f08b17ac025c1d4def0e3db6e250568,1904005000,330174139
02c71b60694d6a2c429874cea6ef5d539c69dd95082270099bd638986eae175f1d,4982373000,477572403
0281541fb8be936a337873a652ad9ddd991ba1291e5d0d814367311f6c7fabd63a,8180300000,689380786
03b7f0cd872cec07d48b34a7d3ed8ef0cfdfb774481c8d7a68f0cd9450c204bf44,8525000000,1140453272
034b693cdb22d9f842e516b37b9285316c6fb9d2ac090431229b22f7126ab01569,2110000000,286646109
036e0721b94f40b66c0aeb3ba9ea646cf865aac339dc70ca4361fd15183418f58b,900000000,95587465
02ceb2d234ac3f91e178d7ffc1df06703f53775158eddb994a366fb23f09cfbf09,1680000000,198170315
02e02d1e391733f2bd7e13d9cfd47d6d5c71ed65eafaaf801c194f13da227f8b81,2450000000,325254827
020cd843f3128386ac5551647496d57aeb0b5259611d7ebb9314cae77115653548,152750055750,17297050502
027fc01b7843c8778fc2852d839a788039adbf88979b65a9ea7c8afa9d8a648c2b,2889868000,372031695
024c9deebae84ce3997651f8f02b808e6aeba5fea626a18d78ec9a9f12fd3b322d,2862000000,383646902
037386ef907ad3e95682516bc100d971e12211f42f782ff9b0e7fd7ac9050920a2,32524998000,4099772684
02b5ec403e9a298a43b3cf025e4e46b2f30ab95cb26bcb5223537fecde247b97d4,1900000000,173397083
026d8c00b0fc4b7d54e0d79b5123d858e529ec17e031f42217069de8ab8e17d23d,58597335750,6229667051
02810d286574eedbd0ea00d2ee11e2b89212636f8466defe7d27b85aaaf1e6eff0,795000000,121131616
02f6d5e9753b32ddd3c5f7f434e41c641f91fefa98de0de418a33a9217bb111846,90349077000,9698789653
03a5c342f8f08e5d9d8fc9a7e100a731e2bee203397663ce6e62a74a339aac496c,32649998500,4583798371
021d737b1cca2f7a67498a368f2416835a13332c98ccbe7a38bb66a66b26123933,26510274000,4728611533
030ba169589c412261386980fceefcf7739d8e1cad2081d68044a83f7d185bd29c,21498650000,2654885078
02458b08c5820784cd60a9b71a9b45cad5ea90fb63491f57370b7259bae02ffe60,26170059250,4067208843
030f024a2c840c06878848de5bc78e450406443426620d7cc82d7309d6287bd4fe,1900000000,73812997
03ecb3ee55ba6324d40bea174de096dc9134cb35d990235723b37ae9b5c49f4f53,13120000000,2070943981
0205b08d6229e47219587cd1c024d84e3e7b88942c1ac8af89b9bdb8faf4e0ffc4,2959500000,278682314
022c8b51b83fd085c07970a8392d79d1e69238ee581f19ad823fbd11141507a3fa,15250000000,1411872806
02e40b0539b0ae06a0163cee60932ebf61cf7587d3367eca29a931e9331860a992,1568000000,184456262
0396f67efca57912e65ab1d7c877e11a8ed7d78242bab70822db6f6b6cc8720736,2750000000,217327404
02a4c2430e8e826b40cd863a35d2aa97c4d4985367d75fbd713d9bff6c78ba8c7c,5034319000,358798297
028bbdba072b11e93bc3de23b6b417ccf98b1588fa8900e3848ed89cef6afa6fe5,19906455000,2093421053
0230feadeee44a61e714cd90e545b3c3800e55d55cf975ea9c16213a131190c4ce,4441381000,407896171
0333bcf2064fa5b383fd39a8edbbaead8968a547f491d438614115654a1e13235a,10500000000,1843550978
03a1c7fd1dd2b32246d05c292c58929f995eef65bda473baea03f73d8756f623f8,10229603000,871380401
025c46df3dd6b3f1023d7570ba7ff0295fe0ed23c4cd8d96643344fc6e8b03d0c4,4400777000,313897195
0278179f93a940da05b9a9977951d02861a4ec7f4cef63f1945457f677506326b9,1480330000,79057854
028f9758eecd436a134d460b9eddc2b8dc372bd104e182e94eab769abb730ccc45,4499998000,727341787
031979bab2a96f44d0df51e2bcbb8f8b452f05918c9422c0e64eee524e3f5d633f,2450000000,237964337
033433aa394e97ef10cdd7e02c35d0d3b41b3af8dba202d755512d7494cc9ad3c8,2066828000,220172423
023de8e20b007fc0bdacd8a54c9e6e1d8007fa565235251283b96c3967db524679,2500000000,211516996
0200232177944d5e2ddf5b203843050dee40c4b7f343356499ed9aeb4eb154fd4e,5100000000,436848302
0200773d5aee6a9ee90cca37a1350d14def091b51b008e838c6d64671abefd4eeb,1435802000,171041024
0256aa1e6b8bb0546dc60b5b6074b7ac031344a43eebde126fd930ae7e0e3d0ec7,3582500000,291144131
026b2d60bf88e39189e4a63c057194a558697c83cbdbd8b01bb8c2c418e4c28910,31216850000,4643154382
03854f5d57bc016c1a1433a1219da326362c9a915aafa1ed7cd0847ebec561d62d,16004223000,1325833399
02b56158826ba96c946a1d91294b55908848655bd144dbf2f62fd68643df0165cb,2716840000,128594234
0327bfdbef7c13f813b46ee23d9fbd3de1202bbcbb51f07a69cf9378e2421231a5,7091000000,799587209
029664347c65b71900ee4edc585f39997faa6f93f744a976b2f720f2ebaa94ca4a,1900000000,403338600
02c4fa8398aa8f3b7d22d178b2be384809c5e21211270dbfe1cd411c24958647d7,6105167000,707319826
024752f4546d0f5bc05d5c5e82eb97eb05b4b07972bd4cfb603a8a38d4e74c5282,19477215000,1216484873
0221d38abb8a6688ca7ebbffed2c7c68350facf3ed657dd131f9a5efa5a54c84ac,3665733000,644174563
02a0e1fe4ad87b27229c0f74824b317be9ae6b31e855a1b0135b9a8c1dc3d1c996,6500000000,744368485
027133d09a45c9bd5109d5710e60a6c0f272c8faf141a6570c5074b8f20a093207,9950000000,545353399
0259bf03f2502722e0d8d90c41afe1c263a20af6f33040a1a549b27fb455eeccfb,2439491000,337921680
027320748461efdc4ac98f5549a36a562663eda381f733828770dc5a80f075570d,6850000000,633878899
02ee1fafcda7597297de305b88da52bf62db04a08599e7f8b2e6c86bd03303590e,4056794000,564081367
0312e759a495c7ca8acc1debc79729a4095d8fad554efba2316269af4863b5c79b,1330000000,121465594
03aae93a71a3211cc2f2238e68617eb315cae7d34fc08d6fbfc9d46c39cd177c97,1074978000,179339049
03451aeb8379f14f5b71947251581468434beecb73fbf1a03f51bdf913d21192ed,1075000000,48194502
03abd05a5edc40a1bba0068b036404bbfe6551552501ed8c3976e41a8e38dfc2ba,1300000000,21539344
03cba60f0f523ffa730e0441dd42c636d84860bbe72b9c9b49378ca86fccbec116,1185002000,84162923
02f1c67b7c9f9f900fdbbd9085e47299356af1427cbd5ab812bce82c4b2e333ac5,20400000000,2215180264
0279130d1b0ef9c47029874486487991b88ab9cd4aa769c4921dfb3efc7109aeca,999000000,107685202
02e1f391c9f3420fcaf65d45b615ab53034bd4a090036ddfb5703f6825b3b2bb4c,136244481000,11915547369
0389dfd119ad10cc1c7e2a93483e0d80d650ee1492f3d30c6e108fbe2a6f515e54,9500000000,841944099
03a9ec1161fab4fced75bc66fc27e3034fc9a5094533a6cc06c0480830661c3a8a,3421497000,302027303
036299f62216c53053ff9dc35d14a55e49c4abaa0cf91507e839c08194e4583ffc,6002287000,601637412
022b0f0363cfb33dd4f646a8dbb59560c878377f9c845751852a38f78ecdea13e0,13339021000,1442981044
0277b90db8ab47f5cc1dc8e608b06b9d767e3bb337c3882194f42ea6b044e5eec3,14683397000,1664274230
02430d5734683c5916b8e1141c80a4c630a3d65c4f3dfc4608f8b5abed767c0c2c,3282500000,307866316
02a3bfa62fb28dd1c407a9afcc076207f3d8ee8058d5830417d08925687c782143,3300000000,413635832
02eb8aa5f4ed64fe3c6d6c0c5bc34bf3b27d99da64a6a2754068bb183528e4718b,8999643000,621619467
02c87bce43398e73f65df561b4e776306fc1e74657d67131d76866ba617a0e63c2,1429289000,190472803
036c5ef5a5acd99a9a0a36f417a31c3226f8626bc37c2befe7e85d1a1c69c3be90,3902923500,424041645
02125633cef3e48615802a833fb9efbce7ce6a5e963e132f5bdc959c7c6a6b826c,1549999000,157368642
039bdc75308f05aca34b543c8c8a6321aa6fd55a1b1d413e76fdd76220cb5a6a3a,4424204750,500431801
03b7c0c36bf75c01dda75952033860a630985c89ed96535e2e8131f788f33e6eda,2599974000,257411300
03ccb6f32c93381d1c69c524f617ada41ca8a34ca10992a598436b70f2264dd1aa,3250000000,480315202
02b98fc3d6807e05bfdce5ac3621d9372447722b1d6fff091d7949376e9d5675ed,674999000,74705404
02bd18ea8b8a407cc21f7e64ce1dedf3bc1e9977985904b5ede276c65efdc808b8,7035457000,1497296687
03a0251303c04f1ca4353eeb1467cc7c233e728a6ed7462d844c043aa73ff86149,1473151000,136552460
0262d23d13a361f797a66b83881f6f712d2e064807b301a7b247253d1ce5a566c4,2000000000,207516643
0360f78aedc0b6aa48ff2a7a05e557630c5f15a8a1d12c964be70923f2633ea9db,2075477000,180057563
03e3fc2b4f0aeb2e17866b4134e3fb0800ab11ca54f30ccc8b6d927209d2f57602,98078078000,6666104656
02963bcba3a4a49276afaba663b33a98db0afb57319dbf9e61cf6b47c696f024f0,3150000000,191152685
02c0248895195c1c069d48608057f9e493df21460e71d0e7238a0672ef3e99f8d3,2587500000,360422983
038e5edcdfeb01e4cd50b57d7fe82dbd9f9506d8af3a81f624b3fdaa0238a7b011,795000000,57782346
03f5b5620bea104d91921b1effafe83bd0921d60b084b4e738b81d2e97e61f415e,6575000000,399987013
03da85494186b91a4922135155580d6e648d24a5c2153c9cc84172834d59702bc8,1836355000,104534790
023e18169f9b4253eff56bd7035660b28c95e61e12fabc03f4aef59d102d55bbb0,3200000000,295330031
02e668c5d7f19d9cb024963283dc25f76ac9abacebd03b825148998a0f78086146,2850000000,252648756
027f72a6314483870cdcf15aedd2c8206cb8de95e82a01713a2f52e0c9e4139f7b,18765806000,1557071568
027c873df1b32a869177a3742bacd5ff940d474d1802dd36d3c9d2003b48d72c15,800000000,95381987
02d9b02d97dfce87bef40b5f2b443b65bde52b2792b0d023240787e2fdad7777f9,62349998000,7068678506
030194a5cfa05762485e7fdf4b5de7a0918a15ce4de2d5206fb8772e5e25df3a88,1450000000,141774888
03394e5aec86daefdc6e376113ca6f9fb95c14397b8e83d0cdba7aaad1e5d8dea5,1525000000,198647287
0249528e8e0ae41dffe6186d4760b79caf5851e0642f94f335069f1da4df5c7999,2000000000,264050428
027119fffce99d1d2fd335dc30914823c722cdfff62659ee060d5bcd78a8f02058,1800000000,242481370
02b676996c0c4686f175d040e915d2e962b19bd92d4da8cbd49e7c9f65dbccf5a9,2750000000,289507720
03d6d7c6e20d27da1b4d587a5c420f923be20cd4d4f5927854e42b9742ab8c38f0,1091000000,79076807
03e1b9e6ca5d912254060927794efd3b96a8149f9d360bbec68e693fe7c47a8235,52544072000,6544998076
03b80a8b7cd5c157039562bced1a3a2cc40fc4e33c341a7bfaf3bc3a7ecb36e329,1887500000,162111543
0205a3dd7bca7a00b6702c3678e2b56470645eb6d12d26ae60da7b6fb68378abf8,1050000000,179552461
02f88369cfe07ae92ea5c545bf3034ed56607b85dc14d4beb3267eb768c9bf4c36,1015000000,154002658
03105a80ab899a288062c2fb15328cee0b47b996b68a89a22752538b9950dc44cc,1000000000,55018073
021f489c9cbc2160396bf4bb92fac82072869357e958d8682ea72aca809fa5ae41,5479000000,842596993
0236e95456571991a979b244355d82ee9100263a5e7f31d3e5dd701a2468dd9811,3250000000,376314106
023db4fc53bed872bf1f639b553c643c727461e5c2ad41c2fe525c5f4f9b747a71,502200000,93506903
03b67247c9927de275cff2558674173147f92b3af2c3698cc53baa86e0f0507a9e,2970233000,483246953
02fdc523322349e7c366a15e540f7d1c6ba05adc992cab394834d5ea0c72353548,2000000000,172612579
0235a359961100e5ee8e4dd8e627c4f5be888e06509b0857895a75109978fb5cab,4500000000,550300156
02a85b13d7d8bfe95b408d14efa96e05568502fc322d8faeac93320add1b311553,31635000000,3935121595
03da0d4d5945bb3742fb5c07c22dcf6b36e17f5601f302f97e2e129f6099967169,1375000000,179914868
02a50d21b702e77e1d2529b03197c6e9da20290830eaee2b74a96b37a7570f9b4f,13000000000,1285825755
03839ef21414b6d21238ae9723c55aa243a9990b7d733d216e151cb2abe76f7799,1100000000,82094880
02156cf48e3d0da8f88da9b7416f426f73675537124560143c05d766353ce19cfd,4600000000,393977598
0392de45a57ca3e4d9f38fe57f81c56a15a105d883a6fea93dc514dd1602a641b6,825000000,126730772
026ec16266baad440e5527063cfbb908b08addd931eb890b51128835e8398b8b12,5900000000,604665561
02af7600cd36195b604ee12e8e616338a69c75204acdf5fce60bf7735afca1da55,4220000000,635482679
023d895f96263bc252b61bd5ed94c569f53a007c1ef5667cacad402c1b3a16c414,700000000,39153686
03f08fc43523d9ea5db97a02e0fce6cf23e93b4183eaf3ed2f84c94ece8f230e6c,1000000000,105879352
0233a6a1890d50a3711d71d42fb38bf4ba8b94094dc848e63c9b24e5a53c628f5f,1812500000,189926120
03a87b84e6d9d07d233bfafc5add40266af4542d7cc915f62e5a3d429012f971be,17877215000,2778839660
02d7c035eb4f87a40e5a2b1a14557e7e8c4636eef6dcf036e99b886a567a96ba80,950000000,66023353
034781dbf0d5314b0c209d1dbb63fe66ce2e2950a54eaafadde3b191ab260e9169,1650000000,221641573
02f3ee9e3fd62c8821e40a008536944b6b8e757c3af2d8b6a4ae39bf9f42b07a61,1500000000,245541561
020e185a68d4fee4a5637b481dfcb1c485b13600eefd0642bea01fdf3c2ec50873,2600000000,277931444
02a8172d8390df6c533a823c1f8a81d306fb77de624ca90c8a7038ef816635339c,3836578000,640661313
036a67c7d200918d2a917f535c25543c9b76ef15667c711fc19f2ca4889d66c04d,1130000000,75604732
023e5525db6387ee6ae62a5d9c7dddae3f420244c01bbfce51c5a45c31d1dd238d,2750000000,571806408
03dc3b95e6f7f17e4c67d13ce3ab1386160338743f02434b719372d2f851a4d796,861385000,128705543
02032afeaa3248b3131ea9c132aaae44f1c46e2dda20743030afce21a8679f6ae9,1000000000,95410506
033a5260664672305a1bf2147e60e6a3e3d9316fceebc51f439d15922218abfe7b,1174198000,111904368
0250dd2909456bad0ba942df21c85a02eb80e1a3b66ee6ad48a3f6bcbe999dd43b,1500001000,36229324
0325c7345533484dbd9386f31655cd90fb40f473157dab4956b7eb0aa12f7032f4,725000000,48702858
0320953978fe993548c769b9ebe5be048635ac42529636e1e03b09f941a6cb035e,900000000,22005032
022d5288d6c10d91e9c04db108bd8103f777ded03b2e3de55a530f0d8c6d3ab4af,1556161000,176147127
0343f7bc26034f3add7f330068ffd26438a50c9d56b6e4dd3ca0645df1a1093fca,950000000,50209005
0371a88158414b757d383a59bbabb83bf0e4b9c034e9028fd7f48eb1a0a6174092,900000000,86407611
0238bd0ebb46dea536169553fb05b25d2de9db1e3632d3355361e4dbb9edf88b42,3675000000,507119926
03fc8c900ee8f98e056ca2f2865466fed915dc61757b1a28e4aa30c7da4accb7cd,1300000000,199982421
03008658decc313f48391a401cf843b84f5686c859d0f679d0ea2342ea7bff25e3,1710000000,168976590
02f871d3eeb2c20786fea54f028e1fd89644e78cbab9d2a4e87190007214b9e05d,1250000000,344220428
025ed704cdd9affea149ffaeca2d54b3c98a91325bfd25a3d2814413216ff2d582,660000000,45498709
03cb02880bf4e659ed4c59ad3f79dfaa5c75c116c5b9ded6a59e17398dd62919a9,21739419500,2216767905
031240c4973c2687b5295a9bcae10539a4f2e51d35fd5689734bff2c6819629e3d,2411500000,453017762
03c58013211d2f9b513ee74e09a668db8c5d7c8d95318b7fa6f69c79d1709586b7,520000000,3421942
02d6879d589a282a2b28991667071414c33c42120568ef8a2c164d4f5f6f6c55cc,1050000000,75380466
033734899b470511a56566606cda9ccd926c58571960dfc569fa9412197ce62541,1089000000,164078519
02f4e300487e8c546d6c05d85ba03fc0072f01a47f6c5bcdba1fcd3c47095d0356,700000000,76352744
02ae6cacc5ac841d8833603749114fc378fae4540f5047104a6274428f59a80219,1500000000,269548629
02a3620d2216bdb1c4f4daf01836fde38ccb970d5d4172d8b185e75f1cb43c9612,3245526000,322686715
03b7c661f965105e9e8220fbaf4bf3e70f24f30a384a2536e89acb5ebbd73e6633,600000000,73490110
034b0bd81b4a8134b054c06858c9ea2695ea8f67ae0fb30eb6b362868987bc1c22,1122497000,103660850
02c413d774add8aa934c1046eac6f9ba639043bcd93ee7a9c116b8d2adf4f71653,1000000000,79786892
03f8b973b8c576e93d5d4b1e1c5c8384fe1f89aa9de198fbf5619437889b21a644,1000000000,76597505
0293de8f4a479c7aa1bc6869ad71123b23267ad8ef690a229892980bd8232fe0d9,571337000,33967080
03976029dd2bbfc5e5a76c4994c7a82060d598940027559c1fceff8982c6e83454,600000000,106942425
030f7d4140a58ed51d5a20f3168c668abd5cb334b2513e9deb80f898075a160e82,1842733000,173264142
0360c5a6a875886b1b3141d2ccc0ca77a61130107d0eb13c7a0638c5b21a046872,1296789000,129517898
036a320d0667dfedebaecb02833a60b58a59a60350a4958e87411b1f4c2ae5d871,797327000,61667519
03db76f0e63150badacf4f1cec2328a7d3c386ad8aa1e622dabcec9f6605004fb5,764259000,80432941
020b3af8f3427b038952f8659f450d040930e17fdee0fba8a5650f066759b01307,745000000,127491701
03b600e4156df7964e51c9c755e44bc0e6b60baccce8919c8bd1878ef794f92f3a,700000000,97562484
02bc35371ccda60ec4f8a6e6482a6a5dbfefe6e1c5217dedc03877389468afae50,731554000,65531603
023880738462011b687609c944bb7c6637ceecb99dc65659ec544454d19bff5599,787500000,92625835
0329f5884afa9c6167a11f8f50892c88a9d047adb65069cae436909900ff056cf3,1500000000,251788173
02df601e84fb432da71c333e5ec65d137195442b28403325c190a700dfb8875d59,925000000,129534487
024f8bcf62223a5df8bc66bef87f290c44fdd313a4fc218ec01be98610101d971c,1000000000,133846609
0355c66433b60c6d8dfe8db437280bebb79b85666dc2a2edf175c9a131ea0087e3,595000000,44816145
022dc9c1b9732cf08168f0005ce07920607fee96bfa1b91daf4c1eb8f05a6d16dd,1100000000,136431965
0205fe16bb484fdda40347afac284cd8c8a668277eb6cbf6c1483b4fc3028b0b51,600000000,36669522
03c49d5381ec41f48e66f82b18db823f23c843e0bb3eda31ee3c270d50d93471e9,750000000,145670840
03acb45f93c4d10c1df39ce3a303dcdf2c7e963b671a74ae8d5423b6bc6ef58639,910000000,90922100
026ed0eca921f902ac534271bde0f3b38338b2a29328b13448fb076673c2b76d51,600000000,27085897
038387d317608f6c6fda126727de7c133c6ce9f1ced00a6d12764a9bd42577f5b6,600000000,91487058
036023cca9e3d05a46eba1f6aa33627c34714a6de5b2841869c6f11fffce2a7f3e,600000000,48346942
025365abe54dce89e5ce6cc864b636b3e0e9e79bd039af7e7210217b495c3cf939,650000000,79841084
03fe0c91633b7475f1ee5745773d12e6c560263b42df5073fcc4d6d7b5c5e8c11e,750000000,59316815
03376fa5c7cc573531ce920c133447ed79d77b658e46c491c1017a8c7eca9bc12e,600000000,65984228
021dd46f1e365465ffd2f78a6f8c9dd397f78fb0cd5a7bf6f8ebc4b55ad816c98c,550000000,102153761
02d310706cf17d14dce6ab1855668420e5bd5fbcbf4b2e4794477baf11eacd83eb,615000000,66081470
03afbe8a5a51231a8f68aef40c3488ccc42ed76e6e96ecb3419a7630c0c6c96c08,522500000,65689301
0305b2ddca798fc571ffc50de7eb9db177beab5809315e100ec0872438e46bd559,585000000,90969363
02e3f8698354dcc2e21a3ee04ebf58b0a2010d876566c400103f8e56a67b06c78f,524250000,35558641
02bfb7b45e6463ec931419672d0d2304112b642a627a26b090c290dfcf80de546f,500000000,89863718
0330741400986729410dbed8dda38564d3029db7119872f34f1a0a23750b46324d,500000000,60708355
03d5b4f2301352bb28aa02337f654969af479f0d3b58c4aac22a0d5b86e496c6c4,500000000,86183666
02b27ad518cbe2338558ad2a616fe0d2f5d633428533f4c2c219749c2b6e1215b8,500000000,12215219
0329a46f4739ed70b1821542606a3b2a0e947f545968f62ac9c731e9036aa744a3,500000000,80965963
030b46095042571446c82ab58119b09f0ee425d8c97fa9894e44a963d876903bb6,500000000,89449589
03710fd32f9722395ac453afc4b8eeeb145ea9afc3a41174e18af96fb62f38c8b1,500000000,88257482
03f2fec2692d45869446ae83fd3c22c8cb036d2c3f466a728daa05f4bd8e4e9ff4,500000000,79611134
038e16b5d779735810ab39c95d4de01649c79deca3228e396ef0887409c0554627,500000000,98230980
02a95cbf567844e9de906aa5764bbb03a9a4e7dc43c0336ae2c6581b93959a02b8,500000000,69847852
02005a505c16ab5321e73f1efbd0fc74e2cccda04e67fda3a036438c6372b3c918,500000000,76558782
03e1a9ecc1b00c79000e59d8e4422e4aa4707d9d13b9aa60a758455b425a9f241d,500000000,58487530
02c6d5ccae95eead6017ffbdab80f22342e5db2ddfef552dad512916a2a3fde4dd,500000000,70012919
037792767eaa87627d0ba223731be9a4fe0028432ee03f0d6d6d6187682fa78b3c,500000000,39510814
02ed86e187fffa7ec2b6a23b818465ef45bf45d002499d67a16b8bacc70d42100c,500000000,32706834
03915271a4c67235fcfe9f5ffc047157a42767b98033d37c1f3c287f9a38c0c6c7,500000000,4967758
03cea9082ce9916fefe91e6212e5b61960bc151e7ec404b327e75a705c77d803b1,500000000,51634923
03d0a721d9a13d15a9fda3f456e815afc680e5876695aabb0987ab9c151033c2e8,500000000,6960506
0238adb2d781dfe8a8f7e008d26e3b97a3295df0cf7c9a316f77f36cccc3de15da,500000000,39994435
03ef4be53dd269d6357888aa55d00b199675c4e7bd195b65e82f65f588b2f10e1c,500000000,6701631
03444ba8a6d40ee34c4ed8052376f1527cb7d097e364fc3024c655f44a3900ba50,500000000,30658917
0391c73babd29fb3ce40ef634f6479fe1c3a0f85ad0c0e2ced26563b172d7e1270,500000000,48849434
0200e77c1fd5879a0f635cdd5b61f1d723c364862d4b5e9c7840189673fe85a73b,500000000,84203192
03fcd190c8473cf877b356f040f4319e2dc475a6d2e801b2d31125b9966217a060,500000000,61353187
0307fc602716d20952b70f07e3b4d1bdebf3925de7f7c36ed25886a44e075739a0,500000000,42886517
02711aaf8e4919771fb836aa593c5540915652139193d3fd0bbf5fef26e63c9b6a,500000000,26756163
03ce1d85d6cacb5cbc88809d776417e844bc3a4fb8c7e1977b5be775a809c5065d,500000000,30187085
0397ea26c5da04733b9699b30bb9e7c0b3d9f2583be1f799a28c7db12f032b0daf,500000000,2961903
03e33bd36531d14f1e9cba22c3ee158a070e27c6c17e367725168fecab9f93e362,500000000,62654040
03b42cde049acf59ac18876d552e8230e780aee50345855b91ba386bc7c55da208,500000000,87143252
02faa26b31c3069b584da769e4e858ec8aeaaad14a3932343d99c9e4db74fe2518,999000000,140467242
0203b5b0de483b8d0ac92737ea8d266f66221c141423274252552b9f8463aae4b0,1495500000,206566797
0242b4cca81501b70d2074a1cdf73717fc240fc585985f822eb4f4b2858501329b,51754430000,7320484334
02ea63e45a8f201fb2884b9cb910f5b41cf7bb69ded286474c9fb27806c5c5dcef,496500000,18869043
0272313053f63d89a9d7f8d6029a977b5db796f968c82d43b92582918fcc4825e7,9531337000,873073508
0292ec739c88db73f8142d7a93ae55d1ba9f3995a4b2c7de21c2d62f7e654303dd,3900000000,560786344
025bbebdfae7bc00b86433db8256b74283eed0e61304a5f56a7e11cd7f92073b8c,16639183000,1227153134
031671ad09b7133aa271ef1ecdf697308569b3e2b2fe754d3cc7c45798fe7b4d36,11451000000,1395761382
0333f929cf5913e9db100865ba7fdfe05e84f1ba182eaf1ea1863f0962b79a6bb8,35429081250,4172090713
024fa2bbb931fc5e976bb0c2bb3712b469c6b1dc0213114564681cc876b65d30a6,16766346000,3277174409
03a4095652ff735e35f83c2bfd2c39e9f6db8d48097ae6bac657b5337bd7a92400,1361250000,78603811
0205306aa071fc026a4884c210d99d886f199068a6ccc65ec1bde085f846be3641,131754700000,13429583762
02b3877314aff657216ceac039244fe94e7116af10cfffac0232fefa5903c62a58,11494803000,265697391
03e9d1e65996aac2909f4d270a2c39128dc2a5ebb54f56516cd5d1eaa0d2861149,1480000000,197063944
03fd3fae30d8b58b8225d3d66ab76dd90e1405f8664ddfcdffb5f4120bbcf50615,9859128000,780352568
02160fff14183b43ce42eabebe0406e58996a8097c8374f91764e677e3c5a7ef25,1023334000,134679773
02690881543d633f3a16c8ff97397f3f2e8765a15f5ac057d701243e5adb7ba856,29843958000,2442378175
02e9fdbe0e258a488e4813c13c059dde3905d2cbff88266b1bcf4b6797495864b6,13880053000,1831382938
02c6ad6a993b1a4b157e7947fd5cfbf28d9f5b5d7bdc66495d042844a97f2ae76b,18277215000,551887019
0268fe7c58fd37fd67bd26e8d1fc4fcb207d19349d182cd173b5f891d91145900f,2415604000,201187158
0245b322594f78f46e047a6250c536328fdbe0738345b7be32bdeef1ddbf26a4cb,7405084000,1178253890
02f7b2d2066450faea68d9760ad313297cf4c05cf7cf43c306925668717ba9ff46,6816327000,735170130
027ddb768d470ce2a97eb1f9059d06d42531a51e9424b7e3be304c31abde3fe4fa,19277215000,1968850614
033187e026f12077a89e8f296b792825aaeca0ed077118f5fb5c6f2fc4e319b740,486000000,17778621
026c038a8d33fd6a8447fa1670ecbd688a3e2adeb1c4e64b29a91d5d6cd7bc6a89,486000000,50645827
021c0a6a6325b5af353417b6a0c85c04cb0cda888ef3fff65b2ebd4c781bbfa830,19800000000,2665191397
03b0bd9241d97d61f1e9548e5aa914d81cf6aee80d7e9611da9b3cb07615badf35,15104966000,1491457500
02776bad1fdf47eaa302e9b6413ddcaf44634c1beec3fb05cfe50dbc289d9cd422,41241717000,5953090500
035b19eb912100253e4f4b83445593416dc73447788f828fa79a652447e88ba3fe,2064539000,160750192
034e7f7a336a8cad54569fb46396549801969d76a6851ac3c7d8d69dca5a2d2a36,13001000000,903936935
038beb07ec83b0ed7c01dd197665bf551a1572066802c62304dff88d96947fc7f4,1625000000,184131126
030fbbf4eb13c18f956eae2266ebb62909516981c4f3938e56351686a68144f731,19593984000,2358895427
02a612822856b317dce0d27e4d453c0096064cff91ad0b0cb6d7f3ba33a9a7b754,177480267250,12836048429
0340ab86bd5dcb5eecdcb18b83cb8984b492bd23e9a6da1aa213ffed7d352f51b2,2302383000,141338905
02a00e8c2877df1b8ebe2833976f8562662c5addab483bc26400adee051b843958,4294920000,663760048
0342a8f61e0cfa173448d28df6a9118bda80f6b7afa81ad3ff7da879422858e884,6550000000,449970848
03f100591b9cc2d4fecdacaa555712c14aeffc281de160b6a4906547aaadb2ee61,553719000,74516076
03a09bcab546f446112997403bc0b9af51652b0216575440567e69681cdaf4a8a6,19377215000,3634439357
02760f859f9064e3b06c300e647d3ccafeea5a38295d029e7bf658de7fbf32ef30,15324776000,1657569828
023c52a46c4d8b74d24b237682b4c1b982233a8e5c8575f16cda965ebcbaa95c01,10165000000,1235993441
02feb8a4f021d4b407b43dcb4e6629d5a58937bcaea5f6c52e6530ca6ddf5e65cb,17500000000,2196634090
03f19b725166b576ec66abcd734d6c8694ef68512c6209a947914e21aff09194f0,6500000000,645097711
0204b68f6ea2517493257f98910b3da0461cb62ba12bf69499aea2b795341e37fa,14500000000,799406325
021aab78c9cfcd3d754b77180fd304f94d18a1ab569a8c1d15090c2dfda7a7d4e6,4940000000,510399223
03ec6a66465d086c47493be111cb23bb9f8fb7cd219e1499278006f50002baceca,18277215000,977341130
03a2bd98904b6b531dfb6a3f36a77b9ce28772eb40400bb61412d4f8ab0545da69,18677215000,614235802
03b99d5aed3eb17ec8e68e9111756aaba989c00d747f05b59fb4905f7b2ec34068,16201503500,2129545253
03a748d336c1ec208d25ba62883f156630b6943d3ffe600f7f1751b1ec69511331,103605062000,12226926588
02a4acf2042a6527daf094a331005c805146389c7b2272299335c9fbae2da036aa,8450000000,1670197996
037f5fa5aea9871ba1f2d0901b6b6c799cd4f79e903f3d2ba9cfb218665cb61daf,471455000,70072081
03706a7c275576f161d916e28704f0fe0a487758168147d3722e90855d18cc4336,191890559000,17612562176
020d975761a41c7043a1ba39f29e5c25b401da511cbf94b634c3554947d56ff6d0,3487560000,357741945
02a41c1881922377ca14876c04709406d304922abe7583911c8424b3da2470abe6,47503998000,3796377753
02b440d791e855dcce8f3aaad6230a0e0c3c3254dc865274c97d36c6e3b43f8491,18600000000,2353795343
037916303d15e301e9ca08ca32362a943ed553dacf31d3c5791b136b6bb2665eb6,31551507000,3284238827
03734a479d6ae7231b72eb0cb2a2a8318e3aad2797f7dd4318d236df10e8e9b5b0,11500000000,1382689235
024f53cdde002f0dbeafe79323112240fa42a9dab880a6f2133dffbcb3fc4b9265,1620000000,196105961
03be0a28c386a4dbd43535e615e1b370995fa57fc8be4213a89420df8427a485a2,16000000000,813067537
029b4a4999637e842fe10d0790254f697bf8b32208d392ee2c55b3e706ce312c3b,5200000000,458084693
03be638d8faadcecf7a1664cbc549ede3301d897b740b9437010aca33fb4084a0c,7175000000,442194266
03387ffd0c54c78604fe0bfba1714655a8f77b266346911f1923946c54e8d3318c,37956297750,4093200127
03bcd5124e73d1925139899146c1cea5b3e08facc035371fb30ee3bfb68b3c759d,13125000000,1316079389
025c0a0f6700685017ddf41cd1633feb2a4fb626e57235ff2a69635dc4d46c1aa8,1200000000,125911435
0304cb6754fa272c00f4934e67a314d3c4d709086ea6b9990e740a393f35b96db0,24914554250,3434626245
02e33bbc81cceb098ad0fdab7893b7cdfa354289b73f11d90e857f749a0ea2b227,20142500000,1988111388
02fcc80a433aa1c5c7e9723ab66025c88fe5bc08725df067de917a2cf275a3271b,10973822000,434869101
029f455f94a7205e4f5fae8616a2fe11185a827fa8a94f9e901eced2a6edced667,16777215000,824281099
02ef2a2144de419b66f490ab3e91f0139afadb5f7c4bdf835c9e222c7e576c2597,800000000,61000839
03282b8ad0d8fb913e58cef01274b1cf69601560fe95eee25aaff8c294b7443378,17267215000,1413524616
021e5c30b64e78ec7a2fac9f9bf56ac4f5d06942d1d4b68c87f777fef798887057,6141690000,687754559
03d28c369f5b1b6fa93fc69b637737dac76b877de926af230bb864490bd316069c,83075000000,8670821779
03ffc72cbb54a9d76d89f562bdca16fd81e05c6651490bbed90640ca3ae86da7c2,23487500250,2437971324
03f100dfab54b2d3fb6b2b49cf0f9eaf1409ef3b42a5b45d464c354dafc4714168,68795950000,5957507146
022c4fc52751f51f004774d2a53b5d32ddef76a3971542ec6f489409fca6a02585,7511359000,567528708
036f2de114f2e6485343ad3a6c120f8a9bf1357f7cc16f7b627f77514925f11da6,2466399000,262781287
02ed9449f14a6aa1a347525a38c6856b1fe8668ef862a791aae0f49725fd706b46,48004642000,4871818949
02de34055ba69361ad752789d0a0d423c9474aa2379e0282ecad4a18fed1911a13,2471778000,322744136
02bcf1613bbbf2faf16734692e8c720662c49ce3d9a68d2559c176272e5333f89a,10005000000,1066161683
03b95f2370e01edb922ec243f9741701a6a3d112b3df8f62c7a08d9f5cd71ebfcb,18496712000,2189402450
02982490ab07efc5066a993b35c236ac69cb4263bc404f90975ed21335e71c3258,7004639000,888122787
02e136209659c4c9a859e4e90eb4f2a049d1c4f6c6961cea202a58ec3b63b1f939,8093345000,889442822
02cfa520137896a0b8a9f6f8a576bedbee801ad318fa0dbac32e3232227169b5c1,13225000000,1515270532
02401f4fd6fa82118be39e51c6efaafe6f01f37bc3d1ee5db5a7dae805eee1d70a,650000000,97558235
02153ca4cc9e03f036fc1ebb7b18759e9b1a288da4d489c4a333aa7bd5014d3b51,6518723000,509101086
02efbaafc0d7fa7dc526fdace6de58455610b3aff50871346366dc549f772de7ee,16680000000,1248950823
0361d50ee805a56a860a7326b752ce9ecff0969f405dcd53c66fd5c821d76bad04,1937500000,260440003
0202f05149350a1c68578238eab17c594d1f5bd5235864c413c50484b98b2f32e5,9972126000,1129887158
0283dd68c1b7ca34cf0ad8a6fae8b4342110e74b006d9cdd2e6c8e7699e5d8c499,1649727000,166645214
03f5a8286994cea7f9d2081626bdc83762ed21d67cda0ea3c217de5080314aba01,9957473000,1616441099
031d1d31d1e6b6610b41773ab4602c96e5347651d19d117f5d2fbc9fc98f7b9e6e,1450000000,103593287
039509a85c81576b36cfcc97e3b9d620ad6113ec325bb64f53ed96f71012f3662c,1015000000,6215639
020d679437d4f9866ee8fadc349140f26662ed4712930ec8f879a83b0cbf0edbee,9337500000,1122625554
039e44157fc96b1f5648bae26b083a6901b027573539504d321c8ff084bded5e2e,901337000,132131167
02e6853e9f8906aec3fbda0a591e2646727350bb5bc1a5b3f6f3cc56171ae62ace,4600000000,350506846
0303f16aef94bc8e118612120e76269918c11d30add2cdbf9070cf5c42c5b42f60,750000000,22052527
0249045faa146fc5a8a21a6863546df58557fd13b3eb5bfe7718b994159a945a0e,2100000000,324526506
03096c48e848c681def50c71aa0666a5888fa84fc673371df3beb2b79632c2e50b,850000000,130541078
028fcf33530b7d0a5fb84681f4aa55f147174485d9cb86f9597ca4c95464927464,37131337000,2643105166
03cd25c64dd2f6fbe5e9585913c4bd4d226973611324713f7e935f898e42db05e8,675000000,132588899
02258a9aa9463749bf729511af78b1ea339ecdb36b37a6e18a8c8caa895228bfcb,25272956000,4364286857
02f36b2e377bac08ef4cb6b228255ce8c7ca2d50f613f3e1f875463dfe22632c7a,450000000,76208605
03230d36157550d3704f19ecb3f57ce4cdd505d2723a603d75099f8bb31df976b6,450000000,47055315
031a029d20a88b9623fb23254e5a6e585ee633237f2183c345b0f57525f658b9a6,450000000,73093186
031b4b8cd322d9dab0946e21b329b9d3b9334dd9c3825b63084b9c2bb199e125d6,450000000,11540832
026a3e50b43e60e4a4c76d840a7b28aa56d7c230d2fe545cf1612b72e1dbce592a,450000000,61830452
0301f7c66fef4f5abfc3ddc91658b338616ad987fc3d5dd22d197e5d460327178e,450000000,31218501
03fd21fdee8e9adc070b53a0bca8685cbc0b97f27b72f364723dcc54b4164ab21b,184670000000,21809184379
024297ae066f1627b14662214455cefb51ed14060f25eeacd1280ccbc7806bb702,1467182000,109507055
02b77b978f7f287a91d341351fbfe580f6c48577dc2d74c0a202299be7d794dbb9,8500000000,1405676857
02609f045f0f6424d8bb1ac1d6a7d21524621aae95a126aeffdf62d0da07b9cf20,16037587000,1632007558
039d2bc5614ab6890ddae0353e78243d51f0a7d7e5ed6edf76f3013b7c870f0d41,700000000,38705185
02ee701cdc128efc0d19b5a8ed152de2e1cf00d1cc4402f9a441f13f8fa3c5f111,2400000000,354267773
030ddb132052e6e8ec608655e9b0ffe43975582b1c3b2ff837d5ba36af943d6580,933853000,49538597
02b6458eb26f7997abb9be11c244bf44015f85c34710044a3902f3c46ed91f9d49,10050000000,1350370557
03e5c423a405cd25f353a81d9d5d4e7cac701840ebdf3e49f4f14ea1ffc720177c,1033724000,38676360
02b291bf019168416434f49f08838ef0b59915d271d5fbd9eda0610df4ed81486e,1010000000,44564580
036a7d8d49ddd249b7ea64e370705ddb73e294f8fb9d248012abe40c4836991c4f,2200000000,68972364
03ef2328b24b8b2656ebe701d92719b64d978fb8f83e7f8eb9012c0f4bac5e7805,2000000000,326756609
02d7572b7e50bad879f5857b8d1d1e96aaf7a7c1c1b1c2f7edf56e28166be28c47,2000000000,119939603
033f481fe0e9344228b58e0297162bfa8d648d5043c12b6323df5eac61bd39094c,2000000000,376541171
0266a2ef8edaa94f2a387da122e3a81f2e75ea654434a49d05eb912f460de90ab2,1000000000,169964181
02c08d255f696c55e870c784904031c074f9552305e09d6b116a4370a1643ff7ad,1000000000,186172895
0249f9621eec5a52dd516fecbee1395b17402434951909f177e42ab651537455b3,1000000000,16474320
03121972c2962c2e93eb016733e6a3ac8fbad15142eb997b8bb2f43800405fee8c,2000000000,234936750
02595102a7e757bc3ab37ede6f2ca87e3d663f9fffbdaa48f4b24c4750564f1003,1230000000,65365559
026e3b5a3062c2d0aa69573b5705b12328e92eb21b0b2126c8c4a6b3921a0a7769,1775000000,204151360
02cb2677db78e50a6d178092bf8c9b1f0e7d4b9a2bed918bc3f276c89c1649ba5b,24624715000,2719027559
03f8db42a3ed6a5300fa2dced326adac9e240c6514e15e50d8d0592515def19e47,21000000000,1817886627
022297edebc55af78f4f472323fa8b827dacddc74bdd786cd90f77a8c845afaa68,85432453000,8614324338
02158c63251baaf7208e595788907d3d9e230fb2b658fa5adb97d6f675e916e554,443000000,77727524
0254d515ffd82cb8c4907231722b1cc49b5e43b04064c5e1298e1e9c6415b1af98,43025069000,4955580991
03fdcce8c0b7ea50392aad8fd072379d547e8a76896da93396af1f283232ca89bc,7006344000,381593373
035c2387f4ed16d44a31989d196ffe72b24d3e900b9dd28538c681e47809995e68,121650000000,10918940306
020fc5b121c790fdc2168e6a56401e0122ba588da67409d91c6d4ce4d63b86a90f,18785483750,1680804001
039170120cf7502e10c5d83f109cf23708ebe00a38ff3ab83ce87088fd25d811d0,93992215000,10646429809
03ffbf7ef99f52555d40b3eee011dc6042541fa5f49629cbfb64f8c1730726b101,8600000000,734240872
033160724c4f2ab8bcc303137e8430906cc9a2462fa02d5d769bec2f4cd5a6b1f7,1150000000,103206340
030e3c5473d6fd21844958bf4c75f9ebbd751f7f3f9302f336594bf7b7b85c4006,9603428000,716412605
02ea02840fddaf49e9c6e515241adbcc8ca42518156cbc5b815905452a25473b85,21195411000,2518826491
0320a133b9f57014ecff23e411489fe83a89d8ea18716caa3a6213e103d5229c4c,60596554250,5879066303
03e036c7da199f4dd1f2ea0eaedf2ba6142850553671cdc7d502ec382173ba9396,173291278000,10379652931
0355157b4260b70c7f407a720c527a84e9522cd948e7a8ad92ae00773be52488e3,3472694250,250720087
0222c672f55d009fbc56fbae6769a37e95d8a3c962101f902ecbc0b9162d985a16,1722724000,160446415
03a2785f6b8589bb906333ad5210a947fd4f47223d5231703dc5e3cdcff9ea301c,90535107500,8994689100
02dfbb1f6777e56f3e08c7b112d7e17eb57cc44555b132102e89de2791042f8ab7,13650000000,1025528255
0348c77a53a1d2c3221b7641eb554e7911908872eee8b744e132287279bf5130db,5420000000,621647061
0201bbc44301ec1bdf3da081e19e960adf133806d19e439eb116bb84a8a62e7408,17454330000,1328430998
029a25435623390117d9699d899b6390b10b9763320488da59e8273fcf377a6653,430000000,76235689
02cb99408e3b55fbfb335a47b8a2089f8882bf625750819b751fcf3fcf5b79fe98,27091770750,2323676796
028f4e48c204e4cfcf76e58805808aedf173832e17b1cb7eebc3a8a01537e3df38,59100670000,7172794997
02c911ba09b21441200e0424279720ec13290b36cd51f4ab1a80cbb40b3baf0fe1,26569825000,3575093391
02e75b6ba84bc330143ae181432533f90968db3f8f26a8eacef883fdf6a9fa79b6,10799999000,1232853457
039747cffe6afe560ddbb0caf98411c834456f1b34fec8ac6d7dd65f03d85e28a6,3950000000,477684497
02e148f0b6b49f6f4f6806064e2c962de08927d8916ab56b1e7aea536d033ae09d,8405590000,333111661
0300045bb6424e197dd4cb7a2e577c91fa70cb728b41e45f1e1eba4430a60c2a16,5150000000,684476224
0256ab9b7d257b30dc7308b7a9556b4793c9c3824989feaf0bfdafdb867278f7ee,1640000000,256768969
03bbdfe369322c18e0d288847d1ae2a76fda277b8494b82d4ca7b64d21a1be3dcd,14834678000,1396198864
02c4d79a8fd75faa4ced62e8c7e19efbda9f0fcbd7c7dd8af01b6f448da1a61a8f,425000000,63386001
037b8d371be4ea275c3ac7cdc8046d3640f8ba1691c6c1b703f152a952bbeaa2fa,22070620000,1040635944
02324cf4d54620759ba4da0795ad1ce477fb7c8f28931332c64071a3f5dee6f90f,2267500000,278366196
03a2d68bda9b4ef08c5de7089cfb4622ccb7882aa1b09dfba65a6034db52c0813d,1855000000,217402042
02e44f4cc13393082960a4705b8c4e6969159a82d472df13b54f563919da3a91de,1401000000,161508072
02ec581fb1ed1af6d976d68ed823b9e4b11942d9c254e60e67297ccfeb53b27aa3,54378400000,5000882978
0267bb8dda0c06c9b1dd5c463b7170f13485ac7fa8013ce45d5cce6596bdfa0ea7,920000000,82768036
0242829cbe6130b43d8711a17a4b99537386e8c3059ebd6bc901f5363d216c8178,10842790000,1748233342
0209f8047c65ec7fc08209745c054b34247adc701cae587f3fa2538d32504d9dc9,419846000,15462124
03b4a569785e86378eaf6b685f649ba336be14d9a32a8d7812dcae3c81a7e26d84,900000000,125045624
036befbe45816a771ce6958bbfe28f6a9585a66f8ad6471edcd6d6db4cc95a5294,1300000000,120857856
0361a4bc6165b70f5c59a646d6b1b33d576cf3bc0320592cd59fe297319255956b,34097465000,3477315621
034c50df2eb60e0e4c6146ce29b47009be41508dc37a201ced046485428a3f0c84,563000000,34920214
033ddbb427e5b2cec65b329a369876ba1294e61297e14ba85f2d30715729b25959,27900000000,2409400110
039dde42317c2048ef09f02554726cf07b35933dee68df0f5e618452efc9698c48,14525891000,2152988970
03efca7c07502f3cbd84deca8b3d0471ec514d3d6f0813aed4a9da4e1bf60474c0,6381657000,953743646
036f96df8a9a20768ceee4860934f91febb32f2b27d16dacb3f8567588ebcef70d,10781574000,883065336
03ef90457db28ef593e5586695c6518bca55dafac9001d2b96487f2a3148e38932,1400000000,61019757
022559c3facde821f297a612df021abedec75b9d518ab28509ea637848821d3c84,13080903000,404018188
03b09bfc31697b2899714a96cc377cb0d3a795c8d4932bb69182aa84fb616253cb,662312000,75146293
02c477a9cd95185914bf87818186a160489e655617f7d54d6e521ac25f87a77e17,2700000000,334059861
022972af2262035e727aaf70293dfdc4db0631f0bf48386c7bac3db457f1b5421e,1737334000,145951062
03c72509c0bfde3bc5f5189d7f82113b175d7f2a81f2a918582b60090a166996a4,480000000,48066605
028ffdb448b1a54ec3b8f6adc46c842475ea03626ec5d35df6e0343fca214be8b2,10175561000,1772083843
027acdadaca2202c071a7b82022bd073bf00122693ce5e6c17bb9ecb7eec154d12,5445001000,558656266
03a6c76bc5b9ae5d73c74006a2d51afbcaf4c79b37197b5dab26779a8db089b206,9211738000,885534662
03d0a346bdce7d3e0ddc1b488f6318afd99f67510a4d559fce2a36e1496827858d,6161920000,658310862
027578e823ce91a00ef9576d3d24e0a21abfa3332ba186654730a0c8804cbb844b,18645787000,1432070362
03457d5efde77c43ae640d8f71aa00204ba44bfb4cf2c6cb54dd3c69d340ff1de9,1760000000,233173984
03116d8c5e465cef764d28d3116e1a97af0541a99afbb5b6e4e05070d3464a9174,47954430000,2580232873
029105c73b8fa86f59b3ced5697bdb568e72aaac3ecded1fa6e3e0043f166a883c,412888000,42847210
021f201df8e916553acd1ed47cd0efa4cd3714c0d8f4b33423f7fb9cea54ae5d24,10000000000,305179305
03111d3b62576b78e628d1519814a40ed1ce0ad0356fcc3aa8935eb2d3b2581836,1915041000,214324368
02149ef35d7f1e8a1a6a98b1f1bc64ca8813a3d15ba2528052192dfd88363a32ac,1000000000,111435077
031371bfd9e935c86bf5fe814d8e6cbc8efe50a46d711f75837a32e35b66494153,6255151500,721137529
03e9725720f22b653c70c0c059c5f3a4b73b602cd5cf3ab77722ca49923e143051,9440565000,1233200359
026aae44f1a67f9795cf61bbb7a2d285813d7f84c8fb7633582dffb7075dc5d829,1475000000,144257260
032a57d7e327f5be21d4fdc12b171b49a75a19b34af428699a7dcc06a9889ffccb,21828645000,2470336621
03017f1dbf067b098455c8b5986737d41ad1fd0b2c0318e0b328761ecd8ff035bc,1350000000,92960856
02425433419258610725d82b3256d21e2f4c675fe83acbe6aa7c06dcc4d4daf172,1985359000,239502798
02c57e2ea013c35d4a3bb02e71f0ecacd334e77fbc13d1e4b40291b4476fe6238f,410352000,59452757
037e6010ce99311ff461900c034d4a8d037a4a320f8b1584e929c543385891a327,900000000,73915277
03551c1ea860c957949a642e66943179692cd874a5a6d23948edf59ef579a0532f,900000000,72439873
027b097206d890b973bf8ff3486002308aa48cd6f021c6a3aa45c936ec4be56a4c,900000000,73108599
027aacfeeaa24fa5580324ae3803577f47a8dd8f43344dfc306991fae6e399bdab,2134480250,291040431
038008290f6272b6717c49eadef833fd6ee6bb29e1dce367bdf7ef0595fb2c084e,410000000,63501760
02b670533d869ee90b3752bd8e712fac6efe62f087357c994f2b0a519595fd33d6,410000000,17104163
0232f818380d9e40a0cc38ecf5f5348255bb77ccc166954ab26a84aa1a05440992,3910585500,280586376
027224fbe7cadeb311ddb21d8035044055ece2cbeb4cc50c6c59de237f09d3c94d,1625000000,145106533
03c8b16ee7bcf81fbe6ffe6f983ed2fd8ffe405effbc9bff6b36d1f64cdb2ffcd3,2146193000,274155491
0315d10c3364be3f180e48b1a624bb23a14df1606d3710b1dbc9de0ad75f405d5b,1630000000,214720243
025614a5d10971c8f04ed7ed75ec1af395e8cc4a3c855a53f7b395d3f16413a85f,720000000,62676606
02b5891cf8fb46be03d03a6d202990c9485eb04dd38624003ae93356b806b16f6c,9355082000,1092967963
0226cf765d3fb0c65ae7ab55a7f020a5b431246afabaa9767719558cec27b80fb4,81708289000,7776661220
031adb6adcb3ba0e0f5d23cbcb06e45cdf5363bc81c15c95ffe1ec8ae3831df66a,2559828000,227880407
03646d5cfae0db060796fb86f16f9d0b7de6551f2ff3a3b234bc66102608be1461,900000000,116764654
027b4e3bd44000724352d29fef71faef0ab57bb79cb292bc6225bbfbe276067fb7,3900000000,402641089
03d4bfb8b8ee6daa76ccf8990f4db5895521c6b8675061f9d405b434a7823762b0,790000000,55501388
031f84495923de9cad4521b7d1ad1fd115d8c6fd32fbc6df688b940deb2c3142e0,1160000000,161656231
03711361de4e9cb5db07863196dce5274febd90a73a06c1b5ec1449c4f12d9e770,8800000000,846349445
021b97b0099963bc56fc0c7e3b257ebe3c66ac7616dab1f3aa72e3208e87ff5d1e,12000000000,951283453
039c1cd58831668e7fd2b89ff2a96fe868470e360e813f7fcf27f170374e6115d1,5170570000,461109013
028c22277946baa6eb092ff9f81fddd8d142f41b313844827041aefe97e6f367b6,1100000000,135379675
02bf99b0ea2ee42e11c1b575fb3f7734f94776e2d68c13deec5ec3d365b19e060c,800000000,102469086
020df15fc426d9d3eac47c5fbb567b8d3c13aeabbd4f254635e44ca2bb69e75fa6,3790000000,156508726
0348cf4692864e6f3655a6a7c53f50091c0d3e2271a49534b9d0b7a2836b4f48f7,1500000000,179211320
02c4feb4c313e12e0012c6c26b0372be053a8fc6b64cae0f4c31b3442beb0e40c4,2150123000,337650448
03e44ac0b01dd7321ee8b2ac51ce53ad559559469a5ec00aa67e21389ff0927568,811262000,90193146
02fd7adfb344ab54bd8cb1a9b65bc11982ce457075e21928e8620878712a38f00f,6477667000,615633234
02b4c4fb80ecac3908eef31f390cfd5423434598142f254bf8d1c9db19d8e6f0dc,6415000000,866223320
03c157946cc1cd376b929e36006e645fae490b1b1d4156b40db804e01b4bda48cd,58300000000,6038263083
0237d2ade6345fa524a806cf8367a8c16504aecad5d6d916886ec77032377a0605,1408635000,144960565
0355809648e6e1bbdbfab0424d590aaf3d2fb4964c6fafc672ae1e87bc844fd16a,600000000,58179624
028872054de5ac348a848b2adb5aee318302c6ff41db785f1f135964cdb9174b7a,1650000000,196403911
039627555b1c62168e206ca10a196b9d779e6b0b6dcdd3e1ec24f7502ed9ff8348,1055108000,145744928
02a5deaa47804c518bb4a1c6f04a85b92b796516bd32c4114a51b00d73e251f999,10658874000,845928005
032f5a23e6b14fa921ccc654e784cdac1cb72fd1e19c1ded89d6902078dce1052e,4100000000,620747576
036fdf30295c3d9c682f294de07a11c65c40fe86a721cb04b061e7248542b01eee,1705000000,252703360
020d5aa19384870c795061c0746fa529321fce18e89fddf2b1dc28b17999bd2beb,2275000000,358752171
0379aa0e0a99e9964a34f1892c12562d1695a3cda2bcc59e129fe3fdc960242514,725000000,97404372
037a60bf32ce66822b0b1860b76c0e335292adee3e9a8e99cad5ac95aef283eafa,985000000,138812540
03aee1c8e5b11b25934d5a4e941aef143af279c033e95abf2e36596bb072e35dbf,1000000000,154931316
03ceec727344da88d1dfca6201b6e4c188c6ffe8a1a829744dfbc2d832942d1daf,403000000,48549142
034261d3b764f06074c5fda1677c1a3fced88c58e69b1bca617d0a8e0b1165b6a3,2715000000,340402094
034ef0cf182e765d0d73caa86cc2797a5c854820c8ceadabd236956ca6f38e69f1,7845673000,1177132725
03a3b0460644d4fac81e5f062719c879c89fe6b742245d3bf7e574dba68cca7a2b,530000000,39706728
02d6b13ab15548fbf00a5884eb64cd7c8e364cebea86608e5a60257ba766041165,460000000,15214305
03e4fbaa97acd71e3e28248a8e5070fb416b647c11c34244cd083f018849ebf3e7,600000000,60388977
03c427b8084a6d6eff87c757dfaf8103490a05ce021b59c15b8d8499aea623addb,1000000000,93491972
02c6ddf5098d30a17affbd5e2a4a6e2129adfb912eadbb7bc9873b16928ccd0a15,2800000000,388809685
03de193967c5242c0d519ab2fb6f4e43ee34b7187fb3e22b10151fd7e12970a6ff,846371000,128880608
02684209533fe20560a2783b9f0522fce3bdc547b8b1caea557ad598a0b4ea4f50,800000000,62976670
0225d5da85e09ee7f86b7176ec8df42a7f42b8723907553ff7c3feae19a67971b2,520587000,53985378
023ba45f4ddf055ad2882577c9b091f4802284092ae8be2b0f61f2eec5e2c3832e,5650000000,701667483
033639802eedb5ed2b28fad6ede6239302ec3a5da4f5d8784e9964d1c0bbf7f0c1,420000000,10944475
02f13323c9ca513be6e62051e0fa0d3fd35b4b113fe6be1452bd50b28ec1dc4b33,1350000000,358931001
029c53de76bef1deb94f22daca852568dda73a92b01b313de0b44cf12587829426,1336904000,218883681
033d990f81de27c74c712b96c5c9c4e32e13728fcb78063657a3c2101508af5e09,1000000000,102638989
02744a542a4b56b669a9d08e76deb70993c6ced7a16f062d7381ee5d0440d578af,1185000000,85230832
0224f8a99c01dae0fb027122e6ec07c2e298ba2dfe45b9a957f062b8648272b894,660679000,42486561
03a4e718d1091f55f842411f02ae5903581c25eaece4f6800250173b9d5dba72ee,2450000000,312662850
03b93c6ebbe0114ad6e1a18fa2c1549e6005ccc2abcaadcf0e00ba08f189857dc6,650000000,52226404
0371f9080ff4e9eea2a103bb4c96319c9c97fb12c46703118bef32e0b0954f36ac,1743098000,228420716
02a0a9ec6da7f909fdd38a7b2e33cdf96f4646bac3c0f204353be0b6a1d3ad8aff,4025000000,441189083
03c5af2c66c15a18df8d041b812d22b18f7f86db7b2604ac205b19f428b1802610,700000000,75656272
035392249d0fa141c2607f3e97df94ab075fd386916a774df193158522ba5a9146,600000000,78895060
02539bcb0e8abad109fe12562e28c750c761485aac1313742d0972f602e324c142,885000000,115630927
02bb0f2bb940823a4758d996fd196179b62a1c78ae809252905e78a98ade46f6a5,3404671000,280239466
027cfff2051ac87c54ad37ea53f0a2c5c357e8b2452a20d049dd1f69c93576150e,850000000,119193209
03e8099849c38e036c82ab4b5a128210379a34e4da7abfde2420bd54539f3626dc,600000000,62161069
03359252aa2beb9c5db36a3af8817818627c4e76f8d7e76c1db92701260b7592f6,900000000,80573755
03afc60135196925ffbedffe736725efb48c982ec44dd01dab7dc9770509d67770,401000000,51948238
031ddbd0c33f65855ff1a7d813a609a2ab7ec4499d718b98cf0fb71a67f9a68b39,1010000000,142852785
029a25d429c9d917d429df2704e31d2765a60781d37a3cfbdd1eec4a23ef419fb8,2400000000,482467838
0228bb276e9d4b4a9ede6755579747d78d832527ed34157ac64781ee950d3be9e2,900000000,114685620
027879e608336468cc1be4f017f6f12ba8c75941fe83f4f4ebb0d510f92e43fab5,2440000000,638841958
03565a20d57afc2929cd46d55f4d1a7f313520f069f50ecf26dd3d384f8e8cd4c5,1225000000,178629782
036a9d82967a7655c9b30fd152c624f57906eef3cf86e8e83bfbc5f7eedc6dc391,12105619000,1945187834
039aab5af8fcc758b03da3695d16d315259c091245377dc9a632209d1583a1f41f,987500000,97435960
02d93a3ebde8d24fb3ce7b00d63a9ccd160de2a40c905e842920fb236aa37dc3e0,2016042000,283363825
028cef280b35136a7942db2be07df0f421f99374cffc41988faeac30aaff7a341f,706755000,87798158
03e3f3d2b022fdfa2dbe87a42775edd051dbe4086fb317678fbc1409411555e78d,1400000000,115532354
024355035d9df9865d2d5f6c223f8162f83a04ec2faa2252c90159ee0d29489660,670000000,122145417
02a5296a1e84a3ebf3a7f655c85b59d90346b66ceb40abdbee07a7db070e259da2,525000000,93882071
02c746cf01c7f8687f54bc1780a26a74664f22e3ac2724467f103fa2a1450e7c0e,3839300000,395106554
0227bf336b0b7f745cc77eefa802e70823e048bcf25fb1772320b8db1048370811,10400000000,814994221
0341f67f6fd7aacaccb936efd3112ad0367c4e972b6af8a49d1a18e3d2851aa3c0,1400000000,231206784
0390717cab2cca098c8376615b22a6dd837b6bce74af740d01bf3eedf530dbc96d,525000000,32279413
03887fb03e24c4f0e5b43868ea707ae4d5a63747b1564dc4b5869c4cf7139500cf,780000000,18889999
02f1962328552371769881a9f49c192c0df261f3e0bdf4cd68a4f6d449cc6fd4ad,2906074000,501546593
03ad5d04d6be33a612291a92b95a06599bcc6fec9c3c0f959946dba00464c119ff,850142000,90863706
0288ba327632b62781589565e4f2079b436c1b7bf27a589a9d47e0822aafc9a129,882500000,138568650
026dcb2fddc6a469cd88ea0f9722c09dbb24712d3c646cd87b3a356fbc59303155,510000000,73162330
0216dcf7ddf2aa827fa662c7e88c9a2e4d67837c92c672fa6c7df5dd46ea665592,1400000000,248373260
026393adb3d4f4d7330d3982b1d91319205bf40d2a7e80a757ac667229d2ec0606,570000000,69707813
0247435b168de6d19ccdce4567b2a752768d2ac458c7b315f73c64c93e7e1996bb,687500000,52394557
024bd3064072ab4c79c8d5ab31be759574d0a0a5100abff005d3ae711ccc323001,580000000,105632639
0276026ded71b06ce6c452d3b746e18500bfcdbfbaa0456f2bbc185225f3506725,802258000,47043605
02fb477cb83f80d548d00b8cd72a1a85fa55f77576462aa2d5de631b311c05eab0,900000000,57547754
0294092a45da0ffef1d6ada8014c0aa4ad027f263e56283226969966e96013fd57,900000000,105996029
0278fd09993d66638de9bd14caed5c3ac5fae9cf7e1f00ba4e925ff94acbd19411,440000000,59432089
0211d55d51c6614117de5f48096392e4a5884ef8f3d2155922cc65b43905d43517,674626000,41596744
034f19760423ee3a41f47492f456038a94b979421003b132d8dba299e360c00cec,700000000,95329795
028648b4891ab197926e10ce10e7ef013937cfc05387ab6629e76918fd762922b4,636392000,52227984
02fec65f49fa55baf1f0f58ba5b8d8386e1acb37e6141412a845c58723e08509e5,621439000,85398710
02535d097dd9fba666479e8cb8683a346fe559334af7b1ce42bd4ab51815aa68b1,2062000000,87976030
028b73cf94e96875fc36d443f6cc2ea25eb7ab550de6a97e1c94fde3a5c264d2ce,480000000,28974004
032381f925743e86cefb90087d1f20f7bf2a338a4b5dc80a88e0412c65ca7af534,1057500000,140248496
02833c2d518851358dcc5000b45ab0e18c64357a825f4c9a009bd725a2c39aa7b9,641847000,95960485
03f831ef129b0aef4eafa5c40043633edd2908b55957b4efc4a4b6b556d0051361,548000000,18681054
0238827cbba238783688428ae4509ae7ca81fa2509927d1cfd114e3432140139a7,1025000000,37162946
02ff2c9a69ab2bdae7496e41b248663a0fe250551eaa79ccb5cb92257e63b433c3,620000500,101452279
028b58b0140300ada97319c02108624c5a68f3ec0eed9c23d8de497b4ae1a7590e,552023000,59495097
03c71b2d2f656b13cdaa5ad2faa4ea28360bcc9c431b4ac2652877aa83f3779442,500000000,74907911
03416a2754f4cf3b90f1cad3ecd1b77d2a79320f990afc823957adedcbc7d7f5f8,500000000,42745233
02c0458f8e06d4e781fe618e4647b1df6ccd7459874c0e2797fdc6a4727f075467,900000000,113473152
02ae290898af1ef11eec5eb63d10a31cdc2381b344e8db4fa82609fa9c6bf1bb81,950000000,203904349
0211a4d5d662176bdd384d6972e6acdecd35e69b7604963734c068fcdd5c631fc9,1515024000,379368907
0390d350f4ed908e42d7f7db15c751904413e8ffc61e3ae0b667906d71516dbe48,425000000,58399465
026e87cec52f8433b38adf70a98b9e688aff9a680e2d5552afd629e499d6180fb3,400001000,58944839
02e15b1650f6d93633d96c3fbe213cabc4fe2bf65db33295e3f96354a558ab857f,400000000,44029247
02e93cd0a13203d290acbbc7ec538c93c63cfd8204a8a999a31f5fa395d935971e,400000000,19423236
03271d44374fae2581810d11342472764ba5e838601ecdb8ec7c8e60ba5f8e14c9,406381500,22883885
03c33b2296b2d50a94dcdc004c8f5a6d027865ee458348e2b1ecc8eab60d65ecea,600000000,31118416
027c03012e294ba9abd92e40710f028fda5f021ffc6dca46ef438179c5c31ad79e,450000000,32576436
024afe7ce90b3b09a886e68b498e0593050cb364bcbcf3b4f97ffed0124cbbf506,490000000,38364622
0228e88c87c7e440e04cf82cbb06d80cf54418bf7f9ccbce6323c9e7bd9304eb3d,400000000,306848
020c6155b41e622ac2c1b0285a52504ec9e0ac254f5a0bd6802043cd5f9b2e4a57,400000000,19290880
03c9464b5247f03d0dcb3cf3e5e1b3c5dc83294b2450edb1754ea0b27938ed0b0a,400000000,33256879
035674f5f41fbab5b00d8f901965006e7267b785e6d69317efc9cc1e123921f60b,400000000,55452397
03ce2916046dbcb32905efe7ca44a3fe824f2d7fb458ef2a5392a9fb2851b3d6ff,400000000,34735112
0304d1bb24886a6750b254350898762101b36ff112b3149805aae08e5a097c4b9c,400000000,25065807
02ca29817bac5cac709cd90b5366abb4bd7a7cdae3b704163bb0d26a5114a1f390,400000000,48145798
028822691bc2d9a60d8ead9ddecd2e00b230f1b01536b06a5303310f25df45629f,400000000,13047312
0231db47b1815e2f021ce5fbd6518d07c50d1a4ec07c2d1a273e17b6b12fc46d7d,400000000,18343724
0233b0c6edb5fc4c734cd2302dfbcf68b4d9fa7cd1c2ff48bda63bc612b18d8cef,400000000,10061727
02963f40be8c763f1f89d141089dd41f1b973ab37f71369cb487ac1b5594092c96,400000000,7063161
034fe7261cd2fab778453ef67c0eac2185c0d74af386bd68beb83f199cf2328641,400000000,13916102
02fe66dddb3f74ced0916989d5ddef13f8ed839bba67259597da501cef84898815,400000000,15148154
03c8bba5923de540feac5ab995403163fb6dd0ec27a8d5e47a91220dffedd12de1,400000000,23861576
024ad4c7469274a8432703ac2bc153ac87f392693e523c8474b47df947d6dbefa7,400000000,38015405
03977018c2d36a56160a51bc494f8d7ba7217999f77ccdda488eda79fe678078d8,400000000,43768173
035784402e6ea980df8ca6d529ed771d3fe5b8229c3d64e578533f6761078835b9,400000000,24773568
027c675b5a01379ff2d8eedea32ea60fe1f8c321b5ee98f3ef968b33ed5264b554,400000000,44344309
0382b9a7194d38283bf97566bff2f4c0c8c16646478541a87f30af14cfe3661222,400000000,30490665
0225713e53555a17e9d88e0186fd6c202f86c24ea703dc09f08d503a125a86456d,400000000,44713930
02624e4de239fee1c433b3f21ddde95bcec3585f2275bd05403669c98ae305e7fa,400000000,55693547
02d916f3c7991d6e8ac705365cdf19e713213eabe662a5de5ae175c8a111ee6502,400000000,74919337
0318f775d0b7624302ba448cec6e35649b68ed165bc0700d6cae43e7d35d17eb96,400000000,70248876
0235ea8691bf72ae389f921fa0b1baf161764ae6ded484d8c35da8ccab66b56f31,400000000,44221233
028850b11542155adca4dfdd339b254b678633ed80504fcfa29920fef681078048,400000000,79620699
022f401b919719763b11670f1321739b50819c7aecef8419c85e344b1e0c97d414,400000000,44694911
03e05de453195c9b2d10458a810b4fb49d356e1269a5f182e39253afae8e05f9aa,400000000,59907990
032697cf01e0e233d6813ea54260a7619d1c5152e4f381f0cb84bf162328d9a242,400000000,19656857
03a5c63b7879b42e120f2e2d690d8b8d8ccdc83356789fbccbecb1c9f075331938,400000000,10249330
0320471748b2b3461d9d0ea26a2049fa84e3ed56b77f61f7f04d10adb05c325f25,400000000,14987780
039235c2fcfdc758b5118edbbe4b70535e0a68650954b535b3fc749c522dc8dbd2,400000000,78583688
03559bf905c3e0bc308ae0e2bce1c5451cb1c1c0aa6386cff31f62499255982013,400000000,44067956
0201fdf6b8e69bee8133ca145f29dc9e4dda42712f5388858f46838c3de2d4e6fb,400000000,65007391
03176ad5a9119a0e28a83594bf0a83f5288ed8e206d00e6d6518228fe82504aac6,400000000,56912771
025ff208a82fcbf51c39b1312928f3fb75fd65efaed78732136e7f2f931397776c,400000000,18418609
02aaa6b229cba65b540bcf0d7d6eb1724a9ed72e632f66ac2dfe6e7b3c2275fd93,400000000,8135720
036aeeb1959b270d3ec1eee54ba9921bfac510571a6d7a26d823fa1104a9182b0e,400000000,70257622
02b6b457fd38c4f539489455034ad001f87403d99f144a1e2deaa7774efeeb1886,400000000,69213967
03d805d0c6ad3306441c8e8c076cdcaa9a13064ed606376282cd1154c1ab0ed9ae,400000000,32169525
02bd374d2e1e347adc035a48b21ee1ccbc4060f96e118e234baa585125e43bd165,9120250000,1088502246
03e8b67f649c4abf94cb33de4c605253f6a25c1c632885c2fb6863e2d46579f2af,27094000000,2502038190
03f6d7e19069227a4cfe3780aad414954d499459c8bec5e01ee37f2219e41c86d6,157082840000,12915926803
02236ac8bf0de7e17b1a50b5229985a67d16bd983169f93b9186d1b1e2e33b4226,11670000000,1517754460
02854fa7f2babfe819c8f715c8fee50a15762236823328f61207519ec6e5e09fb5,4144199000,744226826
03aa169336148f823652a31c6b7673117a11fdf6231168af3a8b6fbc06ac4edf6f,27883624000,2465820335
035f4a5671b2dcab14b3e610ca916e9864c3203b8f4bb825cd8b5732e02f864034,27205509000,2783666474
0307c74dfaf1823e177097d1ac5c64706845220bf70a99a4fbbfa2366f0c9c0926,7558875000,902198499
025440bf7dc82e2b5cc06105dee320dfc60d10b593e52aa8e97cd43db920e79058,46432467000,4116914676
03360499e0d9c152d95166fca8d6989ff6bece771ab8811d9a9082e86ecdba0faf,20758389000,2384144945
02f51da640436ef1079f6066dc7cb07c6c164aae92e4d33019aed12db7561df7bf,5998471000,459027946
037834fc053583fc6c9676a52e53cbb7d7c9409d5b525bc31549d62188a41d87c7,4470017000,419710855
020d0fdcc9cfca39aebc7b6fd5657cef4bd5287e571afd6317f0b0a8b4430e3c00,101517250000,10599186095
024d7055085ce84917cec4ebd7123811429b88a19b3fe64ffc2cb572baa12f8698,20000000000,2955958150
03bd5f9ab14e25946343e554ca447293b3a03bfbf9ea8459e1540dd0e2720aeae1,174000000000,19682702981
037074e315ade887ac91d7156a6ba9962ccf120c124ba9a9051b0bc7a8e36b76d7,11220185000,984984481
0265696f905c91970739c92f14da3f82dce8d85936e8be1cc04924ed06d54eefde,15202662000,1438487180
03ed28a7c2654fe6d654ef39d6d25d87b6d0daa5aa6c03717853c73101e5362cee,11301746500,444704387
02ea01e2476f9c6c69f720e369aa302b43e5c101423d7a5dc9f0e5834d1b152fb7,21327340500,995621699
02780ec58678d2ef12849d8d85bfff387653396b850f67d4f05cef32a7c8fa3bc5,2000000000,216478969
02bd05fbc53171602359e9bcb27fbf067f137b080caa7f25511b22e6fd46dd4e1e,2000000000,172616835
0270cf65c290ba54910af70eb24d758945f1b712584708c1fd35112e16682c17d6,1080000000,72459300
02a9d8df01ed6c20196b379055242fa7ea9619df90e7201cd2243dc801ddb0ef15,380000000,39649986
02e0e951b20e9f7c35b840722abfe82337f7f65b4953e063a29c46e93c43dc4706,380000000,46876005
034e5b3853fb58cca15c661a34f7b6e717efd35fca703283fc79176fca88beb553,15575838000,1508242231
02e5544cda426d1dac8e5237e32eec59cbf93b88b76ef94ee7ecf8f76a5358fbbf,90770575000,8922597214
0265a117eae4c283e2a37a6aa5873d6e3528563745feeaee0a007e987e65b906f4,10340908000,1150284716
038d8a19dd1b5af1257fc9c10d8bd1e767e2d39f3ab5218142c542b634a21468ce,2380178000,286287533
02b18040bdacb30cb0df8db6949cf447fae29d9342999a7dc2b73c2a917fc65a79,20507484000,2493603789
0396cbb6ad2d46c372693ad375e2b1cb22c5b83046b712cfb37319ae3d26548193,4280000000,337196003
037d7494f666955d305c09b9f3b4ad4288c6278c4b336608a16129e94e662b3c90,7800000000,606827668
03ad5c12dd01d44981b9946575fa79918c9a6d7b3ad4678172d9fea254d4a1aafb,6325000000,624771148
03736617ddad367291496fb46138498b675f241cb496c84c99ab153870c9a1ac03,35409269000,3405428175
0391fc5da8c9fc62c791428de04114e746b67bf7d778042050dd4bc03c79688739,13019420000,859384168
02ee8c98a78d8061f6c9c09a9b36b05e02e03736609ea5e5eb8afdcd7f7163c50f,9000000000,519762112
03b364b19e60dcbc0063f0ea15e2cf87bdbc4ac9e4e898049652c3e8e3c04f3a6f,44321450000,3811230366
03b1880f56bbe6165e71209b261e0cb5d56b5ea1cf99bead663af1f1ac960cae51,32000000000,1495142218
02ec23c7c0c1adb58a46f6ca5a5acbcebfb2972ede2ed6ba73de605fda5288509f,21352215000,2544891526
0333a4a1ec6ddb057fdc26c830ee0e457ddaa32c1eb476a8b46d4eb1a592f70578,21839737500,3263378005
020448b4484b96c57f376a077dc73c6e0c1f229bfea9c19d217ff54562b9cba885,16970154000,1893620367
02b56712f65c281a1eacee0bb034699a716535a1c8ae1c912e232893d4ad27d3a7,37508645000,5979072443
02f53404e4b1469288b70b9cfe4b2705c06cfb6ab5339870c61c96a5c3373757e5,8102140000,1296995619
03da5e26d76534bc012ec44326edcfaaeb61df147fd8708936df647ad1727e9826,45355000000,4640347036
0239c632be92f7dfc6fdfea242daec289ee2f7189444d3b6a6e43f33545d041b2f,19927215000,2985205253
03ceeaec6cb017d1ea8ad04a5dfb3facb24a28399d24624ecce8f319973de361d9,66086000000,8988237467
02612b51b61a90e19ec4c6b0f3409e58175efe66cbf665df7805cafc84aee3a551,71218915500,9081725263
03e125d8faacfceff63d9878b27302ae9e20a3153c1e73185d9efbd934bfcac2f3,4802674000,308766063
03a80ea54b23b1086f7b08ecfbae9cafea18c32d93c206f48d46f57c9e38686023,36667673500,4195612629
024574f532c88687b465e707a0a16e291ed16cffbb3c7c9a50a2decffb9425fd47,29460582000,1469889700
02e4ac64b189057e4ac52f39a550c97c918d99af6d0c10d288b8af5a6b942a1b94,8700124000,1187869221
02c8d60f7b374fd20e8fcb6e31eac30a338f11cf6c0075cad0307b5311f5b9ab28,6283099000,347965157
03dda30a922c0dee3fc90d296366a75491e8f7daf7a49b57961f69af65d82d67f0,24530034000,2788765115
02c0a6e4f7e6d01edc5aa14f5445cd8c87c478ad1c72fcb8b594d4989cc2a1fa9e,37404331500,5513474357
027cb70d9216bd2d800404e5531e8f0e67490751b9b583bbca0051b951ceeebd27,11804474000,1952315312
0229bfbea3f31a9b720b9da68e20b53c692860769e446f25daba27f6e9e045ea63,31716567000,4687462051
02a9291084cc64a75fd2c0c5adf6b74058bfe169285307afe0ef783eb31ef6e3bc,23000000000,2694655577
024a984e3079f0168fd7ac9469f5095b24cb2574e5f41a76d601744622b5bc50b7,37520618000,227444742
03f18da23535adee245903c81750745197e3079d3b88b3898981c90a5f2411008c,40088374500,3767336299
0329c723f13525de7e67a8130243c4a214d6693d84c910c01ed9127b7230d709e9,16212500000,1761029878
02a4ecae175a29fbebd6ade4a8ee5b73b8b522ba69fa17a2bcd0ddca996ecbe776,5000000000,668981125
03d1ad1aed3692ce19b95a3e2c71cde91e1d339661cc0af83b434b5baafd1e6932,2578944000,274124233
0323275aec51c5912be718103d2e26d239c477bd7b8a24eef59bcbf85c50735ce2,1349500000,138733990
034e98238188a0f3e332bf97333f34093a9de4ec5477c8b67857bd2f19e4f61f6f,5600000000,744920145
02fd2ff4e1e9398c270e59e4db2ad70ba35b55054d4bd4f6c79e89ada0a7e15da2,15948462000,1829100291
029be51463239591c3c510cbdc3c73b8409f242376cbad0659779750cddf8eee64,140000000,6142380
0229cba48d2d6347bf114f1933f788bcb9df9e2fd3ac2bdd0a711964ab9abed48d,2300000000,267860420
02ab0f9f61c4e5ed79d14eb5fae0f9a1095e450560570d78bca7692f8073374c00,13000000000,1355393398
03ef9148e4e0f120c55c05ed91f77bb1adf256694391bf81a07f835a6384348dd4,60113293000,5854689319
03101e0be9c1875924bcf8a6983553afeef4d32e4b721ae3ffc0a932e102e34370,9212134000,1419364165
033a7fca1cb089b33ac232dd73c2c32aeacffe16319b72bec16208f3a9002e6d17,24853014000,1691077983
02630fbb8c0483afca8ed447e09329831d82dbef6b7a6e5365491a9412156f4293,44799998000,5068103387
0200424bd89b5282c310e10a52fd783070556f947b54d93f73fd89534ce0cba708,19278240000,1972462616
03c4a212faa17fb910cee135ad7455a29f087c3d37ec2b05f7ebc27e0e6ef99f01,17898084000,1768872550
03fade89a6b6be2d851e965bbb4169c1224cc1c3a1134eb0188662d924f305ee6c,3100000000,270947530
02fc1f8c244c9d275f999e6f0ce02f8e46d8f31864e9c899392dac5260ee45d9b7,100231657000,11492592567
0205395fe761245a93f7f38e6a0d67b035642733d81903bf7b5336c576777f536b,53097223000,5486240640
036173a1e6c721ab524701a6effd8c68c824d9015f689a7826a4499e70e7c6bd84,12000000000,1174490524
03ec34cdafdf196afe9561fa3b98b54fbb6dee2b80e656ece9761f6623448ca833,11154968000,1392871862
0361373e89c24abb40998754e3d313543f8308bb254cca965eb8c95c9bc6c2736d,27704957000,2759580878
0282c03304843150091acd28fbbd2341d73571004ecd48b1da1e34844010c74f88,15600000000,1278749313
0297bf72f057c666107a1add41d0a14ef261aff4344c5e9a6c660cf99e916cbb50,2499777000,82345812
030afc30d5649b0aa89df3482e73a643ed2ce36d9e112c7d2d3315992a4364a8bd,8000000000,1102759170
028edb80cb2a4cfa10dc72fc0942ae42575e484480bf53c6373fc4d46240bfec62,61398907250,6167363236
025d749ba3c2862d2103abd6e0aaa24d8344e3d2906a14cd72c2f2e8e7787eb2a0,11772386000,864077272
03b9284842725ab90ad87ffc6d7fdda3901ed2036cbea639bccef9647641ea3d29,1850000000,230809056
029e3508ee0579a5aceb3bfecb01839fb1309fe67050b26d9ce9e27323fa2e66f1,1585631250,184817004
036f49dedc3393d0b9def360121d22d85f4c8d8a9d9be39ca9099f8594140f9028,2100000000,382843086
026c639f349153bded21c4f2c5f354db86bc09d58d0421a3aac23a802ee7865c34,16412500000,2135915388
0243a06aa25a90e8258b5a1056bf63b8de12a7162a5772d13574c1fef918bf61dd,5999886000,353833377
032e3a79dc1fcea708708fd9c0e8bd0cc58b3e94507bea33865a92fcd98cc16537,21687101000,1649467379
03b21be5c6bdf6595dc396bbe9a2ee03f6f756511eea3195255188ba253435c2d9,19162500000,1954104164
03b9a80dff08738625d887ed406556c009698c7ec182c0ce1e8494f77385247218,330000000,11685208
032abbec49e2f9bc8b2ead9e3fd49d40ba1a3c8f51a5a959b65b056ed6d55acf53,330000000,32288742
020a65838c6e5f392b4fbdafdab0e8e7f13c2a7dbe0cbcbf1769efea0aaaee26af,329817000,28174729
0250b847bc71f6d3f13d6e440bf823d4ad5b4239d1d443209b8d40501b6d570e10,32206266000,5509665049
02b7f410d4b9d62c3e94dcf8d6b7e960e44edc21de52a5c3856c99c8cfbcb0b8a4,42365000000,5270139063
03333700ea7dd48f2bdfab9f85de011803ad964fecbd58c56c48cc759c9c8f5fe6,28857499000,4940546469
03b17a5af08c266a4dd645a399c65d9aaeb059b2729a8aa5e0cc0c76597953d57f,19989684000,2812326030
026e186f6cf00009595c9083980304f0be65c8c3736b63c1c9135ef9aa952f644e,22000000000,2778267930
0391614961dc05af1606e8e2b503d3e01d38effbcbc06f1ba4708fc4680dcb3d5d,325000000,36365216
034aae55e33ec1cbe138010b954798562a6d676b828bb656bd3056e0503ab12af5,8860775000,719649727
039275077ccb580ce7892515a06d0f265a3cfdcb2d090f2e0d5931a04a5da67a33,14213404000,1208596592
0213618cb2c5aca21f09964b48d21f64cef6559f1bed3bfcbbf570509709a3b4ca,9620000000,787492495
02856d85fbf903d4b2bca3522a3feec72d0b3625fc2221340d164e63e4b656dcf2,9446412000,1677449152
03c289617a34f065f11893f90373bd7e449c28886cf9772d0d11034c96ed9c524f,8218000000,1213827259
024f6eaf1a1b1c1d276e8f18f132fb3314606b6db511c9aa7aa8a31d0a3f3e3860,16575434000,1522625316
03956b58bb3b7125b9f9cb9ab283c33917e7fd760147acb3133419d2ed068966bb,4271481000,582381706
03ce16b71fb6f70b30321e867bcea9cc52f39531380cd6673bdd8daf257da27e57,134453283000,13655072396
021f5bfc335e949e555e93a1532b670a37ef7325410d2680fe5a8cf483eff161e2,47489333000,4228479491
039f7b7859c14487b705ccd972a3e1522491b3307c3aec72dc0f536a3d08470263,4000000000,465115307
03ee0141f06c22d448ba6c9b2c9e8247e72239505ee1b47ff852adcf9ee29ec3fc,7100000000,1878140533
0334275c5099948773f87492c2eb3046eda985f5329465c4d8ed1f454d5970d7cd,2121000000,209201007
03a3428ee7e482651dd2adcd13eb98945f8fb99ce595d17c95422aa4c674fdc10f,2279377000,452462203
036dc73e35c7fb520e8cfc8efc1b9e3fbab1df1a337c80adf8077f739e2a17af43,2100000000,330017026
03f270de0897905f509e615e720467f99b2e38a5ad974030e3c9ea98dcfab653e4,2000000000,340897268
03fee08173da89847354beb9157f1176b36bbc48046937d00cecec9126b9722c0f,2000000000,7466825
02a9669c920409f23183ed29716949770dbe32f8274c0fd79b2bc65838d31f5ada,24811294000,2262558100
02ce5b45077985a4c6e51f8e6b4d5d4bbc1f212de4c90787b31e0da79321995ee0,3646704000,589237994
03c200fda553a66336e44c6ecba76b4a8fc659d4bb19605cda5431935a35bada60,14440000000,1205705984
03c95aa163e549d74fb9d865297ae049e8bda2b57ec51cf1d479c1598134357602,17003500000,1267317943
0208fb7f9d909c9c9a4d9f83ed150bb2d2d25ab7e49c4b7abcc22c7db37118bb31,16503469000,2057137072
03efbe7cb6d093c94c4ec4931e22f91cae322b6016583b37f22fe4c06d2022691d,13056489000,1505418502
024bda1ec91b277d311aa60d04b1fb856efcc7897c876746b680c1f985fe973f73,25285750000,2264061510
0335f124fefbe54a0a62fc41582949ed808c3d8f35a75a8003e6586444c346b2ec,22000000000,1702585197
02159f4a5a9204cceb648e7a051864fafb1b42d7e4a09102e6667bb726618c80a0,16334131250,2230582192
0301c3924df01f1a376ab20ce9273ee2c4a1f2354c3400e6357d3d4144981ae728,38492210500,3279216394
03afc887dc433e3778a8ac1d4e160e4a883fceeb9288743f6c3f3bf4492f689d65,3250000000,349648372
0382cc8f395d43bc2b7c8f539b5ade513724d4653be4334421af87638830cadbe3,4500000000,346102139
02ff7c3c7e6d55fd0482ba41d7e24781bd89aea919b4e724cb757bec2f0d020842,2597250000,270754952
035fc1f06b55b448eb9f8dc717b98784119307a6102952857bcce1de6e4810c8a2,2011000000,267988476
0264dd95282b3d8aeb5e2f030caa058c9579dfaf3f8c4da2b6a94cf8499f3d0cb8,8250000000,1022306181
03e932ade6ed7a977c4f8d5834e279080e7181e34e17ec1f7e5fbc597aa319f781,1152500000,120677034
02987d39dda86bfcdaa3f3bafc3563e186ead9968d5ccb82f7cb7bd262a5c0aeb0,1211551000,113534426
037913465a4ae9deb9c25a4189d4c31a9f4ff5fb7d913c7c8f9907157a09f12c11,8950561000,1248690101
0340564f388bb95eaefaaabc755ba4d8ad9bf0b052bd6cb55d16bcccb921f2929d,550000000,35727965
028e64ab13ca77556ea41dd70dfdbb33e1d14031b4d6685363aa75f713abb22a91,300000000,50858576
03320c942cecc9366ac47dfd9e4328c2f1c6cf26caa647551c353263f65a862f46,300000000,54135425
0302dcdbf91e5bc2cf349d5be50008ae82cf4fa0c16dc8965367a43f0563de4eea,300000000,23516492
02fed485de7a08a56d363b42a4ec7836392183892e5ac5d18faed38ede3d58c670,300000000,47575013
03ebf694c6a73cc12ee13c8e73c35694930a4a1af159cad0040e6222271d9f873c,300000000,58636178
038ab886f53a90e725b6fe31cd8fcbba16f3f737c0881eac1f01529a14d26c4dc7,300000000,40920570
027b832b44d2fd7c84b0e5dd5c3b60e54722d996792632841f68db96a752565a75,300000000,58797827
029104f6ececc08df799be577709e59f8ce8ca5ec0d997bd94ad74f1eacbd1558f,71630000000,5794874897
035e3aa81503b67d61589270c043bcf6dcf083e40bc8630eeeeb08f85570be0fc9,51002280000,7195823252
029919d17acf85526a216e444f74952c372811820fb0872ccd8004e21dd232cd01,1600001000,69805977
02f64aca3b9d52e2f2cb0f137fbe5101db6eac4695510f32ed46c50004b7ca1fa7,35554430000,4810577560
034bfcece8861de39f85edd954de0ad7b54e3ce70998ca173f915e0692324efa9e,8000000000,1097318138
03b6711eaede09a2769e93e1d693c25e307a66cf0bdd5b7d16b8f252553652ac69,25426738000,4209704929
03da97ca927ea3bfde331d5bb3ea150073425a00be49930b1dc9271cf1a15f160a,24737229000,1601577551
03dc3180a32b1278c15e1756627f54bcf0128b3e6dcda10ef6c1876b55ebc976c0,800000000,129859660
03fc6dcf34947ad5664fb42d913c31fb268ba6f75681327d200f7a3708855b09e6,3100000000,244582057
02ed1c6e756166570c923e6447255834b427195f6aad3c5f4797bede70fee6e2f2,8003633000,1453718929
034ae9fc4029062f6b029835bf1ff2f4765090118b51ccc4040c97763e077318c4,22029820000,4132723246
037965e3bcd1e240caf0ef5b7eab07d9f281fcb8e35ef3a868a977c5cf489f40a3,10750489000,554812214
03eba3295492a69621a2501675b663c7051f6035b52f98f0e911475534f105e670,154724500000,14758815080
0219ecc0ab49be9b91c3c302c99a32ddea784f352f329451e2ce7a7dcd461a684a,46125000000,5861841563
03c7d66e2897b96866fc13cf42ddb06a859d92ddd8d78790a5f51102562787f850,13018635000,1069560572
0376bcc951881f74d24e7a95faf07d9012f5e64a184602e721ec0d315c11148824,10000000000,1915025073
03bd66e7a7a8cc872aaf4fe6df28374bbe8b4cdf4af5400d13b92abf2c832d4bb6,2880000000,271127945
036c977839833af6b6994ee2c9a7155ad8c256a114378bb3718c3cfa24384c867d,10966759000,1442410933
0306aec8c054034e9490fbe398915987de1e1d9f272626496dbc7cf3a2e289281f,4670000000,623743528
02e6a169b0826dfea51ee8bb81f629ec7445b267ef36354f2dd5012e1e8b69088c,590000000,66527571
0206722d0f786ae2bf4779675b5b7d91ae334fc59992f98528f30a83b91e3c8b8f,18779818000,2670625898
02d80f85712f8d2cb06f5b6a9af91be2c95d876952b23e1d7db7c3d27ae1257f9f,30777215000,2887961357
020f783884b19e86705299821c69638a4406e1f35be66e34c5a08a019d0d86e36a,5964003500,817100065
029ccef76c381b34e0dbe6efc73eed6e1e42ad266539cc7b0979b507bded34fed3,290000000,40385229
0294b1c23bd0d03bd3bed62e43d5c85807375e9722b9fdd73db855ddb26b165951,8348924000,426125101
022c402216eee911831d0d21e8ff5d9f2ac664b7c24cb674cf9e90b00f99a3d7c3,22525917000,3807117746
02f0a993965c0211bb8a108df66472cf9d2104f5843e3bab8be585a82ca0640c40,11561332000,1131765799
03ba893115b72385da680f47ec09332532f6fb0cbd4c2f431f4d5206787abadae7,20641668000,2782638229
03b247494be693336aa985f21ec02cce3e926ec16159539d3270f6746a0a8ab74e,21764177000,2274675288
03478eb73ccea80db10420e4c09aec8d5430e72639481a79b3121197b67be6b6aa,7020590000,514292862
02ed3f7217b60e1e133a9190d39f4887113fe90681b1b5c12624953f3cc65b4f9c,420639000,19609155
030457db94b7322c94c22c9645edcdfab20d483391ea5ab7c73cc8760b49282031,13999940000,1289443742
024ae70b66b76f3768cdb5b6590d4bbfe4163ce230b95341f8dd03029484df2904,61255000000,6229349626
03457e7edaaa5a9d0d72630f4f877b42f531b5532769345d055ed566bfe1ed2a3e,23319420000,2662150033
0332bd635bd49a1c778b9285fd0c0a1e9c0ec8e1c8414aa665b9b3cc7e859fda68,280000000,36753525
02a3cdfc7c6de301e371c2a159e0c67b2b1d4f695032bb8705edfa048ac0cd8ca0,10654807000,179169795
02575614b87545b38a7c78b33baac2fd0a5b9ff1a26a43718b7a4ec7c218a4a8bc,8000000000,588095271
03b9fe825a55a1fa652c72b710eaa70e7a356a578dfc709f5f41dd761fcba03562,41265000000,5950138488
03fb972d2f3f7c3e8cfcb1072c0ff919bc7ba81252dc0799873468c5249cef52b7,5989990250,927468838
021d7477153209bf1c81060483b4c2519bde173a18cbb3b7b94fb552b79e127323,12422607000,1806590500
032ee599ed949fd4e0e639fd17f75a641b27843fb3b983d0e144ac958b9996713d,10044000000,1367920006
02fa1e37c080877433596f4558b8618f17beaec2025f69d15392283747a362ee25,6521135000,960937899
03cb6b0e532382a88fb044ad37628a203c121fe47941c8c2a759f06243b73de701,2150000000,133873495
03782998e76b6e881be5b8b02d9d25a17fa84ca7b551197521b34ed150103e3b28,3100000000,428456388
02f3c32b3ecd2e258bdbeeab5748a47fce7f8b6ba4e169511fee5555f9c6ed94c6,13071337000,2329205882
02f31ff9c53e1773431f248ea81b97f09f98bb8798747e67e9f080d1d20b7d644d,35691511000,3173768453
0266646a66606e5186c014c70256393ef6808636a06232b50c16770aad1c511d36,17000000000,2360320695
03a2c34daf010b3501daf704b5a321e82e1631421b7ffa18dd49014967eda82dc9,4326854000,485656526
03b0318fecc7e8165c49053a944e5ceb9d4feb0d08a5db78794d9230c8c8193513,20500000000,2258586038
028ed014b2538ac28e60e50e1980153d3796224719b6a17197e33ca4460df0160d,129411096500,14347386880
02b8db36a01866d78cba98109886495f3c13c4b3668a8328b582a0c4fa460b4e8d,8072199500,681177469
028e5fb3740a727132fc35c9fba88543f1494b82194b18341784eceac1f4f740ad,36167037000,2774139558
034b6c98d5b3322b1b0d9f2c0992879041e82e25ae634a81824e6b70d65f667616,101868634000,7609634547
03a4f8a1c638d09d9d87eb71c16ce8ee54687c5381a858a92d66f21a997fd1195d,6034124000,779369087
03416db8f84f0847118d6b8d35803099110c920b46707bc98d108265a5121e3827,9765118000,485287953
032e65c456441da55db4c9b3ea863e60a154afc4bac2bdc96dbb25336779257b38,75499058000,9201104944
036451070d1e39dc26b8d434af46771f7f5c95fba129e16949109fbd68b4c5d78e,556678000,86993198
03c01a7e406e5e2125329a56b2077d7f6d8fe3ddecf737d470f9e9bbd06fad665a,18079218000,2005481076
0356783c5002aa07a5f7bcea275336b83698d2c1c68cdd3fa9f707b1bffa68042e,10511474000,933732338
03e3fd8a68b7be7e2dfdb49c2bcdd37bab3aee84c956474f858eff438dae5dc805,9200000000,894226582
02b15d04a0a26f417ebed44728bb3f7710a90e7575ca0c30a2e293eb7048cfcb6f,52921499000,6182541854
0293423cdebe76a816eea3c8697b15ae8bd702e19e01798cd7641d5ccdbfc79fa2,49715000000,4989843830
02a93e1f0de7e4eb4b3b585aabbc4a645558f6e73359be384eb3b6097113ac7e4b,560876000,66096735
024564c625fd945dca4c9bc83964bbdcfc34dd2a87e6bcdb1caa8081a8ff822595,4450000000,444515381
03619d89f577fb20dba8603092de628f0d34733d0598b4f7818cc61655edc84acd,6894188000,432694373
038d41dab92e95ec7b6b5026f4d8fe67aa892fed47da48a91d7d1e0ae16070751d,40621875000,3538816169
02b79c26c607b6845b2d0cb53a75f38341eaaeb2e64c668e2b07f690a181ba5e37,3300000000,168739551
036710132b1bc7e3846dc770b14a3550c7cbe64cfeb91b4f3a31af9ee22d4d27a7,94205859000,10057137629
0301d3988078be3cc52b1e4eff4b3a81531f096145d42c1ff21963fe3a40756f15,355000000,27435774
026af26ca2d6c61ed8f918352128ac4016ba0fa1d82f04a4f57f837a7e5b9c10b0,4657482000,639472926
02bf595953909b6cc1b994928e2115ec2430c2d4a3eb0a1f0fe89b36f5b246ff4b,22817608000,2036255326
03a219ba0d2614168aa1876a73c2f4e3af582b5feac98496af3183a13b3974c46e,25141993000,2551307828
036eb7c2b4e273f8ad8e2ab0e9f8aa799755c78fef438e7562b980efe239054078,4736441000,708889302
033719864ecae30f766a05f84dc74a88af6a268c5b8289e6b31bad4d9e635f20de,47795852500,7130908240
03291ea351719fcbf91fc6c3b79cf59de366a4caa10b8b07d29fdac369c15c9536,16590000000,2049462957
032584ad47c2d2476f1d44f2eda7162002d34c58571e7582cde0a5a5519e0bd03e,10200000000,1693379091
034745a4188e25db811efae00ed6428ee83dd840fd6c6161db4865d5517b2ebfbf,700000000,101259124
03cda025b8822dc2a47b6f96518902540bf41a8ca55373b46e496528bf31dad157,13000000000,1826359165
03732acfa93508acdf4c0371fecccb9b35ad58165501005a43188a8c9b25186358,1610591000,305340083
0365f367e686a57ed1c2a2829d23e32e6af333074d49bce4418009a815c14f7ff9,22750000000,2247483807
02406f1ff7495769a9e4190a3888055b43c04b00c96805456faed6ac72ccaf6b63,4178565000,654763954
0270f22c409519f09c7228b7da7d7155e3b7385c3c7483ab6248fb0d3b99457668,3889451000,197509180
03bf8061805149f6a6c1f77e5ee3a7fa0e898f67b57927fdfa59832979d57ed0ee,11595420000,1811379613
02208e802b3c514bfe67b3e2190b1340e9172b7556db31d118ffbe68afdf89f103,24213466000,2272958304
038a862cabbd6f2543708d53a14bc3d4e59cd4c305004b44216d024e2da86613eb,40125690000,3139352467
0329172c0138ab2a89a0b539f6ab705f6445b5fa3965c8423fbeeb3fff0d12382d,1100000000,85347921
027f36a62e74a3467f08a156cd89f686d75f5d903b746cd4c5e0c72a15968aa811,913322000,62714260
024e62c57c078cbe5def8541fb53a4fff015de55d49e1d057c9c02c7b41db2ce07,3307038000,240402207
02abee897f5ab347fb917b30bf184c4b3ee33bd81d568958193f0cf3b7f7b41b44,23207750000,3359391126
02c49429f3c6ff30ed43eb08d00325f5d83cbb059b5b69d674c4b602c606d315c3,4749004000,558667847
03255936a5525f83e683a6458a71b742378856973ffc8261a597a2e486193a16c0,900000000,144671309
0228240b5c9859415e4e889c6a9f71f165daf072e62173acad43cb36befec9bda4,21555649000,2549272909
038954c5c32cf832e72273fda402abf4a0d3a6dcbe6192cde26f580cead01e9fa1,40021299000,3914583605
0297cc49557f8bfa555c6e82cdfd5f644cfa6c3742af8d880a9cc9a09a092ad097,524126000,52880231
030e735056dd6456ef504e83cda98556ac3ab2b4aad421210980aff01a86c9eb09,1973902000,266844107
0329462e37d5265c0fa715b1a465c29cb239129e0698bfd35b35345b7aea955c1c,25973920000,4064650429
031d244a60d61936834f290656cdf0ed4b9979260c19b07804bde681819f8e14ca,50406822250,6328484035
02a7f9c7f87d03be03aeee26beafed72f1a8323d111fa1ca7d11faf16374e38e35,500000000,64666033
03472d3e488f6bd2e33b4992ce75c211393ba1ac66a4270cc26502a6fbac646c99,1977500000,321966107
0204c7c3957c36fbecdc6b3c64f4638fc030d5052ab13fbeb538b4b4e2bd1bdc3d,550000000,57842326
030963dd7331eb704033fbe5b1e380200866c8cb026e3fe10bb4e34fcecbdac7c4,7300800000,599427807
029d742f348dccf97452ac8554de9f1301663ddde7520a75589e23855c9d28c61b,250000000,20001582
037be063334c4d9b80d3cbd49a119a40357aebb11a356e19d79b23d491f6f25e08,250000000,4052477
02813785ed2c0e919d617ee70eefa645f714e3f2bb37f1ff8ec3064778b39031d4,250000000,34150520
02d704cc8885d33b5681aadaa240dc26c76a2d3bfbb0c55a6ca44047c9737943ff,5300000000,377800836
039e84c272d6917f1c2d9d7ff7104ee462dd55566778ad9a0a5c094fddf4d2f8e3,60316775000,7085338035
03511f2ef469a35fece6ac68e1dbcf9eff821f7afaa8567468a2ab6730b8fd23f4,3083000000,314360229
03c445a245209e328a10806d9e5acf5da8238d8dd0274670a7225a890ab941f456,5271037000,401224893
024c9e8f8f50217b1dfc94063d2b5ae72c0be3c92ef7b03f0bf0c84132fe88f82f,319093000,39475752
028092e473bba9d2267679f0f3f59b11e4e1dec30da2055948712da5165970a4be,31554954500,3301874265
02daf5b7181aaf6eb4533b4b050944e949fc5f274c564341f14ef5748ed090fcd3,9834710000,1115372973
03c918ba3e2fd8207bf4c54a546e5b7e60bd4148a805905e7f701b1095318def0c,2895437000,199605124
03fee28618b7fc8693f8b6cdab9b4fc18bba65e0d0e5b8abcd5a19d12ea3726110,17332421000,2016646813
026b73eb85702f3abf65a0b9979e3948acd5cfe93528518cef7e36a7c85991e2a5,37051500000,3273138249
02ec921faa245b5813385e04a51a6f0e2d99a570ff820bc42b6d1048c278f21216,162276697000,14156578877
0339da8be5f3cd7c513e3a2d729265be243edf5329a35a32fb92f840ac9df0a65b,7092500000,1033468137
0252d91badceb93b081ea84ca14364e523240df38f552a12b112da1cb7cfe532cb,6000000000,870393614
039aa2b6403313663605b21367ea088b7f26b0d8747a01a8fbb080a970f1f62f06,7550000000,681447824
03c867a0ac34008a0436ccdd8f8a51365e7cf70e4534e82d008f3e55ea6514fc35,6870000000,733317965
02bf187357baa624c178c24b08a15825dc059b7d7c02695ea9f1e2400952e5fc7d,2240154000,141939389
022b213281fad5065c66ed53a53198a04b4cb528ce92d76ed0175471b93f1db74f,54449561750,6147121777
02cb0c5b509614d8471bde4bf48baa24904c017d25ba7dbe65ee52f41c004a996e,6300000000,421097091
02eae753ae40856e370e6afa04feb29609e4c93fbe4c773964d129fc1d5e507584,18519034000,1819496021
03d2bb3b0bfdbe0394d4e572e82d7eace4761456a4a4a5c1b17d418adb3e9af1ad,11413187000,882306111
03e121fa397cb7ec60935c140bfbfa7690c3158ba6df26b8bc636508d8a3735afd,157451206000,16807625892
024c72d7f9e6e484f221aa9760318463fc725ab710cdab5cf69f53caf734446c00,1950000000,171139126
02e4352c3d129ffc1d2b1ac523224bbaf5a9aa0d6f132e6006430bcd6ad4dd0dc9,7559726000,419825430
037137bfc7eb504260f36872a0fcf76d1a87b3dcd6f95ddb1798901b265240397a,230640000000,28453836438
021a51ca1f15a5d31f78afe4e920cb01cdbfe36aec60aac4ad45374ce05b49c5da,75555118000,3441462174
02c8d459ca90b8b659740878eebe339e31763b7535200908632c12e49318c0d543,25200000000,1984237551
03a7c61c056023c804c6d63693345e00ed8e2b28c8d2e0c455964bfff31128df40,42864151000,4561181399
0246c46c4ca10abdc106c6a8f3996aa11a60ee0ec8c31ec8ef0ace4d5b63dff83a,2600000000,224203765
034be50d3cf20bf7f57e98b067fcfad35e2606e82de77f6e193d2750c0289fee7a,17500000000,2138575898
02b196899ff33d892562c557a37f56a3702f14eba8aee8585625ed8cf4217f2ab3,2937500000,426195773
03e7f962453d7874f9324c53d8a6634216856f0d59b125d67c8172cddc8247f6ab,10500000000,602188599
03e65b5417ac5a705ba3e0b64e081f9dcec9013af8bf0d6ed8eae97a83de22bb66,490000000,40753167
03239698d62066e473e527f7278d11e210253694e66d02c5f573aac2a91d90cd44,3350000000,284030135
028fd634bc2c97aba9a86a70f438fc788adc4c9b692cb35ddf65dd1af97d2c249b,8100000000,818435431
02b3a8dfea0259d93bbc799c25126c84e2950b60a3bc25248dc508f946c2878883,11067891000,1370572490
024fc23bfb603ebe308bdbe542889853e06d10cf7359185795ee55b3fc3be5ec56,49598401000,5635570173
03cdba3766d83c87e7e3ce2c7ec16a3b86f9dedacca1ab722dad55e10c9222e674,13500000000,1826646511
0251c1c3c167ff1bcdaef55cbfb61cf49f1c0212e3122aaf9493aa3d06351cdea4,3617234500,294419971
022e9286f4313a1524728cb044f8071b637b331926328e1ad4c6813dc43e41ef4d,10131515000,446150761
020b5de59cb11bb47ec35f4b3aa602b698823329140eab1d758413bac10be2aa14,93700000000,9937341572
026c795878725bed713c36511857ecb67557516376174fbb8c8c54e117f02d8143,38591831500,3800694309
02137477874e8762c5b1f2f2bd651a4e6d24d4b0ff2e03eb55bb26809131afb404,9650000000,930645044
028c17e69dc04d9846861df816de7d53339c555773387a1900cb28a2e2bfd89bc9,2000000000,61177877
03ae9f91a0cb8ff43840e3c322c4c61f019d8c1c3cea15a25cfc425ac605e61a4a,102317814000,13651792571
025dbbcb4e2a9a52855e92cb7ab072ae7076bd1dfad79e8612086f56945f85947c,94395874000,10193155568
0204037c1cbfd0bf6d1c918aa693284015d77c77b5cc7d626a7d3bd749696e8a41,9269420000,1451412422
03c88895eeae497ef75b151de3931cbdf2906266dc98332cf98b9ec2dc4a933980,1220000000,90792575
02fa1192bf5b7cb66bce8e002163ee93978c99ae5ef94f4c0842c914025ab1034d,1850009000,271164302
02cd408621627d48aacb1a0840efd5be31ad3188445255f5ebe772a181c836782f,5236730000,845415591
030a0a420f45edee67289989b105bccba3e0f5f7e498cbaf85ffb33a61ff217970,2075000000,108953819
02b9cb0e0da56383a8d14901cdffa464f5fe6b7d75e10d7ffc1c54ff07709be07f,1200000000,179904093
024614dd51898a43c2e7ef15ec428024ce313341419d5d5ee010bf093e57e90c68,1968827000,155839106
03c604e39f17f6cb21e540d4123401681350efb932932290911897f26da4667f90,5500000000,627185838
0237a57bb5be91c75597a1ef3fdf3f5dc03590f866007b812516a9cf21b7d36f5a,1653753000,249753039
03842aae66b5189ab9e482a3028d9c3095c134dafd8c7053d60ae9e6ecf942d6e5,21001000000,2431407122
023ef390b6b743fdc4f9c2cee0561723605c062e3731bbb4f67830e31f9781c5e8,4280000000,336934187
033713c9308f5ed3539aff96a8e78665092ed66a25d2cc4ace985e0a262f2db175,1200000000,145119426
03ae3d9c4d2d477f87d454df18e480290148fdd3af2722bf88a4445052fde455a3,1100000000,163241267
03137d6651ef558171b1ec3ffae6117224f88e4d5184e237b73971335eb30d2c75,2450000000,260228157
03337b583be9587574932b074481e98fed709ce6e4d95cc9f6a9782182b609b42b,2586754000,379146050
02d9ed33f7ac6cfa50253d04afa5dde44ac626c6d0f96ad78bb6e091d4d5528bd5,5500000000,726644679
02787fcc1461d81ed4e7ef6f00d24d54120d17d392fdee958a1d7ae7b604b1b200,17025671500,1779237127
03e2b5fc50b765a9126e027b2220580ce80cd1e81d592746cd581273b06fb6605e,4025000000,110492820
03151c3e5d350d14b4c9e0a1faab06a9549f962fc6e1b45753bd1da3765aa8d42f,4046068000,325521924
03d98220c8144d280c5d217f120c911e6b21c7287769780089a70d870e45fb4404,4311000000,645675468
0230cad29b32564c812d589ce206b35ae7f9e76594e3475da06e5239d2e0ae894f,2015000000,117786883
03928eeb8be17d74a60eea6e27820e13ce07298089e23191bcfcf3c397912ce02b,5252010000,797081620
0389b2c230b798ee36fdbbd200b4d50d8461b0d708b982057d6f394dcf28550919,3188010000,209221708
034db20d789e55a48e6dd1a47745bd4065313fac7a1fad21c50ba230cacd58d088,40900000000,4779240327
024d6b50b022582dd540294aaaab297669e08eee273d0aa39b0b22ee3834926679,1950000000,192962023
033e79d649219559a5a566b1c3b09d07e5e28b6b58187e5fec8d60ed398344a006,4225000000,845285191
0226d3caa66ee0771dad16ada706a09748d86c08feccf9e95ca6ba9a6085f0db72,8389696000,637756722
03e152fa3da55f8f3ad9a2581511de20aafe34a14cd0337cc87ff15f4558118f00,2067250000,183115091
03e568260adf3cf0a7099c132275d6a7d80f65e4372acb8434b5295e683b3027f4,1750000000,223220876
03a8ef90e092600119e57e1ae2aac06789e1346d016d56aa3f0f1c1a88e283a064,7194665000,833664244
023846b656d6afcb87223fc4dc5348a56ad0179928dbc1722fcf954aded9d3de56,2360000000,338119185
02fa28752251028d8f03b5ab2278a82d8970ed423da55de38e89fee85bb454dc90,1220000000,179699879
0307d7a2288d89fd52e4bd05e6247276261274b2e57a5a023cdf804a917dc31cf5,4450464500,780502564
02fc6bf390208dda96f489491b5c79830c39dfc07c998cc5f469ce3801cd01c5b2,1985000000,277197287
03ca6c08d0a2399dc24f5e52c96ca3f8650988ca7a72f54de5da2f9fb40cddb541,1568941000,155276674
0278e801560b1f2a20721fc8992b9b9faafbb57354d4dbe04b87b0bb7346196f73,2500000000,194331867
0205a19356bbb7482057356aef070285a2ce6141d2448545210e9d575b57eddd37,11140000000,1560596207
03e943ca718c98bc53ea74cfccbc5f02752738ebcc1368e6e0e959099da0d1ce96,22127587000,3696903604
028a29151b53f059bcf1ac893516d58fe59e7280dc222af148bb2ff81f419c4e55,10997969000,491512374
02d5207bfd649d33e6c3980fca172eb961d6dd9a53d697a8be007185184ff1e501,2799979000,469829976
03b480f38857543f9280cded05ccaf57455bd78216c71c0c3f3a44c8affb006d32,1100000000,87421325
0292a3fa6e5c460b3757b43abd0ae429526213ae2db072cb7dd5953a5d699e3383,1200000000,94874273
03cd0448616e81ba9aeef8f6f6d34ffdd9f9a23250545fe6f3e015c8a80e34c5fa,21939082000,518712286
036b46d1946aa1d643d645e0a91f5c78561c391ccb8702ebadc40b04266d9beb4b,1150000000,102143887
024b5e7b3a0df9518a874946b6d73dad95a7ec7e37492c058b0c50471b20ed335c,1050000000,176277947
03e0a58c6e53657958bb4007c3b16819e8667950dc92fc5a95a3c67f24983e49ee,1366000000,113919168
024c8c0f55be04eb4dc810f97d5cb1ee1bc034b9816550bda929397ebd70337361,1042864000,133181021
028125a17104f14aa151a19fb4732be235176dc5739e47ce9daadb4f4407c83d94,1100000000,51266000
023e5f6fda9c8a4c4093cd8efe74a0aa8c3eab1d4402e27e460e96989388560180,1000004000,163147778
02a192cd5278dc00c88c71d71e113360c3962e1f25bdfc6cfce5f71753d97d1818,1025000000,138070428
0241bd36b4f384d0fffa52db0ee179e0a63a8c6f318f105cc12591f82d219e4000,1005000000,143818083
03fa4518a65666e9dd635a64d4363d1630e3787cfe2949886a4c385c348985c463,1000000000,187636671
035231fce0738f8dafa3aa5b594c766ee5146fd749a559d3c7fc5a76792dc739d9,1000000000,116240748
0242ba3ca7272f47123649724f6d0b3b65e54b2778a69df02e2b49415803987dea,1000000000,181661914
03162779bc9222a4f9c2ba9deabd18997dd1d9c0b1be51e16203cb72f0d38c3ebe,1000000000,58694043
03d3affb1ed10cd75420247c20f230597007c992543864455057262a1676b25245,1000000000,182211522
03d46054b26efb6382c4d51eeb3e8bc17e77d6466dc125d4cd447a89c00ad16f34,1000000000,131799273
023e8b9d0c52dc22d07f70a69624e2457df5760ca0b4d87a5df460b08863f46448,1000000000,82059201
0210add5bc39ee34a05e047c978a9931a1f55e2f8d2087aa0b0860a5988a113dc5,1000000000,67488098
034bf69de3d8741591854e9e0d09fd112c28a77b41ed6c4ed228e0e65423351c8c,1000000000,28348915
032e0471c308bd6cd10e07eff96b7300b9b6c3eda57806d8b7950d902e5a0a0d6f,1000000000,146659980
03bb63b862b3274ea7b810b87da5672b8018af0799a8f7d91e2bc63f6c2677f5ec,1000000000,188679090
0398e9aba715495ef209ab1d03f5e20cfb7792609d2af7ece128d5c00c1e7cb5ff,1000000000,66019922
02ba495df7bf52e20f9fd87afeb9d2ba474468d9566296f5fcb9b2ff3b9a195657,1000000000,46345452
020c7bd5308101ce3b02e43bc844c19eb60549c42e66461494f22968b39d9f5acf,75739932000,9417287617
022c1f1ec7f9f065056c97f32a0f2275db0bc74583630c6592e7dda2d92df8e03a,31918877000,4614833414
025b827ba1f3c64b047aa246c20748e287bb8f7e5ffaff8911e32664c9a41db2aa,8539321000,1059494235
03e12a760816ddcb66822a762bfa537cd174919744d405e877ef36e41c484127c7,4125000000,201831661
03b8ff44642e42c6718ad2a56512c0d2580195a2ee3df16543c34ccddecb31d124,4220000000,326365544
02cb381d0c49305c01f0ca1eba475e30606b24d3307a0509ce0f9135c8671288b1,220000000,13832064
0209941395e5a72a74ad3356a1ec01a11143d89c6a3bd62ec24807bf45e8fcda30,220000000,7043464
03dd80145ece2ff7d69114e2aa4b809c4e93135a869d5833c4b3d1b7b77294c5b8,960342000,81018140
0246ddc400406f36369bdf992a2c7662046cf8c534bc55e6540249c6183e4c6d77,7500000000,1113300482
031e868b6eacbbde6a60c6719b6844436dd24a6d2b78ced6fa713f8bcaa2fa74ad,2261132000,285087915
03fd3e0f2504e149b1907cab853712a213b182b8c972169fa3ad009b623533103f,1999756000,50889694
0213028043ba544713750c363067b6b13fcd3a6eeb68d60ce84aec1827e5b284cf,13000000000,1871243574
02dfe525d9c5b4bb52a55aa3d67115fa4a6326599c686dbd1083cffe0f45c114f8,11157708000,1892810003
0304b5d7f02400b2c34f5f1ff10e68a1125e5bce4d3a513c7a8d0bba912451773a,3892000000,242352108
026b221b5ba5106b2d7badaee70367bb0d2a4a140658429f3cdb2ed77f4e0ab71b,6200000000,327373863
02253dee7c1a45ab049c4d8832f620df6c0f4b100751d86cd763ae7cc2804ab221,24508294000,2495570315
02b2e125ae258f9fd7702a45e49272457b1f45e61814165165ad135b59566c3c5f,215862000,16035916
0223c154b52d907a9d763c6f0c356f5d665d6b5046992355bbcfa58cfa2146700e,28950000000,4294486517
03e735bed8cb02f623c5da0a803ec4aa8cb15dafd67e3f339b13640f43d5f92c3a,3120000000,225440668
02a5101aad2a5c19469585c4601d96c2a890efd6932b3109dc742977024e36dea2,35512500000,3978022334
02855fed8520257d2b29ea8daa0139d4e3910febfbe817207f3158423770db2dab,22915032000,2280933430
0280bc79f3dd6e46cae85aec6d393cbf52e99610d00954804c4b9c76b37159d318,6820000000,1051427446
0281a382a1b5d23bbae5b5e49b329460f1ae579dc3e91af9b855e95b7e19ff613c,6439379000,873169565
033b4b17a264d3a476632224929ec5c7a037b0d2e7daf33a3709aed2177a89976a,50082770000,5566433704
038ceb07bd6ec0045c941c32097a9598f28884c68eaf2deefbba423098300d9563,11757423000,1037375557
03dd15edf1f0adf9cfd2a79654e600e96b39ef4a2fa9e875a5377ba4da953a7f37,66260101000,7051181072
027f0bc60d6c9447625772350b187302b5473f0e8309cb17c1e66449d5395fbc0a,1600000000,64629226
02cc40fe49b394bec5a127da528f45279a1c3edbe40fa12b85e9c465ae3373b46a,9165446000,1055485339
031e624912c9df995aae6e548b3a49d22a133cb2e063185b7ca3e2bca138b6c25e,35954430000,1985899683
025c11a5446e082d23c437d81bbc08a1bb1411cf51e963424d05f635e8397f2c4b,3708736000,482906637
02f021775f0b19c26c7d848692917797384fa0f2e24f8e87f17ebc02577ce0c3c1,3000000000,62599076
03918f6ee37e3a40913d6d40b858367facffe807731eac52e339e7a468f45bda52,32028034000,2636460858
02413de459c17437c366a58b3b449956884630c3c9bc06b1e2ed2ce1d82f94bcb6,7361193000,770817346
02d349abd88610223c46bf14d6762d7e34e4d736cc3105daa0e5910af96df095dd,19777215000,1740964816
030692a2d30580cc12b53691137012da1dc82f92eb470e22c18a0570b2dba14e49,7139718000,1063337284
02754d161e996526f95a95dd0ed1b4244ff5f5cc9c7cd54e9ab0ba69f7c67e854e,111127834000,13590680340
03cd09745d8cd8c58f51538f55444abab3c3899210c52d1fa5cb9301f88be0a097,2643099000,75836461
028c809cdd0e37b989921d44160109af8005e05b315234e922d1d70fd588c29bb4,38933852000,5424945550
03456789cf938f466c0cc15d5be572535208735c342bb70acda048d6cfb130e449,7012539000,1048998262
025152a29dfc3bbcebd45f2421268fe1731784ef8fc61c1db9b4ceaa6cdb25626a,17723909000,3312617091
0366401bf255adc2c865009cec4c0627c48d8e648733538aef654615d1e8ac3944,10476000000,1570782246
02d08f72a912a893dd00b615f7888be76e4a8871a057ad4a1e7d52c1696d412e6d,26716961000,2375711742
03037d09b39b09863016db94eea3fde1f2ec7f95f2e3a56dffed54c908eff49df0,1700000000,93661123
0369902edd2770b1e46ea764b97e8942a2eefc13cc18d77ffa81d3000b12799dbb,5000000000,382300173
03e74dbe3ff65cb6b9d7c82fa23ba17f1c34bcdf17121a7541b48f8088d3133d66,1025000000,67407534
0296fe7513262a289a1a787df321ba8583c998411994aa3a2be367cf6c374a144d,10356905000,1771368275
03358f5dbf0ec2528905073c654c4f51909b5f8e41e68f6848086477c8b4b85865,8031570000,1381274906
0213655b607abebcdc003ee14c4cd25e54d9a47ab87518f2408849675bfbea0c58,21000000000,2726799623
029e2a4faea100086a10c23d253ec4d5ae26d9015a8a7d756a17ecff4b923db923,29940968000,2895501776
03b535066416951cf3d9ae7da9015d16e7dab35e67975278d709ea0dc91162e6c4,800000000,115155205
0309a27f46e8fc10ea1107cc29948e9307d48f215069ca60d507debd8b800355ea,8000000000,1401283467
025b6da8056206c338a55b0cf9e789718b33e958a4f3b8cb02690c4be8896a7c1c,21477215000,920078324
02cd1b7bc418fac2dc99f0ba350d60fa6c45fde5ab6017ee14df6425df485fb1dd,44676413000,3734075472
020cf40953ed039151cddb747d22f2868a221cf75995053c22576f079ec8d2e1e6,36065614250,3146034696
02d4e914740b6e4e6cb5b1fbbab8cd67a579d8c47b45cd6a8cce32494590b21d23,7448733000,964611075
0254c26b8875b667cf6dd39e016016619e18a244c088f4d5a6048b296dfebd79d0,14550789000,1491238234
03deffec5eb968b11bd9452a47d2a603620b055021ffefba21304fcc405598ca0a,527253000,66547538
032934867f3adc42c1d4c2a664ec7613c82b495ea89b08c2e67e6c1b879fa43805,10872274000,1313995842
021207b8e05bf9d1e9fdd63c6699a509398473aa92c7d78ae1ebd2f8519d366824,4698412000,477321144
03becd4c19770e90c9ff2b08b41279aadbdbcbe5b9ec9a50952fb574067153e497,1956368000,164472663
02100f980765358415bde78d569e1c2a32ec6b8a5c93668489a45025615bdefd67,16100000000,2432282986
036170c5f4fa822a4bb1b23535eaaace9376884d3717903370d5cad5ea3c8e3959,29169815000,3496699452
03d480ac7ad220371f1b9c2560be7eb8da6335d6a0d8cb1bc27db1a3958fd8c73f,27320469000,4356161232
03312fbd930e1902c3edf8161a663be8f16ce36378caef37278f2f161ec5fe18f3,5625000000,788797977
0232c6ebf1e8458f842bd84d96219b14d5b39e38d610ad1364adac969a03d48363,400000000,37300447
03172cd181265c156548017ba5c73d07bfc585d5b5aef6ce4477db5d249970e2a6,15003000000,1336425690
03a16fe11bd9ba323fb30c4399c7df874f801bc12b9df89cbfc5aa9b0f7d0f1a6f,90450000000,9087517305
02d138b8baaffb08207869e0b317ce64703ede7176f8973ad7e1ac932574b28f57,40000000,4955319
03ca94b753c01471b88bb16ca26bfb17c5ac13bd8ff177cb4865101ac11e7b510a,5316400000,628869709
02be70303ef57de6fb62da1accefd5757616819599c94608f587006a230878484a,470000000,79675015
03d954cd24195686d745463e11d419940c045a62c844c6516f48dc16ba4153a909,300000000,26467840
02bc52131257a44985d0d8fe87ff78f923d3ed0eb33a5432ab3864a72391d01f0e,560000000,38951563
03802f08967cdd0dac6b008ce27881695c2decd7c91392c97fa4fc067fb9d024dd,269427000,42790428
02287afb342ea12113b4f67d3bff8227a826d33e47f713ff32458bc2a05826614b,300000000,57043596
02b465717ccc969d67c02a6e91e0b00e1ac588068f0d2e03c8dc22e4bf68ee8650,2500000000,529973072
024e8048d516473f5d2032eb2a221faf955060e54fd5ac3bfa153649620487fa0e,3986560000,577466352
02ced8314568af14bfa836908f8b6e86bae23ca6a1a3ad65c4be6367a03a235a87,400000000,14634205
0254873be8745771d0cb7d504a9a0223e1473371b4e4e1460a07fb56198aa8d8cc,535000000,74304792
023f8b32c280df6c4891fe804a13d773e0aa676cad405a8fac7884c7ac505ecde3,531000000,34969513
0389ba2e93991525846483034739ff9093fdbe47c797ef1021d61d9f61a2a2e8b7,897000000,170329054
02de82f7de84e51269ef048b38880b8a1f838e22dd7322471bb6f46221c4565052,400000000,25309339
0323b948ac256ae1863505709126e5533d8dbcb9be3253569c83311613eac87508,3060000000,575494063
03a1619d4169ad2dc7517391dd54ec89dd22ffa64f4965ddc49ce908ce72d019f3,300000000,38015537
029abe5ed9812e296379c97976428e06682465774a791089cff0fdc0bc04714bad,305000000,91847989
036414df3b42e4ad0a7742aa5bb1f9c62b9fe53763a4695b3647b422f28f60f6a1,279478000,27000209
0352255f530c4b7dca4e7dc7e451935f3caaf183afd70d0d792f8f315edfad6cae,200000000,19859481
0225585a0c16ef0f052fc63f466f47ce1cbff51c068b2c7deece05fe0dfd46ee41,200000000,12049616
02f0940b4cf46257c33017550216dccc2db841ce86531cacd3d0e9f75abcabe7f9,300000000,42128773
02334b5e14ba6a5238150242ba8477eccaf6d9dca34ed5137a8eee402b2b3913e4,220000000,55189935
021c3f30920384689a0070e076658fcddadf64f63b2e5e1dba7977aec590e9ffa8,200000000,20585280
03577170d9a4c8ca4516a083c585d8332192213614dbbd42cd3ef43f96c99d009f,200000000,33081605
026ae4e8c9383bed5b4743b712286d9c4d62c5d227e9048f8738600c0248ec9852,200000000,14661988
038a249a063e5e991992fdaf439441aa8e085b1eb02f7c596406c7e85203966e2f,200000000,14970067
03c64de7d259a471294d7732f251bea2233367b42c4d0de439cba6f361d7465a09,20877215000,327730355
0380353680be52e164e49d0e986cb4601993aae7bb15d71ecced966fa1a0f08f52,5000000000,303419831
028080074b98bcfba2fd1097902ce43db72ad37af6db616ba216552f381cff373e,6773185000,740137116
02394620abbf9e88b3212f83695ef7adef7a6d5e178b8f58919fdcd0afc6a91386,460000000,56994187
02765a281bd188e80a89e6ea5092dcb8ebaaa5c5da341e64327e3fadbadcbc686c,60485733000,6613789183
02113eae1137fdeee8ca50633eca964a00ac6af458ef3eaaeadc4efafcd582d613,19545979000,2382895430
03a9f892e712345d0365f9e4a58abe2056b51c981f5f7615f8e2e29dde83bfe6b1,7250000000,735866606
03cf8bae974b79f168205b8fe350aec2aaffa4cad642d5020f72d3194829f3ce4d,2500000000,84166541
0230e5f0ed5376696f36433cbcf3865fd719d7383a16b6e6a998319fae294480dc,2600000000,210384785
02a6dea16860a4453d90c1919377c5e3d61cdc52571d12ceecddc12e23f1a5f36c,8425000000,88719535
02039029e390f6d00e1973044b7dad2c941076cce25cd4c70ac789eaba4d3ac242,76625000000,8107599964
035f4278d12e27f3411829bda3086b51141324e5c6b217fb56fbe780b408015a05,1645500000,424811244
02d51bd8283fd69fdf1a70745e6780669c71cde3c81df04db821ed6524a71b9139,3096337000,362812283
02ade55c81601182e0df6b59e4042869687d28661850bc18079c7d7d5fa78be39e,46655750000,6333999663
033837ffd75e0945ae1e1f95fde18bd153c20584c748870582a8bc3b9addaeec0c,3827400000,354397600
030aca6d8fc5c83ab4a169a02833c68aa6df736cdbde45142601a8c7d78567cb41,6809973000,553781634
02bba58dc4258b7e7b0afd061babe7d53fb4460a889246c5b9a58bda94d4a04197,37350000000,4207843262
02b34ce38976ff85f55d5fa0419a1dc92167b4d850eb7f728e6724af7af6cf82ca,16851115000,2690989492
02f8cb46014ad0365edc0571c583cc2ada4e5b50b2b14639587d621bea90252f9b,16777215000,1388360680
036533303d73c34c58c35017cc286da18b5958a14ceed21f1d419eb818942e3698,13276213000,1254274397
03e3f19224e2ff025ff1e3d677508b58dcd1f484608f9f91e450756982d62e6628,84877680000,8044111274
03317fd0d995b1472742a2833969ec4d6de581ce92e4dd5433abf3cfe673e714ea,1945100000,104432191
032d5ca945dc4887bc9a026f44d60c881595023e3d7e66db803ff86c3b3c09da1b,61477146250,5219346450
0307e2709ba959ed4d158f793d1f838cbab45e5bdffdb809fb51dd400773e8d43d,8960451000,360226194
0338f68c6704cfea0d18a75678af6dfc0720e4e6875dab2fbb3bf5b165ec23972f,10336626000,904398021
0293db9c19a49309a0bfcaa1011eb49b91881c367e7fb1f6cdae963107eb577424,19237164000,1604766609
020bd1948502a1bc9b8d88c2b1f97ec9783f3cbe3aafb7a67000284b0e505dca4e,14700000000,1533407755
02cf60741c586aa54ff24381beab1aebf45eda61a8c49b043cf1f6e203e611e581,35600000000,4367552389
02251c2b931203848152b1c52e63ee91c74f53b0bfa8dd634a9b016d7b77c5afa9,31708930000,3023159937
030365ca0e656453e44b7da30d2643f1f6183cfe2a3bdb59b69aa8bde1136ca758,33100973000,3782799916
038ec9bfe0ed5a430a2d4f3fce40e3cbb516a6406f8d4f78bce525ef64eb619f5c,88435878000,9145394059
02b0af6d6b2ce9785b95158603cfa6dfac8d5800863374db715a6d9a8cdd371da8,9501000000,796304700
03e908696d4528da02aa3c5f11353be3980b6184f296c969b7eb04ae6b7a3b901a,3760312000,557742357
02cec4dee95aae60c3b4e1008be92324f349c5d2b6d311af5f2f44fa41b9587b1f,18265524000,2650505645
03e63f069b261f16d33ff9f5535d6c72035724ff9b33fc9b63757bcef44d24c43a,16154134000,1263382098
02f7b62a9608cafbcd3f4a776d016ec3acff453014016e339585a869ce930bb646,2288147000,46162265
03f9b4a45eb8fe088bbaa31dff038653ac6f699ad46c80aee5bfe67a20234f20e6,2500000000,283668649
03557718707da3580c8bce04aab7afb61ec4633d2916ba69c37b875b36b3c253cc,96974970000,10883339747
027f8431bbc248b4326bdae61ddc960b6aa06e14d6e1fa9693b38e5a919e53068f,190000000,18693177
03f5dc9f57c6c047938494ced134a485b1be5a134a6361bc5e33c2221bd9313d14,12605395000,1351913416
033b0807558a0ea13bc4ffcf16bf2ddea6cfa441bfcc2ba2ed831816763a23dd21,3999982000,259986144
036031d49302925e6c39cc141bee3e299305aff3f27bc33e0378ff384678617ee6,6199286000,497563129
03d197388c1a149dc3b3d445a1b24bd2f0e8b7d7c3ca7324cc0810112c09debec1,81587511000,7389127071
02ec8500991471e3926809da1766d96f14f7a94675c15cd2b2e1e6c34bd3fc43f4,6184009000,521425054
031469d5375fcb2b90c0f37aad5724305902f23c7bcc3fe104d88d741e1baf8752,6576398000,650272458
032add2175800c6564d37a22c9f9b560352128b4d6f71184b6cf88597b14cb7b55,5153000000,477617063
0255bd6622fb330c0bc02c340891255ebefb00c9eacde739b6726147c4c08afa2b,19025000000,2224224662
02bd8bb9503b9dfaee9b32d3546548d7dc18682d53bdb9fb1b1a7074bec114202e,9195070000,191552755
0220643a1b5a74947757bd78b4ac152a26e89c174a23948e44e5565e335960c395,26775000000,2321557430
02f2c37041e5f26f8e7250fdaa3adbdde0d563d5100fdf3de5030ecf0a80a1ac35,5038000000,543419419
036c72bb2729da49f129e1dc53ff70607526bf82802071c21f86319582f9015cdc,14465000000,2438290309
02b2cb1471629b6a8a50a3eac0ca85612cead2bcd4a50d430e787ee46c1a5c4523,10096119000,1244263410
0372f44ab8102fabd93fdac3890338af4f2e82002a580449c467c57f8ad436be23,19370000000,1948795878
021b7afba1829b311225059f7221da2ff21d3f7aaf1d26aa662da871eb1834130c,45254131250,4173821239
02319b9dec6adc1526c8707eb7110915291751424bc08166f55240fe7817a3dd53,7065111750,591328045
02abf8bdb11b044d3c2ee6493eac921a2ecfe8ecf555165ffd52b94dce4edf2654,30454992000,2553924901
02b43cf6ef1994086a6035d703f84a7d019bfe778994f0b8881da454bdca0bf0e4,21007373000,3556074129
035a10d36b781982e16f2cb2c701d6631d6718b9b876118b59e590ddc7b4915d73,2466856000,231326907
027e5ef63402f1a74c1293f46a0bae52625745ff9184b277506d4645f99f22d629,272846000,37558622
02c919d62ab30b1a91c0c7c687d6d1a4665842ba2d8bea6a68c3dda189d0b8e0cb,9000000000,474651785
035ea3eb0f08de67ddc1db17b2fbb37c802c24cb10ece12f281c473fce3aa6ffd8,600000000,108052136
03ee2cc09ecb5327eb5d65c0bd0ef6f17436b0b4dc1da2b961ee5f40deb8835e47,2000000000,224676310
02c7a5dc1335be8472bc534fdfe4b42301b58e71c52a530cf047a0192eda41b829,11000000000,1635758968
0212a407aa2b75b37ea243d7ef4f7ecd80f2f5f25e0ff847401446a66adeea9f35,311338000,29848683
034a1eb289a1fdc41f39b1683899af9c9abbedde2aa46af5814183f5e27329bc42,24687700000,3283529305
02abd50ef667e05d26a1132eaac0521512605444e95bf12c474a114c7407994eb7,45525000000,4649370652
02154043ae4eff575288b1df3ecbf651fbe8aafd7bedf5b6dd9157d92e63fc07de,2500000000,248538009
023bdd219b85d02da9b3fd679b32a1098c97122767433eb4ba59641514bbcbd694,46802727000,4364088747
037f2d1fcbd148f1b5d3803a56baeae0c3e647fca9d9f9d625bb7833e9752833bd,30479986000,2675689173
029fe65c19609fa9c2490381c090ea34269994639d99c737b4165cbba93dbde166,5150545000,438305679
035e2f47b42c8e2546c339a34a759dbc681764c4d267cfbff0f9125e1591598d7b,5000000000,620804486
02cca6c5c966fcf61d121e3a70e03a1cd9eeeea024b26ea666ce974d43b242e636,46304034000,6583630964
02c72ee5180d4e5a06582096558d2e643871e0acabb3743d424721e92205dbdf9c,1200000000,163044342
03148ada4817484654c0d8dba4945b457ed13f50003160706b77cdad790a5b3d60,15643964000,1846908475
02904d053b88ac668a42e2bc19db5572193654e57f33f80daa697526f98eee6121,36750000000,4020537387
02826f50035eca93c7ebfbad4f9621a8eb201f4e28f994db5b6b5af32a65efb6b9,105224973000,10584972846
03d511f6a1811ce9d01cf65014d61b7de7570a990ab670791831740c653233df21,9368520000,1312863574
03156fc0e5623eec22aad27a8fcc1c2bf2aae47ffa1073e648eb757f217d47f4ce,40614687250,3718342349
0352cf2000b8ef283917a5555fa2d426a23b27f97b985de72e22557565916b92ef,4600000000,517184347
02b4f019af3b3fa23681c4cfd81f3031e100d2a2d395f0c9e7924de0a6f9f1079f,15500000000,1949781068
0343d2aeec0eb37fce3c648b30c0a49b3c9b9cda67fb15589ae5d373ba22272a78,32529125000,4152095760
03e370cf27ac929783e571b22b877bbdbc4131c29b6cf95673863468812d7b569e,7377000000,535220368
0281d6f21551b0e2f733948bcd0ee5fcd258f949d0ab8d2c1418737d55dce2b88a,35879989000,3158115735
02e5ee91fb400aa19249a123f304453465a87ef101f27a921fddf60e2a4508c2fb,4500000000,354702279
036781b1501dbeada76e0cc9d6165aa1f3f31e75b912c1e36d93fdd3b6e02d13e2,32811402750,4409907932
0253d92434fe3131f2807a19a4f189dbef7fef57e812b30d29ccfa2ff8c4d3e554,37227215000,4504858259
02c9a5283bbd02725aa2f15831db7a55e36da9713c7c6188d421edfb80254d3d43,5051537000,146212677
029295dfd9a60bee7ba5ce68d750c13591b6149d10a1d95526b3c1dfba5f643fd4,10352722000,967310257
02d933f26fbe1d9f8e743f4863d28267ad756e006222d2826225d59ff25ad65368,36762500000,3246821503
0262ff139f0ee73a605b8bb53d6765cb3870775774c406849fb53ff5b893482657,6769362000,1132393849
02cfa323b8580b375416e2a75dc4810d5b5e86266256516335f1db8fc20da84078,53608360000,4347185851
02cac066b51bddffcf1e350a3130a7e060ec3ca958be605f98890c2899367e7f90,25229617000,3606920074
033463ce6afab5d2b41a89e4ddc875e7e1b778c2ab11a105989809c0b889ac4ede,30021138000,3420415378
03e9cbcd46bd7de2a1559777e7f0c6681522a9b1821b994923da748e06b796cab0,92243992000,10296974263
02f46b70394e0a5b1c915335e9d31e9455a571f6d948b09f9bd2f170eace2182c8,15426110000,2043915275
020b10af527c91f4452e0af2e2a32cb6850a3ef9c22117444093d09eadf467a828,10000000000,973894859
02897b79f66d8a98548bb055a976776399d284700927dccdb6c3d363845e2dc4a9,1580000000,238916302
02091e45e3fe8d18f2da5a0ff81873a52410128116e402fd872dde6ae21d535956,4066473000,480383143
036657f9cb57826d33d1ef85b3e983c365259143575fe367b0c803cbd068b5b255,893808000,112168509
02887abe381a08e8ec4ef78b759591a309e8c72c6e478ae69a32857839cfb23114,11625000000,1188099161
021a221b4d60c53483f2c25efdf3cb98096593850d0496a6097104538486f46cbb,7975195000,688666643
020a6c5f2258823f6dab2f21626fd7fc8aab8c78ece94957d6607e85b663981692,4550000000,561301818
039c77049ef4ada1ee214e09a14bfe455c4939dcc8661ae0470c1ffcb774114f1e,6750000000,887623441
035579ccbe228a2072caec7aec00797cbd89e765b34a4b60c4539503cf291bbf8f,168000000,15811899
039a9f207d13edb6357f99aea0db5226a6594ce5ff09f5d33c99f1a261804f9dda,1005717000,108337247
038a2ed088ea166584d46b72360aa0cbe1aa253bbc79b9c487ca90b9e27a22c363,8725804000,943703098
025119a289a92a419d8f4c65e47b772828abd3bd244acf567fe28b37c71cf463af,15441802000,3023353884
02cd5505d531a86b3152050abfe656b9fd947682eaaca3d6e6e2bd7d4d8322c3db,15632160000,1661303940
03cd5740cc553409f16ce81b7f9119dbd5f3cec0fc2656a90cca66edbac64c82e6,7125000000,678415199
024e0d88d5cf3ac6df50697ac95be7fde0ac3017bc0a918edbfdb70ba70b00c17f,82520881250,11816555919
02f42fffd61f681f7fabafb77ece047060bc086414813a9b6bed03bb7ab5590558,1170000000,68535947
0353081d41a8607e1bb8c56277b09bb4082722cae4b0a2339aa8b2b4d45618cbfb,3436758250,348998938
024485b23119d7962d3873f6ddea94a532d1744a82295466e34f153c600f8ab3d6,5386373000,598895123
02a64d95e54f4b815f0ae780f6e3a6fbbb35d97c6a643f31b8365b48338f8797e5,27465333000,2278412956
02df6ea5e1b6745b70a8964a6ddc91f54536ed6cc7a2d39f8bc99adbaa64179865,54333377000,6531445096
02d8308cb8ae40729e79d92b5171eecdeb2d6468ad703f40636d514c9cb70fc461,5900000000,336751275
02e3f3cac13012977142dda7fd8450bf87fe45bf4447901f1cadef7763d0ad6a59,4496833000,399150103
02f96aeb2b9954492eac250fe7c6f3b8e66a49ad55ed7397645cafa5ec0e687c7d,14071337000,1736878095
02fc8866a5b141ade8e7659058728921f53cdfb8edcb902bf295ffef23863ecfb4,4962500000,371712521
031839321bf3ec55d4225be42219ca9c14b0d87331d1a962667d6f3ce43120f7d6,5029398000,450434783
03a93b87bf9f052b8e862d51ebbac4ce5e97b5f4137563cd5128548d7f5978dda9,79000000000,5985943386
02b037dae4dc43b17de3a883d993d3cccd359a2aaa5f7f7b44ee2bed6fb8d4d510,5045000000,572873591
03ee7d1e4598b09e63f83ae5a39d6dff23cdc8ba963b93aafa861c544de08fd82c,28700000000,2634477476
02cb18a5bb0cea3271dc51d879ca2adc83e769dae725d4229da7db6fdd5e9cf863,61314998000,7610115362
02b67e8e5cdb3d80dc38736ec0f6378b6199a99d769aeded2c3460f548de8822d9,19112407000,1726997468
036168636ec9090dbe43015e8b3dba41f3ab7331908831c9cf1ea6cb23bfe59fd2,27800000000,3516513503
025ae40275ff32c9461ea7f65aa7ac8cdbf83814d2d9d2c402262fdcf69fd1f3d4,21402765000,3081135538
031e31999be50e92549292806e15da64dd1db127503bbb55a7a0bb8dc12a5fed32,20000000000,432446108
02bdbeccbd3ce84a60d1295449519c37409bc44921f45334af4eebc3c8357bbd13,2550000000,347807113
034ceb780dbdf28d8d34978fc5aeb39631ddd3c542f0eda3d736e7d9f4f22ad96d,38811420000,4985503327
02133cb2547e29eda928626180d16f45d2dfd7f92501f386c5bb4cb5f2e7a035a3,5520000000,995671673
023e8b661ca53c4eb711489f2e8bdf57e4e68c3a0b217065052f6bf6da8cec8cd4,2616146000,276907529
0253c0bcd2105d41efa6925488ec428255ae469d2e90277cc105a401ec8e343b7b,128038728000,12380476567
0351cc7702d31c986c5beec41f627624c9cc7e71267462cf3b43e1d5ba07b28ea9,2354069000,130065891
0399268f22cf4ba074f980b0503268b9d5c176fe51da6639773877580a06035972,6999992000,1053311256
03a01852db9f51d637ef012d720aaddb4313a05e0505e52fbe9b4c6ebd0f3acc2d,18500000000,1734285441
0365cdc4691906370e6ea973e31d200c9977151f297fb90bd49cfc479a5c9f467d,7640405000,667443004
03114e2bc62418005f27860a4888d07383b9c80f544395f19f20b8d5f67c988413,5114617000,550606850
0336450e309270273b5006c0770b9e2d14b2e4a462789467c0d4621766d4e5adcc,15775218000,1471995070
035e85a6fdbe188858f267c20bde3893075c5e871b0e2fd082d6328f8f28e20cd4,1979915000,142406325
021cc52595f991a6c891b0b3e21232f52c1da1d866c65a331bf3ad4cfda5ec6bbd,4500000000,482174102
034f0ae5dc0690681fe77ad005c485049b8dd97c0b8fce515b5cf82fdb38d487c9,188005000000,20191594934
03d47e1782e1b63011b45053746bd4deea12bdaaa15f3f1c3b081a3f50194953bd,2400000000,408562514
02f3a7b83f1245e3f859b2034dacbd9f9793e82643965d8f9d6f3106199dc80224,5750000000,724085967
039735d99cc26041566ce1472027c96baa6b43004c6d7d69aaf3101d97f612ac97,1071337000,148687661
03362404c2587f450a0a9ef8e532786313e350facb0840dd61a49e2058a7150596,1551023000,142819127
0297fdfb55f08e27a8f59e33a96c953b60b4bc725cf142a7c53be28f7d28508d40,2000000000,183412507
0328bd910515358801aae0e90db537dd4864c680a9d73d8a24348428bed1a4a134,1000000000,190060985
0298fd86d084438c9c9aa6d25dc3d926be304b3a6a204139ddade991d3a04fa675,500000000,18913508
023bfb1b0c3021cb77c4f90ea408ab9dc420acc18d217d83ed3c856903ffe758ed,18841087000,2040539228
021ff53e5fa02a31978765ac0ecc9d0f9698f4499894acf16096fb7af89e661203,19650000000,2154228800
02d39151e0ba378e2b5d816cff030798aa2adc36c95f6f4cea7b4f2cc8946ee043,11476500000,1247644854
031dd73f862384d5ae91bef0f5bfd8a08983558db047cad8cd0c6b9e523f344cd2,8000000000,712431051
029a6c374e25af038d22a0bdfd8b064d66e7795205d2471c66012053aa1577959e,6871983000,486719844
020060ce06e5130c55900c4c4b0d6bc34e72f94d948854b6e0670f154472d014ec,19055000000,1769517450
02051a247550d168811c7508e4a84246ed3a756a5eeb0b8947b9430e79e99c0c39,13120000000,1476741590
03f2c42745604b20ee5f8f4a3a20c5d7cefea8bf6d0b441cf40bbbd6666d89bf6c,9532100000,1728111957
0324ae5a5f96b8e5687c9e04d5159bcff7bdf93476b53e83a9270964be9d7fada2,3020000000,490617998
02254c449a6bd6fbebb8552c4ee18f3e87e6ef531d3f2c5204d2f85bd2098d842c,2500000000,135550337
026c2cad89b39690870c13712db01351682579c3523aa47041bf5d3bab5d71a14b,6984041000,571141776
0329cbc643617cc122c53ecb628f52ccef432ae96f3b7f6695345f50e7ac37b6a5,7000000000,1137067804
0333f6b731e2c80a0f2b845a1adcf4472b20c2d4063ab902a845c2239f14d14f83,4340570000,457977899
0311812e3c39c73a44036efd7b5ffcff05bf9218e75e161503f576f668e6bb0034,66704608000,8628036110
02adceb768d21ddd425b048665d80aae2e6cd2d7e937a9a31e0fcbfefb3e62bd6b,42975000000,4628874329
02503d53600cf5e4bceb9cf057839006a92f42f1733089d74905a27709b9f885c0,21882920000,2425422638
02929389508527c3e3ae38d9bc198a2dd460862eb8fb8284a6254300ee723eaad6,475000000,50082460
02cf6df3166bfe5caf89ec3a23e20b5eb443956a0299ddf57a56dec3f0821e35b2,5000000000,680197658
036ad2da9b057d4ac40f911bc4faf21ffe43bb84802e6cf948e447753488a7246a,1625000000,205525187
028ba6c07d72447930ccc6862bb62bf9b399afd2f3457c56ef3fe240735e207034,22583548000,2805641526
02e5b65622411d0ab332e4f52ff26a66f25e2b0a160dd8cc4d193ee5fa48c94e60,4921934000,452243658
03b792cb99cbe50d04b3a050a55c5eaec0ea5a11eb916cf5eadd52fa9656bedb56,950000000,121499898
02f8e4c0cecf96e125efeed917121ea649ebab0d0195082c901c9813467889d158,150000000,19572717
038b6c53bb600a5248c997bf9bdfcda8cba4cf2d883203f2c7eef0823c7c249b0e,150000000,25645801
0384b220ab8701207f6e4b3576517c6390276ee9ee40b1d0c97e96579190e5c946,27800000000,3546338721
024e270eff5e83d06c067ad389c48950e128db1a7a46b47d783d77338515f4cb63,4725357000,481838625
038236471e138a6ce54a1b02f2f41964ec94e333adaf0cb08f9fc4eda4ad9868d8,10122389000,1286686555
02858c964aeed6e822972cbe5cdfbf394de229ab2b1aaeffde97e9dfeb7be4b122,28100000000,3533064106
0254aece594745b70a0ee6729c649eef57c0b5020be8cab2f4d46ff175d9333200,1214557000,127768609
020b55986d2e914bac4f0ac603752f0abf8de63bd821324aeb681f12bd1c5d66b4,24053005000,1831378762
02a13019bcbd7ccad1eda7adb269aa9a2e67980baafbe4a027c4fee930808899f4,2090000000,67608387
03d0fa0845bc81cbf10db1204ed20979701a2f54d939e432d8d961833c2e8f1d1e,21473516000,2895049517
02768cf079dbbeafc174221d377a6fc46fea6a49ab67deddbd8165f43950a075d3,400000000,59695235
02e6df9231753bf114551a5549da8d72ce8861e65310776b0a7b549bca4e51c16d,147000000,8936845
02928130cf4c0be6744e70e0265069ec3bed077d42e58c7613115511282b2f5d77,2855420000,558110940
02be8a7c6e669047bafee5091fc65ecc00bf035eaf7be5774da11ffe7f171f1964,5635869000,554461020
022721cb669b911e86f2ad39bb7bf2a6c75cf828c5d62a0002867e8c28d53b7d98,27750000000,4404016103
023b2ef99b7d0bb66545ab20b2cd9453db6ca1e4487d11cb34001f746fcf7eff03,33168500000,3619115178
0205abc8b429daf6f58e0b8f31c3b6f4e5a4fd6294d71cbaefa250650c2c51999b,23727704000,2712852038
03b43ff2e9babbd7a78eb4e3a8a5f5290a1ea2589bebd63f7f8e9ccb65bc15ec8f,1000000000,51015115
028fde8558841049afa7b705b9bde93cd28c48f53ba340b24ec1578b6f1612c7c0,54027767000,6671290774
037d0e72531b67ed5e9c8a5547fde24827c4e2f985494ab355443d7c39272ed428,4340395000,368825150
033c45158d8fda3b0989868b991d01071785a02fb7eabcf6b228eed06266273917,3000000000,53222148
0236c8a85cdccdeca743441bcf96347def1a92bb52d77dcb2647bd00206e6d105f,10194425000,484061833
03f966dc6292690ec2fd9f49e7c084e79251ffe355c42dbdcc5d615ac2e3d10add,2701464000,409767469
032b1cda51d110342b02905ba2da1aee54d24dd1f32e6401ffc41c7af9eb5bf75b,2839236000,314555185
0246bf8422ee28ce098f77490d215564fea83cb000de8a9de7953926a4a169f3f1,3520000000,221872789
0243d25c4402597602ad539c4c50bd048e687230659cdaf8689daa2ff1de2278a4,1877050000,146903670
020deb273bd81cd6771ec3397403f2e74a3c22f8f4c052321c30e5c612cf538328,7825000000,677176070
0317c6cff804e69ae7eca45a059370f91b27a085559836fa93d56fd19fe41f2f78,390000000,34833126
02457002f92b7577d9dffd0f88aff790858750c24be8434a44c2707c14157f103a,23352215000,1708377092
0223d7aa491e26a307b4203916b8d60ded8cfe832806b432d6cfc278e96374f9aa,48170200000,3809536527
028ff6295ce052b94ed0aaa4fec006030480f92ee04f92e1133939df3832dc2cf5,143829000,2011668
02913d01ccc720569530780b7087e2c6e825a1cd300b1ed6511b731563dd539f74,11390060000,1323500334
03fd165f6ad6eef80e9c192a4a4744e6c3db40884623371f60b24605e92214db7e,21596750000,2100844772
036a90b7309e298c6da1d44c8a8ef91e8d2a3f4e64a15dd6bbb673286de262eea8,2350000000,390790538
038fbe52aaa975a7eb78e36afce6bb5b609c8f8edfa4619b87dd4c3118acb92c65,13682210000,1808799631
0337da8acf3ebe6e8b8a5a7faa3526e69478c74b77b80bae2af54102065a2d5a74,96233820000,10039328897
020396bc005a542bce8f813a911d560ae0f7921030e563f2d81176a904e7b301e5,16777215000,2721716181
037c2aae566dcb068ad9847fb7e396d4ec1c6e37f78cec304525a44b8460bb1206,2300000000,309664961
026ef5665cdb4f226b34d3b61866695b769099fb5675bd0cd6c1050a1b851fd45b,30669122000,1808063460
03b12fae9d38becadbf7cdf0c0a17249c1bed70b46b2f5d89e774075e990993c3f,2775924000,156099313
03238a2390825bff5d987c3f6cd7a648969a524143d984e8b446f9695942bfbe21,11107343000,1743598229
030c0108af6f415a54806b3a5a2dbc17eb567218687669a383794f7f002d364fb7,351000000,26819821
023b3602340a06b212f176487da497c181ce489daccd386220af9fb6b509fc2edc,26284636000,1547809450
0268fb5ff483d584b81832b025b8ed122596d4b642171d71ab8b5893aa24eccece,35000000000,3778071514
0293c45ed2e3276c6dee9a23720b5c674abe42f1dd4c4f6f893e4e482fb66397a0,2570000000,139219343
03fef6476a3cba37952014049fc7d920a9e557989b2b6cbe9be354bc82dc5dbb9c,16777215000,1273096042
031351738058ce9ee7419aaf613f82c09adc8622521af06b215031cf7857eea9e9,4772591000,55960776
03006fcf3312dae8d068ea297f58e2bd00ec1ffe214b793eda46966b6294a53ce6,26713909000,2175962368
0356c7395579faa8b6c1d23361ad1231add86cd63c53fcfa9162fe5d14af4d60e8,5525179000,660294611
03b9c8b7c2b060d93cb0d603f5189cb2ab3b0945442e720c89ef163c89baa8c84d,10336466000,954118829
0368462b200426c7f481d934233ddc5ad2137aa8278af370dc99b055f5c41c8628,2034843000,315781618
0215986537a6ca91ee696f1431ec5c09aeb03494a99104407793bbf1a26c324298,45638838000,5437123082
030e9a58ef75a275b652845757e524a2d6baae02ba606e1e40b75d7e2c9517aabf,2120000000,38341537
0334337758ed6e5716cae99c7739676112d601d6c9e74771c977b223eead73ff43,5000000000,309274309
027b4faa23aa5ace29c8fbebc1f6df704ed5fbe0575e0e0634ecbc479491b52529,5100000000,567325518
0365d140790ebfa0bab407e41c90843dec1118a6f62a605945d0aab7f526c061ab,25150000000,3011469667
021b66aa695a8d939a201118b15e98768f50538cbfe1f718c6c3a1816a8d1a2ef9,868816000,150799030
03c457fafbc8b91b462ef0b8f61d4fd96577a4b58c18b50e59621fd0f41a8ae1a4,33627597000,3423572414
0253f5328df61672be9c76ec82d642971e32e3556e8f2952b1099f3d3dcbf60c63,5008890000,452325346
02541c7ebdcd1ea2e53002311c9c0831a3e4a8bbab3c8a697a5de2f873b3ee1c7c,136583000,6153667
03ca940b9d4e7736955b6f18dd5be3b7b5ca562d0efcf7c0fa9b66d3c052f07fd0,14808643000,1650598329
034a58870eb9e9ac4fa2e367ccd30e517358e82af7e2122eb515d1ff53d8b370da,4935000000,297761927
02f079158621e60a9433dc05418ad588309c3b46ccd0a12b2e8892d90eae752988,52816000000,5028302401
02836b89a1f4bd73db968049e96332fd4a53bb119c978ba592c9ee564e293ebab5,12108477000,2150401817
028daf1a6633b558a983f41f27d1c5ad288fb2146c03ce5e31b856dd1c41e88cdd,9261232000,929941320
02fbd317aef57f0007dbb3acd1865c8ad9a6491c9e9d82dbee5d0d3d111fcf480c,16426666000,1628872993
02b19159c5e2682ee90489ff3fe6aa58520db68d27d63675b3f0d1e36181965e99,6000000000,153779273
024f508dd7fc4c47e01f0e92bc0b46f9cfc0b8a9c0c6cec8eb1ae6bf55940c5363,5776697000,404386945
039979271d35dd66cebdf36de7d85adc210d23fefb69329f31716690e88eb868de,1729033000,122150807
029f716cc0807d11ad7b0de36a7c6f3788d580dfadf7282d99801566b7fa8818d4,5769219000,547312008
0251b2c9d22f3621f27188d8236db84d9fd84d42adac063b2633744638b81f34ac,5624792000,673681685
03b5f924db3f14d7ec3b6d7d34977f1bc666e55014208bb6e59c5eb1814a2bb0a7,11686711000,1214866523
039fd8e97a505cbea2014d7cdf50721a4f4de7b899ffe6422a152538ae8b9d1dbd,4110000000,432364317
02c454555c743644ef963e291aa8ad3e5fb957677207380159f2098e1cf359cd76,24958445500,2339613519
02ef466494733edbf57ef0a41d235b0bd6ef8a3e7914f701184b623addf6b9b765,6710724000,896063332
02d56361d3a964036bb9cb919f34df9791323902d00a25ac9dbaf338958aa491be,77200000000,9195680153
0221a5e214c22c3cce37591838f048932eaaea61b5149d87be6ecd67df5c89aa34,58129390500,7481245468
02c3e9b72c88a1f7bc2f38bd3bbb29a4080ae99e8d4fddd8cd5b93d6f3dcc8923e,7481111000,769121815
03d2b1a05afa256344230ef9efeeb272ecb1e9c7e8d0f904283aac30d361c569c2,2850000000,251216902
0272dfe15e1f7781e46fc485249d65af013c092e5a1c474d9ede2a6e7e5624c09c,52267623000,5986203338
03942aed4cd0a86ed63111a5303d708c9274442f6e30d529928dd24bad75aaa09d,2253611000,234709044
02c572364679016ee3cf0d83e46e9b78febd35a3fb12beb5250b2395c4cd748e9c,67325000000,5229455264
02ea20ab1c3b1380aa82b921ea1da9d2b25238fecea2cf89e69e677be83b953cc3,6760003000,658919867
03b7ea64e1cd4d0bf446e1080109940a22095d4b0e65c0406910c61f61b5c82ae9,32632038000,2598688055
03e5684ed7a5c61c0364ba2794ff1242209242238f42dbda513b39c91aba7ad11b,13113300000,1569886126
035cb802cd1f9e0423a34987ea7a4d437f3c92871496a5b94371a4bf5805472b9b,18377215000,1949219681
02d84fc4b6757ee03c2e464df4c54048d61a7f33704cc99fe61de33d19b28492bb,1700000000,280273906
03fd17e56584a7dc490715537969f9a5a0ee3f5198c6e75bcb317c497ef95d6808,64329852000,7575921577
0301c5f079e4c7ad97513ce39c64c3e54b002a32fbceebd113bf74ee47c4642639,19500000000,1790385303
03973fb6cef5be993be4912bfc61a7d4cb5bb63d3a5de95e223db0ccc26f6b39dd,11100000000,1195144476
025be855ebe8a55f26674341b33912187cd1e10a1e23fa96cf1d0de9625739fb3a,17050000000,2356493862
0208dfa005c47a8ae85363d12c54007a38550ca0d6f1c559ee11caaac8221eccd6,80375000000,7495096538
02da34389fc11724cf97689b74caffb14a71649b66e10328b1d3e3d0e0495e9270,3550000000,684209154
02671251b5678771514df8f26cc01508606d697ae8cad38063f84becbd359b189f,127126000,20508649
0395aaee9bdab2d1145c44119bdeb7f88e7b9120dbd34367a0e9d7438b4f8dc282,12244677000,1617175479
038c57f828252e14df0a42342d5371d7a03aaba5b9ce2ce5dec3b69c18c39c0394,51725000000,4986342337
02d875382a2f30533a1eba1bde7e71b414f942da8be37ef7f47dfde119ac1f405c,12550000000,1426672131
03d706b2586962d41dfe1d81451ddcb2f18b47a619dd3f706426cbcc5c109fbdb1,295000000,22160221
02d362505e2d7201a9ba342beda0ace7bde0ef24d60ae9b5aa43e21f13df9f1968,12749230000,903195849
022252e7297f23601bae05132eb944a0e89f8a4a95debec6d63060bad78ff1fca7,3050000000,169613336
0273bc69bf6028789b0dff54ba78c36f846c455319ef3834d5a353a379fa4c34d2,125193000,17494876
0223ee0a8bfbb6d5b5485b952a4581240ad1825aa2f7168eed0fb2d27149e13f77,18857215000,1292658556
02395bcd5a9a28399c8ca44b52879b304d9e39fd5677d3d32a1013c3a1a90e4ae3,6707310000,797110331
03a09f56bba3d2c200cc55eda2f1f069564a97c1fb74345e1560e2868a8ab3d7d0,134007860000,13453723636
03c58e0af01a765a2776e90780f3cb7977e87b0851d71251b4925228dca5d9a122,18077215000,1566260184
02ef10f80a4202c6766289345de16d462f365957c2d5df21edad6617e5830908cb,5758879000,302745012
029903f8ed10a2778688da3cff4473a0ac165013d4e519ce93e7aa0bfe2c8d8d23,28420142000,4909424664
03fd92c1dbfa27c59066fe7c0abc817eaff42f0490ac49c0331c9334795116bfa5,2200000000,299092028
03fe0dd0a121bc2adc9c7c9b3618f3aabc64c53ea05e9111a7eb4cc19918bb04c0,1550000000,102315256
023bf55a8b689b815eb72c63bb6bbed5b3bb673d048f27764ae36720b3ee101db4,9419250000,620606928
03752b493ed5fdde9f42a6adcfb64b4c2132d4782d0fd366f2510df390cdc383c9,3000000000,533687676
028c8c9b0b588d00afabe905799aee0225a9315cdb63d7646b7ff7cf02fe4bf643,17463509000,2066723769
027175da98e8831a54b495a60b76c2e32ae7701862a0ea7b9ddecf622248a850fe,9866791000,1019408485
033f4f1b7354bac9771e3bfc9ec0dd95242f06811fa28bff4e135d36c9d47b4954,550000000,8935153
02af388c3847b3dcbefc2f61363a8d9c60aec55267f08a5ab887b3cd8e0f10ac15,1500000000,164804388
023ce8386784b1ac177f053eecc24153cc03be14eb5b521fde24f1f1529c5d5ae7,22690865500,3251785328
03f155f9e23f608e3eb825428124050376bcefe43087fdfd067e25eda9f56a729d,1140000000,86519288
030247a9c95c4cf39d9274684c2557eb0b3842bc2dfd29ea74c0b8478029d4eb2f,4216752000,431021871
02158c3bf3550f3a333ee0dc59c6e17e95cdeb3412c9741187354bea21b8a2ba12,4900000000,614371073
03fb546e2569382456c13f5bb9f8eb955849826dc9424d9f9100ea22499a198b9d,14650000000,999076381
020794beb022021515239ad5663d26d5b1ba3cbc82fde7c327aae5ac3fef6763c7,18606250000,1462256230
03086c18e1b78a43bbc4f3d62f61a13324cc236eb5e80e06c4b402f715968edf37,32625000000,3571868061
0373b2ca94adf4bd0765dbdf5889b44ea3d46ec47b8dea2f96e26092be52d0dded,11707438000,925178446
0294ea3598e78095a7a8f54138badab4b5b02115ec728052b411056be559ef4e41,4000000000,242523584
036d1103b67ac8c4c376c133123abd69e242dec3be10b4f0d2f63177b526e4e8fc,41508951000,4522739918
026acf78fdbe69a090ac4d45b7f43b64ec8bffb2c5f3ce584cab6026076f640483,7557490000,875015547
0251a49d75afe6f004364120951aba3912f6d9d4c241f7e857462f58a73729deb1,1055113000,87301107
030b824d741aa83e3d457a8aea0ba8e25fb86ce06ae601f02cce05aa4083e16e71,5175100000,778084811
03a4c2795baf3b97fa5e567a6f44a37d327677dedd14b7b6d66435d8082bca09ae,3020000000,112040527
02347e64c80e30eb3f4d6d1b0d19a5e91368973029e62347e9810380715080f53e,1380033000,204958402
02c19a4ce73d597d45def5d5486f8b2085aa710e2056660452e71ceb96839ee9cd,3750000000,501360516
03540c5a5159390c5644e16a80e5a8036f99759a06c6eb4ecbd0a84c11dc64f7de,17619919000,2511907366
026291fb4d855e452e876236737ce59077cad3a4b905bea48bf10204eb2460cc24,1099519000,62314622
02bbc616f2c89c15c178027f2018aeb407b6902ad7882349f1c98c0127ed8d3f8e,8279508000,430341334
029b17d9d393bb0a7db2cf14f96309b01e764f0553a5a50791e6d55202d9279191,44711957750,3440894881
033432d09b69f28907a121d2caa9c55e5cb75a953e05b6fac58ddd4e5185bc5a43,16250000000,2116702527
02ccc38f963ad547bd6e9b2476f00f86443bd22889a590df6f64a0eefbf10f1f7f,8600001000,931687058
03688e738515c9b7413e0f035f62a28c2089afcbe01a2f9412b5e0fe48cceb5bb5,7235752000,992043481
0306e4805593719fa7472a8945144433442b34823d62eaf9211d5a06fb8db6a0b8,5002715000,517094579
03a898b7cca3265ae4ca28b7025e170cbc1e7f97bdc4480fa28d2a855c88c85985,12198398000,1186335990
02b91314c53d6421dd05138298cb2b357e4ed789660dc2e136ed4abc6c0b1c28bd,11190000000,1775986483
02797047cba5d2d41ea596d932393998a2a8055f2497f991ea1b8ba32d720d4891,16862500000,2412879698
02d68197aa6c0237000e55af680ec0ce73d27fcf54bc58363fec933dc6f90a1ac9,71887298500,10056931545
0356de9afa1b75ed499dd7bac7c3970eda63c2e09a2cd75588e4a40a695ac54e14,28605625000,2526938622
031254503f01dee1cd8be692d7be9723bf53399eef88867e55bc66cf9b7e5acafe,18460986000,2223255447
0225cee37c4b527ff2f5117585f00983cbba3f5502bd13ab3dd6d3f23d675c5506,16816316000,2316759563
0306b99625c8680e80e4e1982572c166fecad4a6769fea1f5b63bf34d3415fe996,27210310000,3767898935
032a9cce9f5497434395d0db6eac0f2769525a26d0d67b08832e87cc9c00f23ea6,1907330000,281072458
0219a20e9afa8cbac8fd18fdbccb4a720ed313a6685f0a85ced255a3c250d48776,30000000000,2947810177
02aaaacf06de5c658fd1544301fe9e41670d079e942382d584db9a372d504b72be,7214263000,571609928
03c5f65f81e9234ccbf295bbefe97ba19e8071eab9b7545d00d256d49644a9170a,10164110000,895042865
034545a414412a0d9deeb8b951247ed5f331e7013e50650fb9ea2fcf1639e8a8ee,12868675000,1762884927
031da9f977d948b5aabccb832f4f56b4e19ebfb87c89407e31a88985887794b897,3406102000,405379716
02593284840cebd321241d7a5bac0fc41f0dfe83ab6ee0847dbdb41419f830936b,6520374000,761932487
03ca8ddead66e32a44a7fd8686c6276298573249f64fa4afa922b2097bc1d7ba6f,14387500000,889142702
02e1b1f51df9ebcfe82bc8a9cfa8de810a8d9b6aa790ac758800c5c349bad7f501,24677215000,913344051
03da872791c43022c0bad6dc46b0e5f2fa7b92f635aeacf1aab55285cf41343e3f,11000000000,1081219325
02843e47d8e846252925204652f598d66f3d88b4d0939f5e2353f5245d0d521687,1271254000,195465058
03f29fee4eaca86e88049c0e630d96c715a5d9a0048b3b14946d45eca745784cef,46550000000,5842619652
03ed35331418f3aaf986953c5442ae27224e55ad2f55f10e5f1ef4f934582798c2,27020650000,2849222377
027e89abcad1afde4bed5ffbbea530f197639ce0d5069dd753d0efd1a0ea373fd3,2711508500,562749083
028bda4d8c0d34a0d777b8488d68d44ee1f2ed5006d8305a8650841af04ff01c17,33241869000,2994563700
029a06f84c9bfddcf4dca173a4d1a540e6ce7f75cc7d1dde9fd5a70d80c504da07,16777215000,1196292992
03c314a0a39d15e03af9b9067e212de854bcd5a2c8fc39cc995be94f8fa5130a7f,12971502000,776752539
02c697320fcc9be8734ddfacb79fd32229eb7210cf4cd37343a362939164ec791a,1200000000,35033462
02882bc46f092fe07692831e0ebe4ed2dea9db2df4c94f16b2f30f8b8b94f4537b,1864998000,126059625
0362facb6076bda38c7e596b37ad7ce548ad8b3d6e3d3f5f7400ca1d524c9bcb43,1350000000,124954429
02d399036ffdc7cc4975959e9927b7f5edc042b25037f754c8f04947bf91696b99,3100000000,390954599
0365890fd861996e6949cc6797e352278bd71fa6165219fad1d7c6e3290e2ae5ac,8300000000,991532620
02c342de43991faaf9c49657c24a03ec98846833ae67eb09727ed77a55d86053a8,25157242000,3461422667
020aefa5d22a328bb0963cb62a35885460980e81d16defe7363675e3e83b6da85f,760600000,38119557
0202b5d54467d075893d46b6205067bbab2bcbc632513cd15661ad803d2dcb4ce3,14144381000,1307038630
021569ba49396884ddd2d59027c0f9426e876b44075faec456d971cc97407046ef,8113021250,889974237
037e8c5e62455e57f661e7f6ab7cde1dd09f9173790ad08da0e877ed1b9e4f2a4d,8178888750,775309322
030bc592341c5f989656b791bd5bba37cd88aed5399e5892e68df359f85420c0e4,1391250000,190821743
027644670967840bb660912f434d825b790aab597862b92050b90fb35f92518494,10000000000,87535533
039efc6c2506592d6b4ccb4793414b0b470b65fe35ca647b304b3561b5277820b6,3753632000,290819005
02f001115fbdbef1066a9ce03a73bf14e86eb715783c8f475f40cce76cbc8508a2,4831193000,770465365
0360bc4341bc996835a120ccd258ae8f4901872096845e3cf5941ce35217d0c989,700000000,48913876
0280dc4e1db79344b5cf511be9e1ad1ef563e13406be9a3985b46c6f30b677bbc0,2000000000,48260328
037f148586f39090ec70f4a01069173d3bc3d37f22de05575282675e10ee8804ec,2000000000,53751433
0286a857844b11bc306d3dc32d82d5390b466d611b6455f18dd96e6fc18b2e765e,4000000000,105336865
02be63834f828abfcfb4b547e9b8a48bb4caefe497b2e0c46eb8dfd8a85e168efe,12345029000,1624713046
026cfb76c987d1ab3d7a7fab4e740fef370aec64bddc5036c39fa2e63629d93adf,25615000000,2866814107
025bda434ff1a69b84e9dcc18442bc4eaea22f9d92cef3542d4406ccfdbbcace30,7238657000,774497980
024289e1c12337c4f02f0cbb2992ce96335a92e5648a87dc5b49598ec910ce5cbc,210000000,3664249
032627a7f2657499941af6f19305f6d56026c056973c77319465263b3bdf9081be,2400000000,260361903
03233854ff6f4e0444823ff91d3a541b82ff9a0905f9e5563de8c773a790f15e4e,1650000000,163148745
039cba55635b36d2925cbb8ef8f5f96152602ee73cbe678ed84533eae6a2977692,2743540000,16805826
036fce9813dff2c09d3a9681466037cd7ced0cc68eb75ce8b8c63e6d8d93017183,1000000000,46025245
03f193945b11697bd8b9e4c5d8a62f5106482cb681b12ee61612d31247aaa2b9bb,22100000000,3062273014
0300fa3e1b7f3a057a84f787887d862478f36d06cd27cda7eae9378f2cd0e12cfe,5752194000,804355771
03d08cf983facf3ffe65422417fa7032781e6bfa021d5260d23fe88f143e14ce7f,16275625000,2261154648
02df939275d8c25693316172f2921fa9e5f1252bf9c3ab1b236421b6019b82951a,4894951000,766743652
02e624ada98431468dbab3fc78e7c38cf6f4b881fbdcf63098f887e9cba91d4b60,938571000,95641364
02779c5e4fb6a87d8d18e8b9fa2846d847af6da0501cb39993478203248e922642,29005776000,3952748501
03238abbe5aa196c75f62a098799471449c9ff6125acdc5564990b1db5709291e5,10900000000,531348623
02185312310994ba7e64d6cf94a8753b22e4a1980fbdd24e163483c92e7724e02f,14500000000,1733594867
02113e91f9d35ce3140a7a6ddaa61a5998c0cd917c12de06c897f9ad04470cd5c6,3174452000,391634311
02888244029c5909593038ab19f269947c720de3423e491791b46c7c92f76279b6,7289782250,865756116
02957896a4cdbec7618eb6eee478957f7f5acaaa03c7af5179810ddaf9afbb8327,78483334000,9523188487
02c2c252d0e3d8fb5d434216841b3179fda0a4c79445c49368fd5a3cb86af60783,2193207000,290579024
02bc27c31019b6f4cc71c8ca64a54afcb875f1ef4e83498e4ed9accc9a161cf45b,68500000000,7776832342
021c5e48d6d43bf5d790b3ad316d22dd401e498e127c5587f4d4b61b077ff27e79,1493122000,52493393
02e4466b19a28e68ac2db6c1f109e3de227efa066c557fa33e25c8f2938b89fd59,3000000000,405358063
036342a5df26bc0f6d2368e7deeac7eadb9bfe57dffaa491cded856bcfe71125c9,1754846000,188914881
03c7b849b67f8c5fdbc3bc2d140bf45924d7492a687ede91d3dd67570f50b62abe,8400000000,549081590
0372deded59814a3c7bb02531f0bd33c5a6a107e032281da7161bc94688c777a0b,27432691000,2557604239
020bc6581d7c4709f2e448b60dfa31843fd72382824389cfcdd685fe0bb61385b4,4387449000,122581723
03855951c106dda0971393b1cea28139a255a376fc3d11d0561fe1e2c741c85795,18714546000,1389678632
0330f0afe893e809d8790b26b40d9353f586ef0894d4ae704d06be24538c030457,16714992000,2725294958
02b37013202570d6c89bf18fc783ea832e0b9ca469f90bfbb906ea376e36e75b7c,472148000,76051068
028ee0f7dfc613d90f5c4c46609d4c5b8f048ddc4115b813f3a146c79c4dd448a1,3881026000,653416990
03c43bc4f842d85676bc69223ebb7d0b5a7a7230d66b1e8a81c4009714918e7e1d,3368413000,389691652
026a0ccc1e8f306827043774132988fa44cba04f7b68277be63229d52eca02256e,9020000000,1206083093
03493d85f9da3819f0de3e36f58a96077781a54e3d477b8a102a0da09cb1407a74,9000000000,330518408
023e4f5a9036efbad1f9470e7042d32fbd06c0b183df043af014143461aecd2d84,9000000000,243418197
033baf07cc3ddd9101f3959a09087d478d794501d75ce8bd376064628f1425a150,3303781000,412592781
02d13b9e4bdc10f49f38d98f40b9a30cd089276dda588613079b712987c42adf76,300000000,21581322
02edb69df4077d65c6e3c0ae3d061b15a1150a023193fc03cbcf7321c2f4ee1002,660332000,59389697
03f008c02ff13f11245c0f9537e018c19228750fef95351762e45babf030d0b2b3,2664925000,248174882
023882a1832583dd0b5fc572b68512def65d4ff3d885cc63a1af76b0efe9a7147e,49277215000,4100726819
023e1d002022f5aa90fe4ffb71c5ddc2dd20cd9aa4540e9e15290a2b52a78a9f4c,4959732000,632865902
027a67457cd71ce54b50f71b62b1ce312d1290efac6a3d89a9f5110046349b1d95,15000000000,839229270
03cf99d284674ea9d07235a6fd519ee25fca15247046318d94ad82ccacb7b856d8,992438000,118233631
02184b34d898e12d5ef413f7e13b60b11e9cd15dd35d09dbbd3920d69fe5b2cd91,4560994250,427291260
03a7157a92f803ab7e1638021fba666c3747abd6ac03c6f73fd10bdad43db7dfe3,8408142000,820125475
0231c11c2be2d3e68ec6e47471d9a0cc07f33ec9ae3bb85ea3cd4fe9a7d91ca34e,16777215000,1588078859
024c2c0191c6f99c5909c5c50ae5660be2b19380f905a3c223614519420fc7f7a7,16777215000,2986438398
02a842a02f1607a029fddddffa4ae9fb7200f45d767d7c53b2ff04bc9af61042c8,5000000000,357676735
027f1cba8c3b06bfa306907c30a86cf882117542a2730e72099990538c46a73b64,5710113000,663503307
03d2a44997a0fb6deee0a31c389d9d6bcb6f929f1dd0ba67201d195f2b3c76087c,38479985750,4177172444
032fb4f33e2819c828ec8d127e2fd46ed92abef782211324a7d010110133b58313,7000000000,1162729126
0394461e71ba844f38f941f2484cf42b6e6c142a8f85d4bddae6c53ec67eef23f7,24784062000,780506812
0356f3fdb37d19a43e2d9b46cd16fe9e7af031f214429d0ad8b6c9b47a02e3fafa,22600000000,2316619476
021b56ff970675aa576ba3be3c7fe1e8faf0df70a5a03fcbaffcaad17f3dd05711,3210000000,520013851
0266f77cf9bfd47bf52aabe347a1fc2f4ef7866109c69ed35d25e5e01bf1a5e521,5950000000,1569887122
02467fe55d23e8d56a9364dd5b2b3919043efcf76cd0cc6f20fc3f5208e30408f3,4656820000,482031435
0213351211aecfd9688a1b5205d0949857f9349e4128b9f7dd8adf3c699207e494,112000000,3302473
026627ae751d83a5421fbe0207beec0dab0ce29c7a645bbea5bd7ba6a36be7e923,8857857000,12952373
02d46ad7bba42a40b03101a3f0de08e693a8934d4b736242578dba35c4cae8eb36,1000000000,159745849
0279c1c9df1a7289c14e800c399ac3862c313ba801ba9322ca580828f595d13cf3,4820000000,442334347
02d89e8ee07a5baf15cd87b2b39105774d1802026cf06e065a4f94b4f489287cd6,1400000000,42867439
0385abecc9b747739d1798f51939916f819c6b36636d959b9368248cffe3db097a,268004000,28495153
02e01e64c4d57bc3277b3e873815bb6cab6dda939eb0bc54a7d03b9b843b85d2fb,3227823000,201708491
03305a714e271bb6cd931d7bb0277113a5052d2411d6789fd5e71dd0e5c3610832,470696500,79625162
0275bbb7b06f4dd413ad4480509698e1ee6ea8afbfb2b3bb6390b346c2688f86ad,500000000,16860133
03a290348379a936196de128aa9e0258572bd78f117764fa90b255c6375551ce12,3265000000,412043992
036557ea56b3b86f08be31bcd2557cae8021b0e3a9413f0c0e52625c6696972e57,7281750000,1020773735
02edf8140c98fe67726eaeba069aea6d5104aef9081c211228dc0df028bc49cdfa,9340000000,1692909375
026ab669fa9be9451322ea3517d2baaefbe940923fd1a9a5049013b8ee6341062a,542685000,54730930
028d0312d392b6d9b6cc5dc6b41e229a8e1b6d00b82d8b72bbe58d17548ee77f46,260000000,23062616
03f387483dee36baa472344810ce266aac88d9c1c906b8264b69a25f89fd515038,3625000000,296934909
026000adbf4c4397d2ec7ba2e7b08bec4a5785d26d18cafb170f0884dd84a9fafb,5240000000,592765932
0325ee6e037c9a62a927597e3687e90b671365618a4998f17af7265eead92251e8,2694875000,300790656
034f0854c5b3233af6f24dacc38bf01d137eb7b4cbf3e4d22233a94b83d420335e,8131935000,788499444
02db4f3d829aa70c256ef184769fb15b94022ee1ae242c443cbbedcc6d261f26af,9000000000,758086076
034e59dd95213f4469e0b5fe5f066563b14942ad979a85521b1e6967543105cea8,256666000,21268549
021e266605b517839d23fd7076aebf38dd5751e9730351b678684f58f13321c8c7,610000000,46452613
03c519c0f2ba26c6987b7741a62fca255ceea933a88b2b19e9c69da7689a533a01,260000000,20559627
03fc53c08beb73122998d50332c59c8be615fe13905fde478ab2cf6703e1771140,969000000,130898611
03f5b3dce85b7dc3d7e9e8a7faa32906971d5b5b10fb9d9aad69d36b4f8cd3fe9a,449578000,62742595
029a63c501139273b679f0d0f5feda9b7acfe096db975457414720367eab9de0ef,1290000000,100032353
036c71029834ef4bf454d2ed62066863a4d9a293bdd2341431824e81cb1d40a42a,360000000,35824567
023910caba9af44f65a275f6a49b4c642c8351f8e899099a0a13ff93f8e7b32645,3763683000,333824053
02d4ecd3cc314d355f31b01d4bb3ff29a5aea59183b82ff74d6eabcb117679d455,242300000,20723590
03b4ca43ac735e1e4741d25ff9600bd4068c002518c48b223168b13f9701e5663e,250000000,9686578
03d973769c40aee9eb6f0ea347c6e5d04d839e22dd2910ef4752bbbec78735faae,1946735000,83129806
02970c6b0e6e2ae1621211f55c2fc50668e9e30fca429a9642f05b15c1fd45fcc9,1450000000,202553931
035d3a4133421775f3dcb134b3be59306e0084dc7cf11cfde1ab128e2f8d544062,200000000,13370617
02065481e73d36f28454681072212f77db9362a9c08f57fa9d224d3f2b08e24b74,488741000,140520190
02ecac63334e0355b44010e66ea5d1acfa7d91c5704d2a1c081d5b40cfd67e493a,1348406000,25789237
02cd41700af9a18915911fc596d11243e77dbaa822cb0925fa0566a454cd51f625,200000000,27302308
0293d0547d2fb39c1e094560c90391150cc36859411b9e7d82c3839d882ebbb088,198468000,17502461
031a0b404f8fda3507aa338196e5f255f9ebe9c827d0e1647a4e7f2517e6068160,12320000000,1213387065
02d99214d7f2ef45f17de23dc791265c7af7e6615cb0538de46484a7d5af302e7b,3007635000,260527606
0377f6a8eb2c2677aeadb0501ba83b6aeed6450f0adbf8e4f351b199c48801ab81,150000000,23055087
03493cf9581953cfeac6f19558bd5ae593971b8c8752104ce8d7f78f348c98e862,350000000,52981124
026adcada0e305b5a8aa14a2567f5db9c7b37da2359a62453cde462b36392c65e2,200000000,32005671
030d60e08f418262cd2a9d65e2dff026760fcf2c8db5968dc56da004c11c94cf17,200000000,24091116
0347b33e82e93fb6516a6372e5b070716604c23617bf5b7489dce7d7f00e786562,9300000000,1302906469
02587953b4c0b58ec55db927934da07f53ffc97248f763505a10598cbe22d972b3,114352250,20029662
03086e43d54b3a901499b4fdd1d5740dad2197419058a1e604fd22b1203a7a4f9d,465750000,69618139
024094a59dc794181648a928e39a1fd2312ec02cf7e2b89c9505c04f4e416ee5af,172500000,35764563
021c3e24498cad0fe0b75300df6639eba41343905b6129651d7c693dd1c5db04ca,300000000,47563852
0255fe9a9271ee20cad55139b4f379c4ec1aa1457707076ed0d122257059476939,118750000,14565794
031276c47bb9e0601e9a7957bb03138d4e30920f697b7e917bc5f88342533d0b23,100000000,18896913
03f6f25bac07efea6c7fdbc5fcdc8a813ac6517987b4ab4a212eebd5e325b24fd7,100000000,13664021
02cc596b75792d51b6b14fa0b3bb78d7b8f0228e7d24c2c1f9f91af015fe97567f,100000000,11851761
02de9511923b20bae5823ed5113287ae6d272e5f587b46a57a04fec0c35c4354bc,100000000,7612406
03ce6b4ce111ec61cbb689f86841c8fcc2e934846ae9609a97a197981da70b4cfc,100000000,11160291
0301c230403cde0f8a82a470020305eb723d274c190938fa9829ec2c5c6c97a800,100000000,9280336
02559b5eeb254dad964335774c7bc37b513970c476a313494668d15607d72b4776,100000000,2503440
02f09d5aa68c223835defb15309d0b664ea202e3de6880c064a5afcef789b16077,100000000,12301943
0231aee28fad87798e7b702ec5184f900904446e5eace03030c4f61902f66cd42a,100000000,6374954
0244f8e3bd610d44ac0f60f6de1c555a9cfad8697394a27cc2a31fd0c0754a77da,100000000,13053722
03b4da98855d86b7cbe359694f93aef7b1416037d3bff8ea856a5439b33f9d7c7b,100000000,7581154
03dfa9ee544d2485cf4ce5d449b983ce9b79b6602ea89a1fd771bb89864f476d00,100000000,13115984
0334003333b59174ab881e8e479fbec2439b443b9d8927ec1549b5fb0e312afc1b,100000000,16372556
03cb05100616209768d3cbef43ceba65fdda724582d6c8a053625a484d2386e85b,100000000,658303
03ebdca33c36eb8bd9ee5f669b05dd070c632d03075857e07e53faf0ea67d254fd,100000000,7501869
0334c1e16dee3a271a98cd0b726d15e2a4b027a9306c11def7565445c5b1ee80e4,100000000,17827700
03992eacb7e7db333db000f1b47e2366ab1e97ecfaeb10a6b9e75207a4228c8336,100000000,18752683
039a6e8686e82a414913f28ffe399e3bc3a9bb06d72ac7e39ca76f71e24cd62044,100000000,19108062
03bc8b84397309d1d98077f857525285fbcef5f623a8f7b6611dffb97edf06a8f6,100000000,15776246
026ce2304dd63c0fe766f1f846a7b83e86ef69b3f930a42baaa112e6671fd49bb3,100000000,1281208
021eb27fbfa9b8ead142e81d4cac54d773c194aa91e74b5145966e7a1ce9bdb775,100000000,8296006
02a6012cdbebfce8a9b961f3bfc8087c6de158a7b664b8f8fd7fc325c1cad02396,27349500000,3073738229
02f84438a6ff2b9fa022d9e5364f461c31ee4f6a7c95fca531233adbb5eaffb01a,9000000000,901989421
028873425462e0addf3ad8a2f3ae72ef23b4ea4165d9739134b3ff1a86a0a8eb00,7750000000,596746988
0326386e472a453848096ee452f894a8095a13b1576989a239cc663ecc9b328740,24169490000,2162609264
0371f1fe63d8b53b24164174a500679b2c987de35d4b44a1d76170bfc509e50351,20850000000,2021823990
02491fdffd8ea6b8fe1faf28d73d69ea583a1ed8645f51c990f76fa36d8c6bdffc,10210000000,1500576103
02677d38c54c409fb22c5f8c398f85c2edcea4baf06cefffdf0c2b7a519285d91f,1450000000,235013791
03db61876a9a50e5724048170aeb14f0096e503def38dc149d2a4ca71efd95a059,19086385000,2595955355
036ad733269b31ddb39a039dac61f138757dd816ebb12fab66d42ef5d4ac4c21f7,1350000000,168686437
0292048debdddee1a382febee7b0f83de853b7f82f0dd52c69c9bca417073cab6a,5650000000,482028162
03dd660faf201a9f4462c94b2e366251d7627a7685494cec25ecb3791a88dfb0df,1770000000,180836911
02bbd00679e000d59174cbaa6908993b25370ce91bed4fcac993ea2e88cfdc4535,2150804000,190179561
03187687660605760788858c9da931f61b47eadaf391ce5e174bdb37f8e9e32a6f,10114595000,1725018123
02a5d937fd2328e1a48fd56769ab6ea810fa9c67bfac233f0ac864494b5442d483,16615776000,2101290503
0272734b15fe7b2871e632476971341fc335029eb67f31ccad02b8d49c93f8ac3b,6364830000,864546614
0370cf2693c16b5dc1632ae69e4751a0a88fa8f5705d53cb4c9cf805e5ef57aa45,30672359500,3240430539
02f5c3900821c8245d7a8991a39188060da0f65e6133a9ceb0415e09ed572255e1,4425000000,728551005
030ca78c529408bd58344a22fb0e8b60890892abda16016bb1fe9878375a6a8a69,11450000000,1414586212
037cb423007e021c2086821b962b9a4578cd49eae7f4e256fa793f730c68aac3b1,29771000000,3770248098
027606958ae1ef70c2fe55c49e65085002fb8cfc55b831c9246dc4cf747f930dec,7025000000,849607580
0280247f88e7519c1839cc4a04f0db58b7455b4ebb40236fba9da11a8c9076f0a4,13729120000,426257221
030b252eb8bb0f5e79af393d26dd5204f3c525af8b84043c4f5fcd7c9482c15a23,7225000000,815876055
03273bab3085b1368b21314b8f36024a9efbbead2a7d6aa2927791b9bad7c699ee,17934104000,3059907830
024d6ba76014592ca51210a6cccead5824fa889f5e2e36992fed51a0df7b41e1c4,1108153000,187380229
03ed8be2bedaa22240bf99a284eb5cbf451a6891c93a5eca7e9cd6934b68fec55b,36822777750,4573725416
03fc0e5a228a9eac54cb7f68923943a86e59abc58450924b8711b050dce3acd2ce,17388959000,945974469
03ff10a636136566584ee76c07d48eb4e92dda86c66363264f3146e537318f1b50,6290421000,744610436
02c64b713174b8050cf596e5f6015de1c671418c74552d2904e94db4d75d002cdb,25861395000,2312599443
02ed0de9116532c0ac0457730d6be0146f31f236e17c12d09dc975b88b4890b05c,18824125000,2326274749
02d642122b89ad29dbc9d09cc2669e4fa4d6c0d15d436a80e40e703a1e6fba0710,33000000000,3620195728
037dcf01ac2a95df1a1af7c8c4d53a099644becbcd492798024f787ac0f95f415c,2306870000,18431540
024b76273d6d77063cc379d5827f51eb7fb35552d43c9862068b412bef6c35fc80,4350000000,289692385
02f399fdb543a510c7e3716728910d8f924d353c34d595a8bccdaee2814ed4a96c,1200000000,198293828
029d373d9aa16511db9d3c769f29f5f912b594cfb8eef2cd8573a4268bf343b42a,600000000,83050198
029deaf9d2fba868fe0a124050f0a13e021519a12f41bea34f391fe7533fb3166d,72709604000,8581646315
034502648ec5f4c673830e33984e72a03185f9df6758977fc3c67fade393d400e5,33950880000,3988623448
028885b436466ebc35c1e47e78c375ea9be807314759bd7bfcb1f42ca5d5489b82,3289622000,247481033
03ff5db0aec1a8e359f196cb0c8678e75be2b6b20057e51cbe7873f723a8ee6f32,15055000000,1243597011
0357706e9a6866e5d73838b6ad2c2027ab9cd799583ffc37f43e2bc3250e840e78,6968295000,354580657
0320b597d4fb90acc0c3ca8a76b5f2334d71fd27f7452c26f6ef6b404076f609ea,17168366000,2848875048
0214d3cf7140506ed6c0b459892f5734272fa0b19e0ffc7e99ef120d40eca675fb,15410131000,1838741635
02441a7167038db734674bb5bd8f1de30c1351021b59a79776cc3f640ce8c6f720,1051725250,73152176
02f64e3940fce09dd99d3fdb5898002f547b8be17d1bc9fa73f14ac3af74572fb3,5000000000,432960849
0283c8e76952e4391a298ef991250406906b8877088b285f032b60867ebe27dad9,118330498000,12180699193
02dbd0003ee6a9b810ca99912b468ce15ca85cc4949ff2a2d1b2b347d50a89ef31,8450000000,1016038435
0268560adb040fd378916b559224e607e5e11d58e32e61a28fd9ce2e4f0e16d4aa,6323113000,855083000
02588bb45bbfa7496510115c97e743302c28de881cf135a7253edac6de0d57924c,16817109000,928284830
02dc2b170534d1cd9eaf6e75ef44a06ce1450d6c71492748de633956ee51836877,111098988000,12638120341
02a0fcb848911be3eee8baed92c0dfd226c056494095bddd0a95a857aad51fec79,16778512000,1376207660
039d174d43793b1254f56eb9bff9253236857da5c5e5b0ebaffabe677c5087fcf7,18808541000,1688897448
03894b1dee1a2682abe06483b526fe43014e53470fb7cbe0817eebaff0b7b98187,16718016000,1067359897
0218c0c7455899d13627a4bc64b1681f33ee262e86282158b31eccdf8251596e87,22822041000,1891194816
03a46be38d068c2bc5af3fc13da840790ed5643f3d6d27e5e34d67ed2aec16ce67,34069778000,3460725741
0298a082e533a2251aa42602ab35a6ebaf603b6d8d1be7f0ce06991061c9098491,39516467500,4528625309
02283e063b3121177fe8ed0c88806fe05b38cf5e192ff8c89e3bdc9b4df05dde21,13232630000,1844826628
02b39e7040cd9233e1cf86823ea321c1c799534c622c9e8b563a689409962657c7,261337000,30202337
03ed38f41e24d447268f28e058768a69860d42edddacbe386b199d8cc23c04c5db,3700000000,521884540
033d61589aac2d743e3a5e3fead6a752d63dcf15342dc326f28ce0440a91cbbf73,4818537000,167729244
02bbb5e3b531da1d490c3696f32efc20e80cc6cc156327923364051daf61513beb,3996001000,278285905
028d2d81d3f03b345c154ab8c2ec84c43f263835c5f2f9b5aa50a4342e8f1098a9,18677215000,988606132
0337d0c749f89d24e75427e1fec4ce2ed4f7d5a38c2196bc69825aa9e439696ec4,4675000000,696679421
03a963e362ce2e44647b24511babe87dcdba0c0ea7b303037a667c7f1e23528206,4320000000,507117568
031b301307574bbe9b9ac7b79cbe1700e31e544513eae0b5d7497483083f99e581,22910003000,2944256031
02473eb084d0410351e343547c68dac1961d1c8e18d0da3c1e4888d113d8f8eab8,3875000000,665740261
03712b37559d74a7c8ca025faefff88e6056df062d3667ab73e17114dce6f907a9,12000000000,1474221691
027fb5a31546c43e28c637483808de01bde7afc8f9016c6a994a818fa2b396e551,4240371000,568245383
025ecf01539958ffb3b912df349b762732afa2e9f010996175930e484c10979e9d,5902110000,258457568
02538bfef94d290d8fe0834f543ff735a7cae11c29b82b977391b9d530de4bdb07,1349996000,137053311
0271a94ac13f480aa58ea83889674df22d31f6ee29b851bcbbcc405faa72428c6e,4799998000,683113108
0258354cf18cfd7e8887ee59a50916a83c129485fb10a44912046cfdba67426c0d,6668904000,680202962
03cf2dcd8da891aa3b0c8f5754f9299dbf615a2451034e3063074aa677d286b488,50100000000,4299736230
0208b5c70e635cde43dcc8e619d0fcb0273224aa6caa45bde28e8eafe720ec9f2f,7416742500,778229033
0357ea880fa153a5359487915b69da4419fd81d3f33469bbdd029544f576f10bd6,14134133500,1292059912
0202093bd61f0ea02ad6c6a297d54e89a69bf303a42f6838f3d2c7a2bda2637ae0,5040000000,353491186
03eb7d6ac77723c3bf2579dd2ea30fa9ce46b69466b6002e5f1c3b506756c929e9,6759113000,920125961
02e7cda15016259bdd4cb50dd49a55d6766f30443e2ed9ed909f47e2f666303e65,15356752000,1465217171
0278b03174171c2d2c817035a6996fae51bee28a9c6f394c2dede7c622763640b5,2825000000,333657496
02bcc802fa6bda919a69250c25b6dfa2f02aa46503ed09e023bed6688b392216c4,1500000000,148664193
03d640bbfcdca70b622d8b51a4a18289747732a744adbed72d7f48d07bfd2b5047,3392500000,478611822
0307305c269a1ced7a5374ac21c420ca71056e9be54a60ea7679ceff10d4ac55f3,19297149000,1128303999
02f3a5940c817cad49571bed049eb0d1712ff6e2df7853baba58c0348da5fa709c,2500000000,142004850
020f4d83e5361cd18233a91f873deac4d59a30b530f2092263182375b3665151e5,1000000000,159064508
021ac9563b0380da34a83bbec739c9970a8114d3cda733b73cba7f0efb76a78990,20000000000,350855407
03fab7f8655169ea77d9691d4bd359e97782cb6177a6f76383994ed9c262af97a5,13290545750,1861340984
02acae80ee43b7b5392b8404d24d63e70efe5029607b4bc593cbea097832e62729,4800000000,394264599
030fe1e426098d3f9423f18ce6aeda899672985e8ffdb13d84e85e16eb48a53c74,17941719500,3099806072
03c84a3e0946dd6bcdb01fd141cee1c214f8fe451ce084ce539592d2e6b6f03313,28665341000,3105155354
023412a2105da50df5bf6f43f7c83dac46a3b50eeb02c5461d97cff64970ad256f,8000000000,134078636
02390e151d1c92a6629b9c2a6b31f9c882bb09198cbb4d3b650e007e79aa4a7d2a,10000000000,431336201
025949f2ff3159fd74352e05c37b8b397fb2145ed2ab93ea4e44f281614f12c5b8,16777215000,1567598913
03d503efef7152890b2674e8f781c708d43d9feee60ca651208d3dd3e317357f17,36050000000,4170297182
0280e345b97263177017bb3e75731f33d9477fe64b50aa403adfd14f4fe66591aa,3020000000,527051980
0369b0083bfa9d6f1dbb103e51c3ab4229036aba77250572616f5d47a10e01aef4,18567215000,576280159
038131de2c370252371ae9c12ffbbe0ed49458b190b914f271fbcea4b56add25f8,4918055000,598814969
03e5a5eede5a208cc6b1ef8b05f1e3bc525e6251a7b03dfd268ea0c67b2c0ae985,23534448000,2100558711
036b343eb46c5db996d3d1e2c6cc9742cbfa7e3b4146d4b4b0aef694b6d12960c8,16151492000,2733169400
0376dd4ed455b0b2cef2bef3ec69e48805d48ff2f1724217d95ce8cd465cd83c00,3330000000,496203548
02068e86daa2b7c61b954a40651f1c5ee454e47165e81e1f6ceb2aa3c181f2c6f5,803000000,100539660
037671ea0c2126a06f128fbd398c77436a2ade8ba1b840846b4dba746da439bee1,3034925000,54469500
038f41f4a910c82a960ac9c8e5cc9daf729550bfb0b6a13d86edc2f79bff2e89ef,9853511000,1135827504
0224c73634656d7d39cf42352f7d937dd1e9ae466adafb218266fa0d0cda86c4b1,5146337000,973219460
034587f95c725832ed08a7e979aab148e06827e3cd1c2348b3afa335c72d4ba137,12544854000,2067171370
023258e35f20e222c01b147b88ff0b834836f4b919c3faea03f9a504606e8a12f9,13749999000,1202905380
022dbe10ea5562b0ba04b1eb2509cc40a64607432e7a7e9e04bfa08b6cfbec8b19,800000000,9690974
037ba466e8b48d6c70755552851d38c6e28c1f2030ce03e2592465af838f397cfc,82630000000,8239832746
03310e62007ec27cccaaf2337461691d3293d8758761278577c238b61ed84a916f,9925000000,1450617718
0349980076d13d37fe22101c0e377543af8b18faba233f02730e1a1b610ae056f1,6022500000,537452443
03a5e7eeb095d167c01447fef34043fa11e9e4030252f6077326b5cdb6c82e2386,18870000000,1224119576
039c62653c8da4bbed4bac8d87c8163871a7c5290e89dc41659f016d0b2956d378,15421006000,1966067221
02da8d5a759ee9e4438da617cfdb61c87f723fb76c4b6371b877d0347abe953a4f,16496193000,1206297899
02ef2f50f27e11f8f65ec8c3928a805c8bd6e0d7e6bb8bc8d5371f5be87967db64,1941455000,113302578
036a71e0621eda54a2f9a45c32e45517bb084c3c617c47d322236489107538c8ca,18186523000,2392208770
02e19a46649683b43ae66450e6b1d48516f943514e561569f5a8ecd8d7099a6588,4709425000,592676793
035bfc9299763898e0e5910846313856435a2a236e7b449a09279a341344c3b77a,4651241000,466348829
03cedf4dcc61635cc49c4ce955076c2a8cf17337720418f313104a12d6fdc5c014,10222522000,976710193
02e826b3167d51b945d8b5cfdb4c780d337186fa8cca871e413ac2730fd7d67df5,3125000000,447516680
03ec0c1e45b709d708cd376a6f2daf19ac27be229647780d592e27d7fb7efb207a,2934596000,92033687
0310af2bd39a53953262ee81e19384f4b0af780aad3d079594254eb61318823456,9580000000,1185922015
029f96fe33e4c3db0a7dc4039fb9e2a792bb99ef62589c9932bce2a59a06b650d7,44642708750,6029732307
03a33aa1b27dd9401bb7e0b50a02d7e700ddb5141c5c3595cc88a29e3737f8df0d,685000000,113906473
02fbb8ef186c1f670db57f74c3a1771a134d22f476e8f5988b2f5cce9fdc42cef7,23300000000,2532352022
036325ec82562ef8cf1bbebfd3ab8aeb7012470090791a4ef316c459ef19d461be,700000000,97357271
0394879d35037b72f19ca075f8ceb1363b3a04a7466ade9af56d83d26301a3a824,19000000000,2366158202
0211f04705877c61346f8b78c9b3372b30dd44a132e53de2bb4b0765becfcb3c78,36153404000,3938910247
03f02d965aea25de84613ad2be36573d2bd8c6d6dd47d9a516d233098c281d3ae7,18249925000,2428090037
02f580d953b2627261dd755f1b6796f5d858a775e5fcba508c07f0fc72a9f406b9,26063843000,2774661640
02bff75d2b5eb1863d247652f9acb2361471d8f0df0ccc97c4d2f77bc3b3710cc2,2119000000,83523862
0390865bad1f34c81eecec49ce11ba1503301155083d1da7e8d638c16327daf39b,3469220000,435495010
036ac04a69f2ab587fd83c4f2aca255a81f138276fbca344ac3ecfae28d733be56,10987072000,934607493
039f497cd4d0822fcea89a56e4cb840ecec85ab6a099eafab65ca6ad9fcb31f29d,6003781000,544617583
0362392af58001e0bca79df0ed479fddc2a467284ef07e445c30af9e02115f375a,4250000000,46549603
029e1f9ef725520a281ad9341f49d24f012ad8b37d7748f987f151a7227292ca46,5800000000,959585860
036ad5b3559d36d965139c1529568a919987075bfa63aeb95639d3812a2a22c2fb,2000000000,333486087
028708d25990f7cfe51064ade862fdd970f1f3c14cbdd811eff0921e779df640e1,4000000000,96013654
03632a84f5fe8dca57565270437dbc89feccf24cf0897047f9ddeb403efa8ee4d9,17239009000,1253412121
02c603d30ea3711144d4ee44bc928c411248b6bdf3f3c32af2ddfd2fd06692ff3c,38256250000,3878846775
02e708bcd8685044fec60699809f5e1d5523833e2c1aec3cf96dd1dedf0ba0db78,12085757000,1398987426
02dde1de894345d7167db18ff92266fa7302ae018fbea3b12948b3a50cf253f6db,4500000000,596102568
02f6b4fe1c39ca488c6e227a709bd50e4c771b2be8c6e9f968fc0a66b712d7c720,1000000000,110856968
02fec35bae4b79671e81c29ebc326f97b36e01e711bd92734c9d5cb3c6060541aa,7000000000,834154856
03f1824df1ca6d7255c9fb8c56f8cf72efddc3b54f0e7119411d41cbdeb7c5c001,62497103000,3999735829
02dcf16fe2f5cf6a9d09dfff979b1ec31ed7f7b0b8f8909e0a1423d1bc8515bd5c,9026000000,288756752
035cfac4907b368fee370ea6604dd5dbe7e1fa12feadf7f31e0ae3e657b4dc22c7,3679036000,119723840
02047d60de9a1073adf351b79ba6f20f5891ee9c587941e01be934fcfc505823e5,26308791000,2648892330
03aa3de3ce61b3de01421b436d23228d3b7b88487fcb4cb4633134662269b4ed3d,3550000000,266620773
03d86d455566e87e491b4ee5b8fe98af9abce54f9c68a56ebaee320915dff8c554,22812885000,2379206715
02720f5ba9555c63a485e92669f845db47a4c524e7e432647b4779e6c9924f6faf,3045639000,332987280
03886b18969fd197358b66b6ab9bac2d5e32bb4e5157925bc0292acb3893a47237,43946590000,5930979998
02a46a787e5b4c6e21150fd5a34d76dacc34098fcfc23bd3756bd3a5f76dda7ea4,17777136750,2292928172
02362eb8e582a890c7febe9293e3f085094ecdb66d29f9a9ee0447f12214f299e0,3758649000,569375689
03e5e065e30bd5ffbc3d66ca3160668bc7e2c45e836778fb7c4954bd36c65b0476,2330874000,213481920
0207ed785cc49953a2230a25e0fa1a1b78fa84b0878ab5725421f32695f3377d57,13136749000,1415207758
02bba62e8ef663e3da7bea8ac5013e41dab0a64553ad27c321d212d6c7d30397ee,18270393000,1935361057
033770d153cd885b9e80cdabda2d2f8be50ec4a560b460c526dafc160c1803bef0,27637634000,3338595486
02b26ce489d7f4472af0fa35641b8743a0ddabe7e098689af19a0db38d4d9a639a,1776899000,226959683
03fdb36bc468f71ab5bf4e418d0bdc9aacc3aa74903348b7b22ed4cdd5a00fa14e,2174907000,27060278
021b6a273d174738eb808237ae3680a0d8b2ba088ad19449e35082b2642f756fdf,3591043000,320733228
02ea4970155f209fe511dfa104329c35da86eeb7e7887190615353c495b55ba9ce,3336946000,383098862
035b2dea6407851d2e7389b77a65afb9e7eeaa5f829cc9efd08ca870caca6774d8,13000000000,1593314430
0264c1c5c416b481f4dfdc9b2fbfc7b56008461399fd3ee009dd677fd4d11a551f,3063458000,246229248
0398866fca94f17d9054d586ac88a24faf1450296f80a382b08416337d8c6260fe,26579094000,3023608359
03be5ca17ed1ca519539a38dec81968c2ed18155751a6ae97966da19a70a4be77a,6775000000,853081250
02718cdbaa04542acd05bea2bf66b9d9f0cd92e9068fa56c3dbf8445e35ef58024,1262666000,98577016
0381c655bc4d068708c46fa33c2468ada38fa7d9d197964e9da78deb557df8a47a,3000000000,293982126
02685c475832f8e7bb394a5d8d2434777e45f9aa7dcf646fb57ffd928fe8444fc4,1116438000,39239704
03c27ed489972776ec9d9325d3ca69825bb7083c023dab0df606e73a31cace7d0f,9559000000,1203647256
03991281a7037b79fe8cff194a2a6a54d5ff3f04b8fb539d34aad974317b2d26b5,1337175250,109672278
02e13d6506e7669251dc5bce3b0675b60b2beb706380058f3a57871f15c274c68c,9738260000,1257625538
02b289f93133eea9b2268ea62f2f0acdc8465aa0fdaa59f4120a961440dfec6d2f,3880000000,323556505
0287232e843f7606188fa55aa3584db5890b9a348363fcd3dffef8cccb00ce0cda,2000000000,290949323
039f19262ef4878b9befb78e8a425a8f2bfe33ec2b4aa0c656376090e4fa7416ed,30653750000,4124832214
03fd55ca68591e3f0ae8b54ff5938257f344aae82576ce087ae8fb03f2270d5f8d,2816650000,261334664
03fa11149d584265f1356870f2a674f4b04fff5d2c39991c35dbea3b76af614f66,1500000000,178890477
02d14f6c58b33c197ef0a51655a08df19bc91b2dcbe80dae2c22979af235cc5b3b,15825705000,1733152159
0348fad65d5e3e73029c908a2e6e5307d0ec76a182639e1dc0b38d03497ff9d8ef,889143000,83319743
0278a5a561d701aea32ea426cc2599006839cc30efe5d0f2c04bc1d406fd9b0a40,954000000,111202045
0340fff912783cb5c154c5179ab1b2d04f147e97704eabc50644ff3e9d0b35596a,1000000000,102834343
024e0221739b74b98008fab339cb72bc8880f5f274d7baea577676b73c2893407b,5517000000,721309547
03e85d5094ccc408e56b6504e9680a1e255a0c505e132a52b01b16c5984eb90f37,500000000,83289212
020b3fcaca400d03dfbc1f92b9ce081fc84d367c3b9c3c85695670ea52ebab6798,500000000,3094042
028a0d26610957db716d38bdf41355342d6cbf12f40ee18ee3a02ad4ee1fff8496,500000000,4337269
034bb1efcbf5a3a8043355439b4f5662dc9399d6449d9a03a9054e1c76571c7749,500000000,20495371
032f41f003337b63748944485b23e5c09a92194bcf6ed2bd2b019d77f4667f395a,1550000000,162177880
0278a49b82ba8a7b8dd14f7c48aed16fb2fdd0c3447c24ae791fcaf5509ff3f90f,16777215000,2855720050
039c94d2490473cc54490cb1985b2e819764610a753c27790785d07b5272c5c7cc,27652500000,3683308571
0203f4be24bc19b59bbf68edaa3ef5a6859ca4b28cb562f8bdda8809ef8ef614a0,27850100000,2132722763
033f09f5ae51c101debed97a7a7317fc5e91a2041bf9ee17079856c2d4005872e1,19650000000,2371987426
03e162695d25dcb71c93a6a8e80cd4e2de26e46863ab4dbd08b00d3854c211d8f4,1350000000,179781602
0261f441fb85da47131b92af83d3df8f99fae8889011f3a1e9ea0fd7cae23bc3a8,5109000000,522535186
0307ef8e1747449151ae8717650c11227dec6b888920bba6b1a9487e9646d10c61,9250005000,1160588053
03db011a6ec901fd9002e403e69340516bddcbe2b5f31ea4e24a1bdd0ea9061502,10500000000,1924791707
033f142bfa5185797a8251cfbe47d64c525b922610b2856c6bbcdd5b812505a17b,9696421000,887103979
0360723bc55793524552966842a37ef7e9543dd0335a82b6a8cfb5b3bf32b7aa0c,4999213000,294135693
02e92e3d827dce6581c207012caa0e554531971282e5517d477ce3fded30f8306e,720000000,94122122
03c4bb19c3a388d790968328b0f0d187a1a28597d3ad082200a47baadfdb6aee8d,9000000000,241779734
03377f891367579d0cdfc2833bc323a1d01514eea40d48cce86d31e398223e0cb3,3576888000,360215832
02c7a8238cae91fce06991ccfbb8bacc45656db9b3602a5af45daffb640bc9e803,1516147000,188682789
02e90367a37c996da086632a58768962d1661fa0b2fcc94820b6a6109b4a0a9070,15200000000,1351713384
023f5476d1b4e7a9aa73f09a416475cc38b340a4cbf7412b3d4587e2da4ce23ce5,800000000,62835881
03f6237a9c19d6f90712d2284f12abc332a4fcd0b3ed1301da4f4ac0d7f1c8dd37,7000500000,661421348
03b6a0e7cb7b2829384fc3ac95eeb3f19c71334d9ab32381572bf03b9313c66db7,3039667000,460509947
03961c8b69c7e8e52a49d3f563d9b6160a2a235a19c8bc7eebde35fb3ae6fa0c32,2451525000,186886225
03545c51d746aa26b502d1c0c41ebac5036c71a7033511f3808c79211ae11b956a,3971542000,329657687
0244d74bb48a614efa4264426db51c6bbd00aaf98b44ca9a82bd3a61948366400b,24000000000,3098862171
0256c133d4bc7c0ad9f104855a568718ebf200a0cb35576cf670ab8dcd3999292a,8129915000,945184458
02f2275acfbe05eae4275bc46d50e0c0ea898f3f9bbbf63af06a12a93d1cf50046,17177215000,3324471716
02ccff7a85e5a1662423595b12b0181b1b62cf0b911450c37cde520f08b6b7ece9,18877215000,3367747488
025217e794def082bc85b87c60d29855bac5148f0c58f3530271a5e5e9eaf4149a,2000000000,380364597
0359f474711f649fed3bb5fd24ec1c3f53594568e8f6ea52fb26f9f108561a6e16,2300000000,289108904
03081d882816e639e71e959b42401866e4061f6b0e74758607fe508ccc1f72352f,890000000,54216189
0361d676a54dee4a1bee70b2628922147bb9cda830c529132d665f4ab944602046,17381603000,1506029011
027a5e89e480916ec13d3252b7b548e3fca4c096c80c8a22d7c432a2d062af1587,13143308000,478673920
03ff9aadf15811c76011cfb53754b9443a1de523ed41bbd1b6d5784a7f47657a93,27375450000,2595078331
032387a25cb2a9ed600ab0394fb4d4d6ca42ce78486b86516b845a79cc5ba5f576,16025000000,1893637772
02b9ec4248c2f76c4c7232d954d99befd21c2f2eb5a2cdc23c06d8b6825a824fc8,15000000000,1013573825
03f7fdb300f9a2c51da9cc2f18365a49daf968d30e52310a8f1f0bef02936b3dc3,5353393000,642144374
02faf301ef43b865639a4176fb05a67483c10cc9e1b1a20cac052595e3c343e869,2693262000,408891430
02b19c4088fff675747e06cc7a565948a530a7acb3cb7c307b710735bc81d7322a,4947621250,756278771
021e4e7eee17e51e98dc868cad6482cb07e94c5ff04105a5d4e6e3e001e3b32ec5,45650000000,4437981337
02349aa765b37ce40197e0009206373044e58ebabf5792e51d1b8da9fce1a7b230,14850000000,1810260841
02e1d21eb00b828b9e0b7935e160cb0935b1b0149e1958502f0a952c3801a1154a,73806452000,6964857654
027ecdd3c509f7db2d8ade67381bb2e8ed88ccbfab8805d24076c4a0fd131f71ff,38820626000,4730529894
0353d449135b82fe7dba7b78d384fe306c6ddfa6c528111d52f54703a41e9e598d,10100000000,1672542833
03856e9c5e8e5bda999bffd527b4024648aa67cf547cf24b5f5b2372fe5a7471ab,13303028000,1192276627
032a49f43af1fc902a6ef5450c73b1a84623db70833da84f017ea114474d25789d,4307500000,522806249
03430c911cce1ac1e6340853fe66fc3121afe9d627ae735582223fcb9656c312b3,1690000000,172437563
03550e5eee90903fd49b7e525c06d0f014cac9ce28c40671cdf1bad5766855d222,4440193000,449984893
02a381890be4604846090419ff3e7a6d53c2bd690862fd2df646bb9cdde5f25b92,43586000000,4308721557
03edfffc404ff6adf4d8bf20b1332f60a0d91c60b19afc1471ff1e4819835cc89b,9050000000,1206343689
02a88e20e8e498ad3bb1199ddd3800c0469999fd62f7a40cb75b2a03e6375b39d9,10000000000,846031049
02a6433829c2d279a69dfa60da52df59a5e62846cb970ca67012d1c0b245342a00,10000000000,281221393
0305867c45466beed224d10e3dfe72d141267be3e78a7561fb73044c75d6cf04d1,10788769000,962175544
03b5dfe47a188a28342ed59b59a3f81cd2c06975053d69e7413a4e14b569a66555,5000000000,3033809
039910f47ec6ec9a20e2acc25d4736858dcc3f7af1f6fedd2bdc85a3d82e761806,450000000,8455947
038d771332975b3ab405404b9f048afae029e1970a4ee43f5e08a12a6ee502740b,450000000,59861778
03d5f7f42b0122bf42a51b24d1be40e4d06195ab380a15930139884df74555fada,4465225000,554484499
038d8ad0e91f31388608435fe9268177db539802b9f3e325df023e2cbffd9a1cf4,10542715000,1211996204
033e9be98bbb6700bc24403733d99de4cfc1f6c25a41fa486bca454a1d8d044c2c,1000000000,22438361
037e075484c62a58bdc7f7d1abcc8539b6d2b8892b7e221e320ab2d12df1d13b6b,3491332000,444061666
02445567c03b3e2feb0deadff5bf1df5f308c0ae539c0d742dfbc63860c69e1c05,2413289000,195273216
03255e78098f6bf266fbd9a72a6c2777e8d006f5cd3767212f34182d285e47faac,3500000000,259271218
0364e8c300b4052baf18b1db5d03f3b8a831794aec94174b93b7acfd1e79fa2cd0,1992927000,130037977
038b9c4b9a0d6f1381ac0e44f6f83da059d0c9db1faf7395961e54d254e3571f11,50051000000,5159044335
024b9a1fa8e006f1e3937f65f66c408e6da8e1ca728ea43222a7381df1cc449605,43479766500,5192513224
02140f76e287ca46b6eb72d6dc9104d048f50eda2fb89eacd9772ba67849b8a8ad,990000000,190365880
03c03486cdcf2b26b6b107dd01b49ec8b5a75335bd01c74d57fdf004adfd7a5a86,3450000000,394250588
028618337de3ac7887a5c87d3b611773401f0d365771b1d3069d4d2b6423b12202,3050000000,111251438
0235b43d6667dcfb27a35992e0fcccb7dd52d59106902f55df349c709bacd6dc4a,34825000000,4010870386
037c8300266de1db6426d88bb4dfbb7f03e719aa9cc0cab686814720d98ec95af2,3991337000,54546350
021f7430cce1b1ec01675bd575c0785ee2150d1d3167588b7e52a8050d2df2d28e,10568722000,1227429964
024b3df2efccb4f29f2267177ad980facb0bcf19e569918cb7a81f0eb95fbba853,7989192000,720864620
02fdd165f1e8eeed659ab42b3590dbb64c6bccee45d05772c662d59194311a1c58,5438807000,393181835
03a32e441847b8143baeda8fce595dbab13660f56e163b9cc1c261fcc7f2970003,3884652000,411004452
0312ed163a00100b48c804b17295f63f54927b6056294aa71f1665a66fe77438c6,800000000,80755756
0313778f4718c3d9ec71e53eaad52556abd2a1f30e840c576b2b7415c9582161a8,3278461000,221617066
0307eafebbf6583eaf3dce69181018185b193414901c029e98062455e328c76bf3,53484203000,6569964702
026828550410bbaced4283f7b8aaeee43abad6bb7e985ca3d48a1467e53446a0fc,2599966000,267786865
0221f14ff23efbc942cca3b5d6b559357729ca6deeceb27f2524f6da75049e0152,433972000,58861656
0387b383d3396cfce96504deef7a6caf7dd8507eea64d1d9080e5d150e5c35036c,62984247000,6646007853
035c709aae4bcb860ebf07da75e6454172ce27b0dc2131c7263479696e2f1fe6bd,26966609000,4204734351
025ec7a850c5cd7c3b0e11c27b0de1dcb206418dc723c338e661b65d2350af9abe,2100000000,319692511
0322017f93c674fd31d3f12a10fc8e9c1344edb2eb78cbb9527b5dde9526f49074,2668753000,268382659
027981a52b0fda74a0d24b9c2b49acb1cf9cf279abd5fe80751d4dfe069babbace,36884909000,3232969688
029f7a2ebbd703fda75580dfc84ce5f3ca4be50c89b8257285bdc7e33fe990a4f6,24068262000,2826408826
025d780b5d74120847aefe384e2b4a733667743d621a9eadabe661f76ca5d23d7f,6762944250,704474206
02191e9267d1149f734636a2dd04e45d44ddbf1c7f45872171383f53deb8666067,31550000000,3770256089
03a8d7a71b22447a4b47ea944d28120b107300bef7dc7fd0fc2cc53585551ef1db,12106255000,973163280
033d5ce236af07354d3e33d9b0cf5720bcde020938e2617c3395ddb8f49f5da985,20000000000,2361662822
0279213a94ab9a2077377a4851c740da4b32fd8786d9d070b0454fc15a71e14afe,4746403000,582100019
03c48b2879dba2a53750f3d7d5e8d2acc793229df1b044e3e433eacb1023d3bc3f,54023470000,6089446916
021a23f6698383454e51f0ad66e20410d61ec1771028531eca867569368b6f1032,11750000000,1148608610
0261b7e1eccd10ad4a6164f40c9ee406aed8cca82c61f17e56cc069f4f3ad49410,10662500000,1521757830
03fd4212e6cb4f35b002041c4c1ed9ffeebab1715efd78ae2c1b4e754b645ef743,12737000000,1335325712
02f848590f7750ab90078c7d7bb1ffb035740015ade6162027b01ce81790bd32ab,1200000000,114010238
0304bc96ff8a636ac6c66c1d5b1ccba486ec43aa48b8437a9c42727ad67460233f,16300000000,1262913052
0363d5195290eca26eeca25a93f85fcecdb332fe831f397ec6655f7150425d4089,50604157000,6220457952
03c51ef4129d9c46fc2f617df8aa4fb4fdbb0f3c82d9c1f1db63e6c18b29c8c090,14500000000,1675116794
02a4bb57102fcba2bcf37c078644955719bcf42f647e83dd4c4115036bfe4f2429,3288734000,258615715
03a1ff8e39a61b305170feb7f3b8159af3c51051b14599b40f5ad3a53849b16f24,15012955000,635032939
02968717f9c0d5ee223b2d0d250c7a54be4602b27d0994f098b8ef76bc85d497ce,51345330000,5644985515
0260b0ec1426c329e21777215012b316d785fa59b57e115d2bc6f792d235db6c59,12526582000,1198223490
03da5c2a6d142ca40cac6aac1f2507abc40f9f46ac5fe3f49033606150f2a6368c,55400000000,5728384799
0330e0a4e314681b739cae329cf93d5f56469b256b46f834f599eafceb8b081be5,7000000000,1231499951
0326c93a05d99722c5b7eb4c1ab8ab0cfb9947cad069286d1e2944c7e9e16ffa49,1950000000,247109512
02540da48be9149f7a1dbc0df2852331759e9084e3f02e7ceac0bbfba9a18cfb68,1991000000,188419936
0330c4004c6b9940f37f6885e8d476f7a92b53197a0bb7f2f760ba2f4088283666,22237540000,1480391440
0384cdc2ba2a68b7cee03e3c6f0c222bd68cf23fb0f297d54787df26423b49977b,1450000000,223591650
03845c762d0fd91bcd8e446958ea5c3ad92ceb7b5a7e7f05373c82a15e431c6680,2158744000,280120870
02b56f014e3262a41db8e0513f3e9305a75633115d331374aa75d4701e56c85665,3166837000,453130353
025e3f4291f6755f9831c87942f2c2bb6c26c6afa946d7a14bdd1fae0b6812bafb,1217464000,128622802
039653b1a6678e0d5ebf1e366bbf27b4e323cdca0606257207df301f30b514aa76,1050000000,130167770
037f4a1a54a43e2de05f4da03bc5702f15d887b1222697e48cc4b432385231751b,6000000000,695383912
0209bbe163eed4317a06077c8e410985398b93748728c0ab5c1a34cabc74084c83,3025159000,243925243
03a232adf8e8f9bbd90a9f145b10f24c53c0c67d8f891dfcde6ae9f2828b34ed25,6141927000,545657977
020c9b1df80eb7c4f8e5a2b577604d52f1cb646db9acaa6958529820dc41860dea,28250000000,2194931209
021be5d8205556d8aad034cc69852de54ec10f133a628dbb80ba04b3765fefd5f2,12948583000,1128776180
02ee7359cfa9cc16de56860ce4d421e0d0efc5fce40b331af6147286f2b5040066,1393432000,260860294
023700a32dd428c2ed63ed4eec85c362297e74d127f5ae3ae274c3f3b924312be6,10000000000,722258707
03c6483f5b2d0bc00884ac08b0ddb40d239de338a1f74746bc949403d5e90ad571,10327960000,882524992
035d7b001d70d71d7f4f08bcacaf43cc20a000b76316242576ebd06829b554c5c9,1038764000,181295817
02e7d62870509b6dcf3980509d1d0d59c56509508c47a88dfa3d6f01dd5e312639,5557671000,599029923
035d36335bcac6a31ea1ad84ef6784f47aaa3c2d3bb33e5670a16db7c0dc7e582e,7787500000,710930021
0284ddcf436995a506e4d5508b2e2afa04dbc563b2c7d529191ad26ffd2ec0e141,780017000,104345489
03d869c1476b97cce30ea7afec8fff0cc36075516b1ff0f711005750fbc83b9f1d,7106055000,820319021
02603672d5481411bc6c79693adb828d874677e9fb1383bae70baaa618e0984e76,2000000000,274481376
02f66c3cd5f712d77f7298133c82e494eea138e8ffe2eff43dbd1c8c31c7efe234,930000000,49078931
035bb5f50300af264ac7126a04004633bee2c0f08694bcad934e7c45a51ec4c7cf,1050000000,85593098
02f17f27035214997e89867e90b46990cbf20ad236daa2e67a80c7d572f7317a04,1175000000,150913777
02da144507ef75070d4960c0141785e82b8267fcfdb9a29bfd490b787ddd084d0b,400000000,65367252
02e17f2272b446cd68818d7858eed2d01edf61d358e6a90168a17acb5c53033821,400000000,4526630
024b442277ff4c29a5570de4948ca873be8cb9f0860a4364081c43157da8a2fea9,14000000000,1441392711
02c65b3982834573d0a1bdeb313489ad95fa3c13e8d3ac5e16871a6dc03aa40d30,33543762000,3451124406
023827c1b49803a4e52be9be16d368ef52909f7e44ff228166198cf7e198302951,17966420000,2607466376
03b28d30913afc2050524f6bafcef28965f91f7b1c1e7b686f5c08225cca4c3513,1725347000,111900264
02ee43689f811c10d311435ca87ac58fdb32362766ec694a55b8418afcf89f8315,3064100750,292924854
03ca0d8ffa217f86a5787b9a9d1310998b6b8c4ec60d3cd1c785fe96c42dfd7fdd,9173259000,1558173895
02faf65337d78f40dbc4c89354bb02d967ee1fa9efd4da6c0549f8a4c86e38e230,29020000000,2514539213
02e8786be912e66852603a33a9e489f46c4ab2113cf97bd600c60964302564ad56,7500000000,783580809
02e09dc039cb5a7ef42e202a3c71ba612d8aec5c283eec882f54079541659b6e30,7385000000,795125989
028b7043ba005d2a880c45dff60e07c1e0f1dc97a1e98660a1ed5a3a32f75a3b48,19925879250,2528696963
03237baac401f9a97dd55de27e575fedd3ad5b45c3a72e7b06362e5fe85e200503,1000000000,101397945
03f14237bb08f0afcb1ea07eff6b0b41e79294e66888971cccf1f585f5e21bf8f9,9165000000,1117495732
02e235ad8ac73c99ff19627d0a50ca3af88f090bb381ce00017114216840c55ede,3000000000,484824874
034ad5172b6ca5e681fd15f96a66ced51632e43595a6fb9bc32b70a856930929fa,3000000000,579365887
026cbcf5dfca9724c9433a0d4d3cde94da5fc3189d78c2b4d445684eb0d4568cfa,11807832750,1716814305
03d3f7d43cae4d3190c76536c03c1f0e53c439b9b73f5cf0a4aaddb43eecbe9be1,7695681000,670910556
026f69988a3a674cc5f3b4271118d0aa54fd38c3a2015f8e521e02a928e23ad6e0,3524401000,218259593
02bdccb7aa41a36a74e4526c503060cba329e6890027e1b0734a98850d7663f0fb,3300000000,402320905
03a79bafaa49c42d07495a7367d670307df082f5ac8059082b2e6d18852f006015,6100000000,1063601638
02e5c78dc70a74f05e4de7bd96dddcd6377cf2c195c0a7065186d02c214c0b3738,6223399000,447003520
02bba24c34e9f0f4c3efc8f0d935b9be4d6cea5c1478df05f8d9af8ac51518f840,31186499000,2430479430
03e56901f2a89cdbbefd82851c9a31e87273c1e90270b9d1ca86a8713bf2612ac2,1511015000,216641053
02c6ea58ee3b73bf61d9079e5a09f3ea964bab074f42a4e7c9c5a46953661187c9,10305591000,985364001
02e8f62e6f76ba5b73a30be879c6b6c69453e4369e23203d5eeac3b8008d541d13,6500000000,669310595
02ab38160e8f24f9cce8d851a091ec927748e78507adc7f7ee01664728a981a597,11132842000,1349562018
03739774326bbee91e7c136b392a723b481c5fd373dcdcc642ba4380ec5f178881,2010159000,209825689
02b835b9f2cb01d8b67b20b9fff60f8f4ef2c2aec74994fe3c522519619abbed5a,9900000000,1372965902
02e5067afb7be9470214acc10d7b3ebc39e84cd7de57d86cc3598514fa6d821229,24370685000,1181472119
031de60d9f2aa1356f43a3452197d48a0987ae57b1ab8bc08c196d1348050c3090,3388600250,557571474
03f07507554bf63b57ab703e61f9c508c5a8052ed3d2e15975bcd5853dd44636bd,2764448000,45835632
022e8d1c2c8a13704013dc150e15f2b8ce6e65cfa9282583d02696edbbf2bb6bf5,5437500000,687280518
038158a2671c342368457cba6313e9ea18d5d0931a7e294b8a05b4445bfb45fecf,2200000000,207002002
0397e8b721cdf77c267d30859f106a40d113ef3a468cd6ae77f8b8c44969be5750,1650103000,68298143
02af698876290b05f5596530de48b474dae07cbfb1ec36f5d9505f4db49eb57f5e,17550000000,1829701660
020b89502397dede9af0a453e438f611209a91db26d7b5f6de26a43de5ffe6af20,10987665000,1748969767
0259156aceaa943d8831fcc5252e3fbc80022256c56d39d430a27d7b59aa56c6b7,2469067000,84777384
02c6c540845d9c29d0f40200372f0c68712e16d62e742859fe9994ba8cd3e3f8c6,6550000000,356525850
0330091ada0384955a06d0053626f271632467571e5d21599d4ff14bdf556b469e,8000000000,1242141453
02a75b8d1840eeb56230103d3550c0842dd7ec89e5c38b2830261ba367d79ff7b3,3408234000,296096393
036ff8f2a910f531295d695211a0600ee6d527ea58359f81ceadf44b658c7c476e,5325731000,277839679
0303547405221093e4e0bd981e8b3a72729306761a04ceac81c971652d3ffcd251,7000000000,692578166
031e03d3a7caf461e8eecd43c8bee518f1ff79ae0ef2ef05b6c0f0f524708bfa72,959090000,91294255
0297b4effb87c59b344937be343ac113dd93a6dc4abfd3437cbc2492dc412d48e7,59047144000,7754445775
02516662e275efa87453497973c1c6e8e19a5d49bd9c7e05d38d5a0df2c347ed0a,8000000000,827608336
0364b672df6939e97f63b25c97c12ac59a77a7d1b14383c6a479e1da1e6d29f4c4,40552071000,4889646382
03b50e9c8973aa0104e4cbb3365b9dc81713159a6229f4d41875fd9b3246a92217,5000000000,785372144
038f21b5a9c31bed96a8283cd38d0b03426e40973e8c0f9c901c737aa3d397f20d,1350000000,121725281
031bd35ffdf9efe9488eec8ae606f6aa5efdc22c2090f7e2b66d8c8e41189a877d,1000000000,93214936
02997ab4ec93d45bdbf9cd6571e79e1eae9f06d05a0fc7be3177adf279c9f9d305,2570268000,287478652
02affeb88d46fd887b08570f9aa40d562e7aa3bbaabb74a16aaea1350e0aab6921,12201283000,1603668694
03356dced69f28a33275981a57d7580fcf7e78470928c752b6fc60ff9339bb2b47,900000000,80624834
037c20dd6ad41f288b448d532093217eaab756aeefc9d30f526886fe0c4eac7a72,925000000,69429740
020cabb16e80b37c44e9897fc2d0acb868556f04b7a879c1cb60fea4123aef8f8e,800000000,78250141
031ec84234e6abe4930fabaf04c92776fadc8fa0b6cd9b48dfab280f1366d461aa,4814167000,368474486
0270a663473fe7773041e04fd096a1cf4d99aed496499524c215d727f2ef88a57d,9079402000,1125873011
03518e3891db562e973bd50b77af25184ec8eef17a02f02a2cee16f06635c9e9fd,24000223000,4495758644
028c2519859b21ce569e86493acd80b1f6e5bf40780cd294c1fc554809ea0ba9fa,3174997000,386752338
03d9dc40189fbf5e91f23ae99cb6b46a94e3273aee4adc1ecb6edf3e4aafb1fed4,4400000000,670960803
031858f9b8118cb968412aebe9971b9b16a1b90e8bf5bbcfc5046926567f1dfd3f,11975000000,1647992814
032e6dcca0d168d678dc66f7ac464828a7f6566fbfb5f60f5f5d4890efe4fe4989,650000000,36877942
03ff1c8be58b43f25d20b1771b3352b307f57187db6e78288ff1ef323919a2b729,35840000000,3957488157
02f5c0e4b158bb396653de6ff037c005c51cf6d0d6e6dda2c6c25a380c88e4ef08,23029999000,2639001927
03d58c17afed1b5fa7cc6013a34b56f7a462035f9cf991d68453642bd1f971cfae,8705137000,936554407
03099d666aa70ab5452cf9ec5c24707f87e363236500d41094d409af16f48f02c0,10259158000,341824092
02c0549536c5e14f778dadf4da5511783f90c854d12696c0529df8b27680ad8079,2274043000,295429128
03c533bfb3ba44a606a0666b060420f5ce452e12ebe2e068e3cfbb4a23aab40b41,3717423750,444614912
02f4737bc20d3c6658ea3ca38089776033658e52c33e5420b7cd0c3ef39928235d,30500000000,3175388116
03bb713b31cfd1c5db024bcd45ed65827124f24f4bb4057708cadb2749df97e804,10250000000,638784247
02e4cff955ae84e3575861abc2c63ce87505ed8e8eeb86ceb2f8ad05b07a7b9234,2098878000,303616884
033cb3f6433a172713cf91fa2fe17f948ac81a44350279fe4c55069fee3d86a153,31024961500,2531891866
02973f42736d94d645597ab29b2bbeef0dc8d36d6d160e89a5bd6702f02a12d878,3650000000,478144950
02e1475734b30dc4c79b4bd1fdfac3c680b8d24a6c4d28b9f9789a79e58f7ba42e,8388448000,1331835684
036bc853cb9bc0a3964456ad3bfbfbbfa64e9867cf701de1e35f6e809449f566e1,22090000000,2417627797
0271043fc3327ad21c0d15bba04930c55a920b20536f7e9eec3bc9592f8c235f22,1900000000,234331991
026c673b9aa622f3c7991565b5c7df52e730bdc03ffba20ad0b684015f30f994f5,5025000000,242106893
030d9822066701a885917253d37970d7be2b81f6e151c0a501f0a6667d84fdafec,5000000000,772681639
0218b05d241e6f9217d3c0ec4473572b43a36bf41284b2494c02d4d13ab8b40f31,5000000000,658033305
029c72bf2683037db20fa7dde235fdabaddeba7f694658b2bb4de3c0948e9d8411,5000000000,98035466
021a722ec69f501b4c4e5a59fe9c9f7ef6f0a3b6f902fa78cf33581cf3a23fc19e,5000000000,939815978
027f2b5984719dab84ab7cdf920d675e23b37fc8b024b03fd82ff17bd736478cd6,5000000000,51928133
03cee94d0459398855d35ebacca3fdf7d40cb0614aaeb8863002f262a8867759bd,5000000000,659601587
03d40a4ade94703907f83e0b74fc07633db6d0842fad6aae6c4acef3bfb09d5fa4,9150262500,1627666516
02f9620e8cf7650c4bed9488d284be972ebd494dcedf658cfa4a54500524633079,450000000,50111318
02e73d3f1525b03a115fac37b453a6b05421f4b6cf8cd852681a837c36fd138858,9250000000,1086079534
0393e68cd28a6fc67f5e4a657b23e9323993e88539e6956a2eda1a6f5c3bd3b026,725000000,102441596
02e9c026c52114fadef06bd4676fa10595355edb099a5ff94b6e8f72e4ecfe11fa,3003781000,59078565
03f7c0a030997d8d1b495b12a8a9cbc103ecf61175976a503458897cde6cc1d045,15000000000,1217973015
034c440c7bbce1cb8ab2c3295a420df0ffbc13fda7e412eb233399261ad6e81720,7022080000,927210711
033a53b7a9099b4f4ef2c8887604cdcf65e90ea492ff894d23db660b148d4a954e,1431013000,173701839
038994c370debab4db86a186f9ef23cf558057bd4a63d2077489e88c246404f9a2,10225000000,1203832252
03ede9f3021cedc7fb416f2e8bcd61634b32729ff4979aae305e022d2b5941fce9,7300000000,1034403948
020e97e3b9a3f8206b18e02d372c9314e1483caa4f6905f5aca8fee3e83039a445,2200000000,262259134
03f50e8b4f70fedd0e705d221a59e696a201fc75dc9c9b4160c72c3ecb98c77674,500000000,41978991
0227a258aaf332fc268e4e65773251e7fcf40290e1480344d303a26391e108ebe9,2154618000,271747312
0239c809cce5473e1ac7deccd3707a0570de046cf2f3cbfa8d6927f47102139a56,3793972000,317158222
02e98c3260f006f277a93bfc777343601a8920dbff6687f7f86c6f4d497f3e2e29,3827642000,337716587
02628216298ff6fd6d68832fac7a235a9cbf16d6b8b2aa6fea9d16286fd8fb8972,835000000,110833504
02c1a3a786174ea0e5d61cfa17abb1ebe9c382ac400953ecd8764fbb4eaf052df9,342685000,10911577
03ae30c3e67b9a6372f25cdff8b39473b5812b285151984063f2690747652a372b,1164931250,75067673
032154b2cb4d775459f918b838149b17907dd4d8c6457ab32f55e17fa06785bfb0,3450000000,508718692
0250d8a1a57e603437f553606d74b605bb818deef11bdf76085e37a146f3ecbf08,14330000000,1841049230
03744b089cedf2153d0714e517437113edc04a876239a3b0dca881763937ccfb25,13499996000,1788400741
02a3eca02576113316cd37f78c9ab9c0aaf6cb4afae83f28ddf9f01d3baa1af6e9,3000000000,243749605
033188a9c24dc077b2a9ba7f4f57ea56b6d5e2d39693686a9e30670d6406b6b021,5220000000,733204229
03d6a7f920209299a280d02fd3ccbefa190261fe4dc76f8268ed6a0060b0f65a6b,2150000000,293717369
0216fcf031519e0924e5e4b64a731b207cccb85b13caebffd0f664a32a39bcd368,23489493000,1630207419
02c9a9b214b30b9931be1063fd458296b1e9e5ad1c7851e5f71d999e14d956a20b,5267750000,463010564
03d5a8b99bdb355ecf0ec34fe299a4c062b70f152d44154a556d24266a28b1d308,10272395000,1113262317
0224b693025530ae2b0897f7b26509fc3f03c8301dd0fc7682cad2a2b7e2b98815,5894331000,710046129
03d13f18d3e47c95c8e13ea7d5a37f7a2ed89d2140afa00e7e0ffb37bf75735adf,5353876000,507993479
02079d98e734003cb2be5b76255eaa5b7890b7489da7076c061f40bf99dd674feb,950000000,123282284
0313ae1cf6a61b4cb1990ec5754dd94f0b98221edae0a324508d62967cbb9e571a,10000000000,1505545861
02458c322518069b0a8c7490853289ed2c6a8aa838b78f1367808e99b8c9705c9e,1299742000,208499950
034d84ab5c890d0d0010e1855b31fa664314cedb3b495b823c0e9a82fd0e5198fd,840000000,87465933
0286bac66b3d1e0a6160b2d51ab513c9f807f7ec41995528294782bc814b15f858,1866964000,137543146
022fe18b687c6ad723bcc7a038b66fc996f5a1ae9112bf1896f5324573a2b1a559,25930000000,2366029301
030dc89ab1ddad80948f5e4380a2b3aa50d48286a0666c98c376accae7ea5969b6,1350000000,164669815
0323f3ec28b90b910657d9b164b7fd117223bad35c1179fee2211b22e9c1e0dc4d,2750000000,550116873
